name	age	height	weight	foot	injury tolerance	position_prefered_team	positions	fifa_team	contract_valid_until	nationality	attack	defence	balance	stamina	speed	acceleration	response	agility	dribble accuracy	dribble speed	short pass accuracy	short pass speed	long pass accuracy	long pass speed	shot accuracy	shot power	shot technique	free kick accuracy	swerve	heading	jump	technique	aggression	mentality	gk skills	team work
Rome Jayden Owusu-Oduro	20	188	82	R	B	GK	["GK"]	AZ Alkmaar	2028	Netherlands	31	74	76	71	62	62	76	63	58	55	61	64	62	64	30	69	43	61	49	55	70	65	46	62	73	61
Wouter Goes	20	188	73	R	B	CBT	["CBT"]	AZ Alkmaar	2028	Netherlands	52	76	74	73	66	74	76	74	68	60	73	68	65	57	61	68	61	61	62	74	77	71	57	78	50	78
Rolando Maximiliano "Bruno" Martins Indi	32	185	76	L	B	CBT	["CBT"]	AZ Alkmaar	2025	Netherlands	56	76	85	71	66	66	76	62	67	60	74	69	70	64	61	68	61	61	62	76	74	70	61	73	50	76
Alexandre Manuel Penetra Correia	23	186	79	R	B	CBT	["CBT","SB"]	AZ Alkmaar	2028	Portugal	66	75	77	79	73	70	78	64	65	67	70	67	65	62	61	68	60	61	62	76	81	68	76	76	50	65
Peer Koopmeiners	24	186	78	R	B	DM	["DM","CM"]	AZ Alkmaar	2028	Netherlands	66	70	78	83	74	70	76	70	71	70	77	71	73	67	61	68	62	72	72	68	76	73	76	79	50	72
Ruben van Bommel	20	185	83	R	B	WF	["WF","SM"]	AZ Alkmaar	2027	Netherlands	72	33	75	71	87	87	73	84	77	82	72	71	70	71	77	72	70	61	71	61	66	76	73	65	50	67
Jordy Clasie	33	170	68	R	B	DM	["DM","CM"]	AZ Alkmaar	2025	Netherlands	75	77	79	77	67	66	82	71	79	72	85	83	83	79	65	81	76	75	79	62	66	81	80	78	50	78
Troy Daniel Parrott	22	185	72	R	B	CF	["CF"]	AZ Alkmaar	2029	Republic of Ireland	76	51	72	77	81	80	76	80	76	79	71	71	66	68	75	74	70	66	68	71	79	75	76	74	50	73
Sven Mijnans	24	190	70	L	B	CM	["CM","AM","WF","SM"]	AZ Alkmaar	2028	Netherlands	78	66	71	93	66	78	76	78	80	71	80	78	76	76	78	77	72	61	72	70	70	80	76	82	50	76
Ibrahim Sadiq	24	168	68	R	B	WF	["WF","SM"]	AZ Alkmaar	2028	Ghana	76	41	83	81	87	92	75	92	77	82	71	70	65	69	75	71	69	61	67	61	76	76	75	76	50	71
Hobie Verhulst	31	193	92	L	B	GK	["GK"]	AZ Alkmaar	2025	Netherlands	31	72	78	71	62	62	73	62	58	55	61	66	64	66	34	74	43	61	49	55	70	65	48	62	72	57
Sem Westerveld	22	191	73	R	B	GK	["GK"]	AZ Alkmaar	2026	Spain	31	71	76	71	62	62	72	61	58	55	61	63	62	63	31	67	43	61	49	55	68	65	41	55	71	57
Kristijan Belić Кристијан Белић	23	178	71	R	B	DM	["DM","CM"]	AZ Alkmaar	2028	Serbia	66	74	74	83	66	78	76	76	73	67	76	74	73	71	61	72	68	61	72	73	79	73	75	82	50	73
Seiya Maikuma 毎熊 晟矢	27	178	68	R	B	SB	["SB"]	AZ Alkmaar	2028	Japan	72	69	71	83	76	80	74	81	74	74	75	72	73	73	67	71	68	61	67	63	74	76	74	76	50	70
Jayden Osei Addai	19	175	73	L	B	WF	["WF","SM"]	AZ Alkmaar	2028	Netherlands	66	39	73	71	85	91	65	87	74	80	68	66	68	68	72	68	65	61	67	61	68	73	65	63	50	65
David Møller Wolfe	22	185	78	L	B	SB	["SB"]	AZ Alkmaar	2028	Norway	68	67	76	83	81	79	72	75	74	76	71	67	69	66	63	68	63	61	62	67	79	76	72	78	50	67
Ernest Poku	20	173	63	R	B	WF	["WF","SM"]	AZ Alkmaar	2026	Netherlands	67	37	75	71	93	94	70	90	76	85	67	71	63	71	65	79	67	61	70	61	74	75	70	67	50	64
Maxim Dekker	20	191	78	L	B	CBT	["CBT"]	AZ Alkmaar	2026	Netherlands	57	73	78	73	68	68	71	65	65	65	71	67	65	57	61	68	58	61	62	74	78	65	61	73	50	69
Mayckel Lahdo	22	170	76	R	B	WF	["WF","SM"]	AZ Alkmaar	2027	Sweden	71	35	73	71	79	86	69	87	77	78	69	70	67	69	75	73	66	61	74	61	66	77	69	65	50	66
Lewis Schouten	20	191	78	R	B	DM	["DM","CM","CBT"]	AZ Alkmaar	2027	Netherlands	63	64	74	71	76	70	69	64	70	70	73	68	65	58	61	68	62	63	62	67	73	73	66	68	50	67
Kees Smit	19	180	66	R	B	CM	["CM","AM"]	AZ Alkmaar	2028	Netherlands	71	63	72	73	75	72	72	72	74	74	73	69	68	63	64	68	64	61	62	63	68	75	72	69	50	70
Zico Buurmeester	22	183	63	R	B	CM	["CM","DM"]	AZ Alkmaar	2026	Netherlands	69	64	73	81	66	72	73	74	73	66	76	74	73	71	68	74	65	61	62	63	69	75	73	77	50	71
Lequincio Zeefuik	20	198	78	R	B	CF	["CF","AM","SS"]	AZ Alkmaar	2029	Netherlands	68	33	83	73	85	81	68	77	71	77	63	68	58	64	70	75	61	61	62	68	92	70	68	71	50	67
Denso Kasius	22	185	73	R	B	SB	["SB"]	AZ Alkmaar	2027	Netherlands	70	63	69	76	82	79	68	80	72	76	73	70	71	70	61	68	63	61	68	63	66	73	68	75	50	71
Daniël Virginio Deen	21	188	72	R	B	GK	["GK"]	AZ Alkmaar	2025	Netherlands	31	68	72	71	62	62	66	59	58	55	61	62	60	62	32	66	43	61	49	55	65	65	41	54	69	56
Dave Kwakman	20	183	78	R	B	CM	["CM","DM","CBT"]	AZ Alkmaar	2028	Netherlands	68	62	70	71	80	79	70	77	73	76	74	70	66	62	61	68	64	61	62	63	72	73	70	69	50	67
Mees De Wit	26	180	78	L	B	SB	["SB"]	AZ Alkmaar	2027	Netherlands	73	63	77	81	78	79	71	70	76	77	73	69	73	67	61	68	67	63	72	67	79	75	71	75	50	71
Mexx Meerdink	21	183	68	L	B	CF	["CF"]	AZ Alkmaar	2027	Netherlands	74	36	75	71	66	66	71	62	71	65	70	73	58	60	75	78	68	63	62	73	76	73	71	71	50	70
Ro-Zangelo Daal	20	173	73	R	B	WF	["WF","SM"]	AZ Alkmaar	2028	Netherlands	66	36	70	71	85	85	63	82	72	78	66	64	61	62	65	68	62	61	62	61	66	71	62	63	50	64
Jeroen Zoet	34	188	87	R	B	GK	["GK"]	AZ Alkmaar	2027	Netherlands	31	76	79	71	62	62	76	68	58	55	61	67	65	67	34	78	43	61	49	55	74	65	47	63	77	67
Elijah Dijkstra	18	172	67	R	B	SB	["SB"]	AZ Alkmaar	2029	Netherlands	62	58	69	71	87	84	64	83	69	76	65	64	63	64	61	68	61	61	62	61	66	70	64	68	50	64
Jorn Berkhout	22	181	66	R	B	CBT	["CBT"]	AZ Alkmaar	2026	Netherlands	49	71	70	71	79	75	71	78	65	70	65	64	58	52	61	68	58	61	62	69	69	65	52	66	50	64
Enoch Mayele Kiemba Mastoras	18	173	63	R	B	DM	["DM","CBT","SB"]	AZ Alkmaar	2026	Netherlands	64	66	74	71	76	77	71	76	70	71	71	68	67	60	61	68	62	61	66	68	75	71	71	72	50	70
Devyne Fabian Jairo Rensch	22	179	73	R	B	SB	["SB","CBT"]	Ajax	2025	Netherlands	79	74	70	78	79	79	78	78	77	76	79	72	72	67	68	68	64	61	62	74	78	78	78	78	50	76
Anton Gaaei	22	183	73	R	B	SB	["SB"]	Ajax	2028	Denmark	69	62	68	86	86	85	68	81	72	79	67	65	66	66	61	68	62	61	62	61	71	72	67	79	50	70
Jorrel Hato	18	182	76	L	B	SB	["SB","CBT"]	Ajax	2028	Netherlands	71	75	76	78	90	87	81	83	77	82	81	73	74	65	61	68	64	61	64	73	89	79	79	77	50	72
Owen Colin Wijndal	25	176	65	L	B	SB	["SB"]	Ajax	2027	Netherlands	74	69	76	78	80	85	77	82	75	77	77	73	75	72	61	70	67	61	75	66	72	76	77	79	50	75
Jordan Brian Henderson	34	187	80	R	B	DM	["DM","CM"]	Ajax	2026	England	83	77	79	85	70	68	85	69	83	75	85	82	86	82	77	80	78	79	83	73	77	84	85	85	50	83
Kenneth Ina Dorothea Taylor	22	182	73	L	B	CM	["CM","AM"]	Ajax	2027	Netherlands	77	67	74	81	70	87	78	83	80	74	82	80	80	78	74	78	74	76	79	67	74	81	78	79	50	78
Brian Ebenezer Adjei Brobbey	22	180	78	R	B	CF	["CF"]	Ajax	2027	Netherlands	84	36	94	71	90	85	82	77	78	82	77	79	61	64	82	82	75	61	62	76	93	81	82	72	50	75
Chuba Amechi Akpom	29	183	81	R	B	CF	["CF","AM","SS"]	Ajax	2028	England	82	36	81	76	80	80	81	79	76	77	75	77	62	70	81	81	74	61	62	79	89	77	81	74	50	74
Mika Marcel Godts	19	176	70	R	B	WF	["WF","SM"]	Ajax	2029	Belgium	74	43	78	76	78	83	73	83	81	80	76	74	71	71	69	73	68	64	69	61	69	80	73	67	50	70
Jay Gorter	24	190	83	R	B	GK	["GK"]	Ajax	2026	Netherlands	31	77	77	71	62	62	80	65	58	55	61	65	63	65	37	72	43	61	49	55	74	65	49	66	74	66
Ahmetcan Kaplan	22	189	75	L	B	CBT	["CBT"]	Ajax	2027	Türkiye	52	77	79	71	70	68	76	64	67	66	76	71	67	49	61	68	62	61	62	74	79	73	56	71	50	74
Youri Baas	21	182	71	L	B	CBT	["CBT","SB"]	Ajax	2026	Netherlands	68	72	69	82	78	71	79	72	75	76	77	71	71	64	61	68	63	61	62	73	81	75	76	75	50	67
Sivert Heggheim Mannsverk	22	185	77	R	B	DM	["DM","CM"]	Ajax	2028	Norway	71	67	77	85	66	73	72	74	74	68	76	72	70	67	65	69	64	64	69	67	75	74	72	80	50	72
Davy Klaassen	31	179	70	R	B	CM	["CM","AM"]	Ajax	2025	Netherlands	84	73	78	84	66	71	82	71	80	66	81	81	77	77	83	82	81	64	68	80	82	83	82	83	50	82
Julian Dean Rijkhoff	19	183	72	R	B	CF	["CF"]	Ajax	2027	Netherlands	72	32	72	71	74	76	70	79	76	74	71	68	58	55	75	68	70	61	68	64	68	77	70	63	50	67
Bertrand Isidore Traoré	29	181	73	L	B	WF	["WF","SM"]	Ajax	2026	Burkina Faso	77	47	70	71	80	79	75	83	85	82	79	77	75	76	78	77	78	78	82	73	78	87	75	69	50	75
Branco van den Boomen	29	185	75	R	B	CM	["CM","DM"]	Ajax	2027	Netherlands	77	69	77	75	66	66	76	65	78	65	85	83	88	85	77	81	79	83	84	70	73	81	76	77	50	80
Remko Pasveer	41	187	88	R	B	GK	["GK"]	Ajax	2025	Netherlands	31	78	81	71	62	62	74	64	58	55	61	68	67	69	34	80	44	61	49	55	72	65	49	71	77	70
Steven Berghuis	33	182	75	L	B	WF	["WF","SM","AM"]	Ajax	2025	Netherlands	83	48	74	76	71	82	82	83	84	76	85	85	85	85	85	85	82	81	87	63	66	85	82	77	50	83
Daniele Rugani	30	193	86	R	B	CBT	["CBT"]	Ajax	2025	Italy	53	83	80	71	66	66	82	63	71	62	75	70	66	58	62	68	62	62	62	82	79	74	57	73	50	77
Wout François Maria Weghorst	32	197	84	R	B	CF	["CF"]	Ajax	2026	Netherlands	84	58	91	80	71	66	84	63	78	71	81	83	62	67	80	86	78	62	62	88	89	83	84	84	50	83
Amourricho Jahvairo Déshauntino van Axel Dongen	20	175	68	R	B	WF	["WF","SM"]	Ajax	2027	Netherlands	68	38	75	71	84	85	66	81	75	78	64	63	66	65	68	68	66	61	68	61	66	76	66	64	50	67
Kian Fitz-Jim	21	174	68	R	B	CM	["CM","DM"]	Ajax	2027	Netherlands	73	68	72	71	71	79	76	83	80	75	79	72	72	66	68	68	67	64	64	61	71	80	76	70	50	73
Christian Theodor Kjelder Rasmussen	22	184	73	L	B	WF	["WF","SM","CF"]	Ajax	2027	Denmark	68	31	74	71	85	88	70	84	74	78	68	68	62	65	72	71	67	67	62	63	70	74	70	63	50	64
Gastón Luciano Ávila	23	182	78	L	B	CBT	["CBT","SB"]	Ajax	2028	Argentina	64	71	76	71	75	72	75	72	70	71	73	76	69	72	61	81	62	73	68	75	79	71	71	74	50	71
Benjamin Tahirović	21	191	77	R	B	DM	["DM","CM"]	Ajax	2028	Bosnia and Herzegovina	65	66	76	80	66	66	73	65	77	67	79	75	71	66	61	71	64	61	62	64	68	78	73	78	50	70
Dies Janse	19	196	80	L	B	CBT	["CBT"]	Ajax	2028	Netherlands	54	73	71	71	74	68	71	63	72	71	73	69	70	64	61	68	62	61	62	74	74	73	57	66	50	69
Josip Šutalo	24	185	82	R	B	CBT	["CBT"]	Ajax	2028	Croatia	57	81	83	80	83	82	85	76	78	79	78	71	68	57	61	68	65	61	62	78	89	80	64	77	50	77
Kristian Nökkvi Hlynsson	20	179	67	R	B	AM	["AM","CM","WF","SM"]	Ajax	2026	Iceland	74	49	71	80	68	73	73	75	77	71	76	73	65	66	69	72	69	66	70	66	66	78	73	69	50	71
Diant Ramaj	23	188	81	R	B	GK	["GK"]	Ajax	2028	Germany	31	78	78	71	62	62	80	65	58	55	61	69	66	71	31	84	43	61	49	55	74	65	46	71	77	72
Jaydon Amauri Banel	20	172	65	R	B	WF	["WF","SM"]	Ajax	2025	Netherlands	67	37	75	71	82	83	67	81	73	77	70	69	62	68	66	71	63	61	62	61	66	73	67	63	50	65
Jan Jakub Faberski	18	172	60	L	B	WF	["WF","SM"]	Ajax	2028	Poland	61	36	69	71	87	88	63	87	72	79	61	62	61	61	61	68	62	69	62	61	66	71	58	63	50	63
Don-Angelo Konadu	18	173	58	R	B	CF	["CF","WF","SM"]	Ajax	2028	Netherlands	67	33	74	71	78	76	67	74	68	71	62	62	58	56	73	68	62	61	62	70	66	69	67	63	50	62
Nordin Bakker	27	196	85	R	B	GK	["GK"]	Almere City	2025	Netherlands	31	73	78	71	62	62	73	62	58	55	61	64	62	64	32	68	43	61	49	55	69	65	46	63	73	64
Damil Serena Dankerlui Wadilie	28	172	64	R	B	SB	["SB"]	Almere City	2025	Suriname	68	60	74	76	86	87	71	83	70	77	69	67	66	67	61	68	61	61	68	61	71	70	71	74	50	68
Joey Jacobs	24	185	79	R	B	CBT	["CBT","SB"]	Almere City	2025	Netherlands	65	69	76	79	66	66	73	62	65	62	67	65	59	55	61	68	56	61	62	72	74	65	71	76	50	61
Ricardo Visus Contreras	23	192	85	R	B	CBT	["CBT"]	Almere City	2025	Spain	50	77	73	72	73	68	73	62	65	67	64	63	60	49	61	68	58	61	62	71	74	65	54	72	50	69
Jochem Ritmeester van de Kamp	21	177	72	R	B	SM	["SM","SB","CM","WB"]	Almere City	2027	Netherlands	71	60	66	83	80	79	72	78	74	76	75	71	67	63	61	69	62	61	62	61	67	73	72	79	50	72
Alejandro Carbonell Vallés	27	182	76	R	B	CM	["CM","DM"]	Almere City	2026	Spain	68	68	77	75	66	66	73	71	73	64	73	70	70	66	68	68	65	62	65	66	68	73	71	75	50	71
Ruben Fritzner Providence	23	178	66	R	B	WF	["WF","SM"]	Almere City	2027	France	71	36	76	76	84	88	71	86	77	80	69	69	62	67	73	71	68	61	62	66	74	77	71	67	50	67
Anas Tahiri	29	178	59	R	B	CM	["CM","DM"]	Almere City	2026	Morocco	68	61	73	78	66	76	73	80	77	66	80	76	75	73	66	72	70	73	74	61	66	78	73	71	50	67
Thomas Robinet	28	180	72	R	B	CF	["CF","AM","SS"]	Almere City	2027	France	76	44	78	84	78	73	74	75	73	74	74	72	68	69	76	71	69	61	62	70	78	74	74	73	50	70
Junior Morau Kadile	22	182	76	R	B	WF	["WF","SM","CF"]	Almere City	2027	France	67	31	70	71	84	85	64	81	76	80	72	72	68	71	63	74	69	61	66	64	74	75	64	63	50	66
Vasilios Zagaritis Βασίλειος Ζαγαρίτης	23	178	68	L	B	SB	["SB","SM","WB"]	Almere City	2026	Greece	66	65	75	81	87	80	71	79	68	77	68	65	65	65	61	68	60	61	62	63	71	67	71	72	50	63
James Alexander Lawrence	32	188	84	L	B	CBT	["CBT"]	Almere City	2026	Wales	54	74	81	71	68	66	75	63	66	65	73	68	71	63	61	68	61	61	62	74	75	71	59	71	50	73
Adi Nalić	27	190	83	R	B	AM	["AM","CF","CM","SS"]	Almere City	2026	Bosnia and Herzegovina	69	49	77	81	82	81	70	79	74	77	71	73	61	67	72	77	70	61	70	61	74	73	70	74	50	69
Kornelius Normann Hansen	23	175	70	R	B	CF	["CF","SM","WF"]	Almere City	2025	Norway	72	39	76	85	74	76	71	82	78	76	69	68	63	62	73	69	72	61	70	61	66	78	71	71	50	67
Thom Jan Marinus Haye	29	177	74	R	B	CM	["CM","DM"]	Almere City	2025	Indonesia	71	61	71	76	66	66	74	72	77	68	80	78	82	77	66	76	76	81	85	63	66	76	74	75	50	74
Hamdi Akujobi	25	175	70	R	B	SB	["SB"]	Almere City	2025	Nigeria	65	61	76	76	79	76	71	73	70	73	73	68	70	67	61	68	61	61	62	67	68	71	71	78	50	70
Baptiste Guillaume	29	190	86	R	B	CF	["CF"]	Almere City	2026	Belgium	75	42	85	76	66	67	72	74	76	66	73	72	63	67	76	73	70	61	62	75	81	76	72	68	50	68
Théo Barbet	23	184	75	L	B	CBT	["CBT"]	Almere City	2026	France	50	76	76	74	78	68	74	63	65	70	63	63	58	55	61	68	57	61	62	68	74	65	54	73	50	67
Alejandro Balboa Bandeira	23	181	74	R	B	CM	["CM","DM"]	Almere City	2026	Equatorial Guinea	69	51	71	71	66	70	71	67	72	68	72	68	64	54	69	68	64	61	62	61	66	72	71	70	50	70
Faïz Mattoir	24	164	62	R	B	WF	["WF","SM"]	Almere City	2025	Comoros	67	34	76	71	74	75	64	75	73	74	71	72	66	71	68	76	65	61	62	61	66	71	64	63	50	65
Christopher Emanuel Mamengi	23	182	78	L	B	CBT	["CBT"]	Almere City	2026	Netherlands	50	68	79	71	76	72	68	71	65	69	63	62	61	57	61	68	59	61	62	69	79	65	54	72	50	72
Stijn Keller	24	195	85	R	B	GK	["GK"]	Almere City	2025	Switzerland	31	68	75	71	62	62	67	60	58	55	61	63	61	63	32	66	43	61	49	55	66	65	36	52	68	58
Logan Delaurier-Chaubet	22	174	62	L	B	WF	["WF","SM"]	Almere City	2027	France	68	39	76	71	72	78	63	71	76	74	76	71	72	68	71	68	65	73	76	61	66	74	63	63	50	67
Tim Receveur	33	185	75	R	B	CM	["CM","DM"]	Almere City	2025	Netherlands	64	62	66	71	71	73	71	71	71	70	74	70	67	62	65	68	64	61	64	62	66	72	71	70	50	69
Jonas Wendlinger	24	192	85	R	B	GK	["GK"]	Almere City	2026	Austria	31	71	74	71	62	62	72	64	58	55	61	64	62	64	31	68	43	61	49	55	69	65	41	55	71	59
Jay Kuiper	21	183	70	L	B	SB	["SB"]	Almere City	2026	Netherlands	62	55	67	71	77	75	63	69	65	69	66	64	61	58	61	68	56	61	62	61	66	65	63	65	50	59
Joël van der Wilt	20	187	78	R	B	GK	["GK"]	Almere City	2026	Netherlands	31	68	72	71	62	62	66	58	58	55	61	62	60	62	31	66	43	61	49	55	64	65	35	51	68	56
Jaden Pinas	21	187	79	R	B	CBT	["CBT"]	Almere City	2025	Netherlands	48	65	72	71	66	69	66	63	65	63	61	62	58	52	61	68	57	61	62	66	71	65	50	65	50	58
Amoah Foa Sam	22	184	75	R	B	CBT	["CBT"]	Almere City	2025	Netherlands	47	70	66	71	66	66	65	62	65	63	61	62	58	51	61	68	53	61	62	65	66	65	48	67	50	62
Guus Beaumont	22	182	75	R	B	DM	["DM","CM"]	Almere City	2025	Netherlands	63	60	69	71	66	69	67	65	67	64	68	65	62	56	61	68	60	61	62	65	70	67	67	67	50	65
Jeffrey Puriel	22	180	74	R	B	WF	["WF","SM","CF"]	Almere City	2026	Netherlands	63	38	73	71	73	70	63	70	71	70	68	68	66	69	67	71	65	62	65	70	74	71	59	63	50	64
Emanuel Poku	19	175	70	R	B	WF	["WF","SM","CF"]	Almere City	2027	Netherlands	61	36	68	71	90	82	63	72	67	77	65	64	61	61	68	68	60	61	62	61	66	67	54	63	50	62
Marley Dors	19	170	65	R	B	WF	["WF","SM"]	Almere City	2027	Suriname	59	35	67	71	73	73	63	65	69	68	61	62	61	62	66	68	62	61	62	61	66	72	56	63	50	63
Etienne Vaessen	29	189	84	R	B	GK	["GK"]	FC Groningen	2027	Suriname	31	76	77	71	69	68	79	65	58	61	61	65	63	65	34	71	43	61	49	55	73	65	44	58	76	61
Wouter Prins	20	173	65	L	B	SB	["SB"]	FC Groningen	2027	Netherlands	63	68	71	71	77	80	71	75	68	70	67	65	64	64	61	68	61	61	62	61	66	71	67	73	50	64
Thijmen Blokzijl	19	191	75	R	B	CBT	["CBT"]	FC Groningen	2026	Netherlands	50	73	70	71	66	66	74	63	65	62	70	67	64	55	61	68	60	61	62	71	71	67	55	69	50	69
Joey Pelupessy	31	180	63	R	B	DM	["DM","CM"]	FC Groningen	2025	Netherlands	69	67	74	77	66	71	73	72	70	64	73	71	67	65	61	70	65	71	71	69	74	72	72	77	50	71
Marco Rente	27	188	84	R	B	CBT	["CBT"]	FC Groningen	2027	Germany	48	73	85	76	88	83	72	74	65	75	72	68	60	51	61	68	59	61	62	68	86	65	51	72	50	69
Stije Resink	21	179	74	R	B	CM	["CM","DM"]	FC Groningen	2028	Netherlands	66	63	70	84	68	72	72	71	73	69	76	71	67	62	61	68	65	64	65	61	66	75	72	78	50	70
Leandro Jones Johan Bacuna	33	180	77	R	B	SB	["SB","SM","WB"]	FC Groningen	2025	Curacao	69	64	81	81	81	76	70	78	72	76	73	76	73	76	67	81	71	75	79	68	82	72	68	79	50	73
Johan Hove	24	177	72	R	B	CM	["CM","AM"]	FC Groningen	2026	Norway	73	66	78	85	79	75	72	80	74	75	76	72	73	71	74	70	68	65	69	65	74	76	72	78	50	73
Brynjólfur Darri Willumsson	24	185	82	R	B	CF	["CF"]	FC Groningen	2027	Iceland	70	43	75	73	73	76	67	74	71	71	70	69	62	61	71	71	64	61	62	67	78	71	67	74	50	71
Luciano Valente	21	190	78	R	B	WF	["WF","SM","AM"]	FC Groningen	2028	Italy	71	52	68	71	70	66	71	68	78	74	73	73	65	67	66	74	64	61	68	73	69	78	71	73	50	75
Noam Fritz Emeran	22	179	67	L	B	WF	["WF","SM"]	FC Groningen	2027	France	67	41	70	71	79	82	64	82	68	73	68	65	63	66	65	68	62	69	69	61	66	67	64	63	50	66
Jorg Schreuders	20	177	70	R	B	WF	["WF","SM"]	FC Groningen	2027	Netherlands	74	65	68	76	74	70	72	65	72	72	73	70	68	68	74	68	67	61	73	61	68	73	72	72	50	68
Tika de Jonge	21	173	66	R	B	CM	["CM","SM"]	FC Groningen	2026	Netherlands	67	62	71	74	73	72	72	68	72	71	76	71	73	71	65	68	65	61	72	66	68	72	71	67	50	65
Hidde Jurjus	30	187	77	R	B	GK	["GK"]	FC Groningen	2025	Netherlands	31	73	76	71	62	62	75	63	58	55	61	64	62	64	36	68	43	61	49	55	72	65	46	66	72	62
Finn Stam	21	188	82	R	B	SB	["SB","CBT"]	FC Groningen	2025	Netherlands	63	65	74	71	66	66	71	62	65	63	71	67	66	62	61	68	55	61	62	71	74	65	68	68	50	64
Fofin Turay	20	178	68	R	B	WF	["WF","SM"]	FC Groningen	2025	Netherlands	65	32	71	71	83	81	63	76	73	77	67	65	63	62	61	68	62	61	64	61	67	73	60	64	50	63
Dirk Baron	22	190	78	R	B	GK	["GK"]	FC Groningen	2025	Netherlands	31	68	73	71	62	62	66	58	58	55	61	61	60	61	32	66	43	61	49	55	64	65	34	53	69	53
Thijs Oosting	24	176	70	L	B	CF	["CF","SM","AM","SS","WF"]	FC Groningen	2027	Netherlands	74	61	71	79	72	74	73	73	74	71	73	74	73	74	75	76	73	71	70	70	74	76	73	73	50	71
Thom van Bergen	21	180	74	R	B	CF	["CF","SM","WF"]	FC Groningen	2026	Netherlands	73	36	68	71	81	79	71	76	75	78	68	68	59	62	73	70	65	61	68	68	68	74	71	66	50	68
Rui-Jorge Monteiro Mendes	25	179	72	R	B	WF	["WF","SM"]	FC Groningen	2027	Portugal	72	38	70	76	83	82	68	79	73	77	68	72	67	74	74	78	68	61	62	61	68	73	68	67	50	65
Romano Ceciel Postema	22	175	67	R	B	CF	["CF"]	FC Groningen	2027	Netherlands	71	38	73	73	83	80	70	76	69	74	70	71	61	67	76	74	67	61	64	73	79	71	70	66	50	63
Jasper Meijster	20	188	75	R	B	GK	["GK"]	FC Groningen	2025	Netherlands	31	68	73	71	62	62	66	57	58	55	61	63	61	63	31	66	43	61	49	55	63	65	38	51	68	55
Alex Jens Kenneth Mortensen	22	175	66	R	B	CF	["CF"]	FC Groningen	2025	Sweden	64	31	69	72	78	75	63	76	65	70	61	62	58	58	68	68	59	61	62	61	66	66	61	69	50	63
Maxim Mariani	20	185	70	R	B	CBT	["CBT"]	FC Groningen	2025	Netherlands	47	68	66	71	67	68	68	62	65	64	61	62	58	52	61	68	55	61	62	68	66	65	48	66	50	62
Marvin Peersman	33	184	69	L	B	CBT	["CBT","SB"]	FC Groningen	2026	Belgium	64	70	78	80	77	73	76	72	70	73	70	68	70	69	61	68	62	61	62	68	76	69	68	81	50	68
Marco Speelman	18	170	70	L	B	SB	["SB"]	FC Groningen	2025	Netherlands	66	61	67	71	74	73	66	70	69	71	66	65	66	65	61	68	60	61	62	61	66	68	66	67	50	62
Nils Eggens	19	180	80	R	B	CF	["CF"]	FC Groningen	2026	Netherlands	69	32	68	71	73	75	67	72	67	68	68	70	59	60	73	74	64	61	64	72	76	69	67	63	50	63
Sven Bouland	18	184	80	L	B	CBT	["CBT"]	FC Groningen	2027	Netherlands	48	70	74	71	71	66	68	62	65	66	73	69	63	53	61	68	59	61	62	75	74	65	51	72	50	67
Roy Leicester	18	179	74	R	B	CBT	["CBT","DM"]	FC Groningen	2027	Netherlands	63	65	69	71	71	69	67	68	68	69	72	68	63	57	61	68	60	61	64	64	68	67	66	69	50	65
Lars Unnerstall	34	198	103	R	B	GK	["GK"]	FC Twente	2027	Germany	31	83	89	71	62	62	85	68	58	55	61	65	63	65	35	71	43	61	49	55	77	65	52	73	83	67
Mees Victor Joseph Hilgers	23	186	78	R	B	CBT	["CBT"]	FC Twente	2026	Indonesia	55	80	79	78	78	78	78	73	67	71	75	71	66	55	61	68	60	61	62	75	82	68	61	80	50	79
Gustaf Johan Lagerbielke	24	193	83	R	B	CBT	["CBT"]	FC Twente	2025	Sweden	50	74	77	71	66	66	72	62	69	63	73	69	67	55	61	68	61	61	62	77	78	71	55	69	50	70
Mathias Ullereng Kjølø	23	175	67	R	B	DM	["DM","CM"]	FC Twente	2027	Norway	72	69	71	82	66	71	77	72	74	64	80	74	72	65	66	68	64	65	62	66	70	75	75	77	50	72
Bas Edo Kuipers	30	180	73	L	B	SB	["SB"]	FC Twente	2028	Netherlands	70	72	77	83	72	73	77	76	73	71	76	72	76	74	61	69	62	66	74	67	81	73	72	80	50	68
Carel Willem Hendrik Eiting	26	178	72	L	B	CM	["CM","DM"]	FC Twente	2026	Netherlands	72	63	69	83	66	66	75	69	76	65	83	78	82	78	64	72	67	79	77	61	66	78	75	77	50	74
Mitchell van Bergen	25	170	62	R	B	WF	["WF","SM"]	FC Twente	2027	Netherlands	72	40	73	81	91	88	73	88	74	82	72	70	67	70	67	69	71	64	73	61	66	75	73	72	50	69
Youri Pieter Regeer	21	178	68	R	B	CM	["CM","SB"]	FC Twente	2027	Netherlands	75	71	73	81	79	76	76	76	78	78	79	74	76	71	70	68	66	65	71	68	74	78	76	73	50	72
Ricky van Wolfswinkel	35	185	68	R	B	CF	["CF","WF","SM"]	FC Twente	2025	Netherlands	80	53	79	75	75	66	79	67	76	74	78	77	72	74	78	78	75	68	74	81	85	78	79	74	50	76
Sam Adrianus Martinus Lammers	27	188	77	L	B	CF	["CF"]	FC Twente	2027	Netherlands	80	42	75	81	66	79	79	79	81	72	77	78	65	74	79	79	76	62	73	75	76	81	79	72	50	73
Daan Rots	23	180	71	L	B	WF	["WF","SM"]	FC Twente	2025	Netherlands	74	44	71	77	81	85	74	85	78	79	78	75	74	73	73	73	72	61	74	62	72	78	74	71	50	72
Sem Steijn	23	173	59	R	B	AM	["AM","CM"]	FC Twente	2025	Netherlands	84	43	80	89	67	76	81	76	79	72	80	82	72	77	83	85	80	75	72	73	74	81	81	85	50	81
Issam El Maach	24	188	96	R	B	GK	["GK"]	FC Twente	2027	Morocco	31	71	77	71	62	62	72	61	58	55	61	64	62	64	31	69	43	61	49	55	68	65	43	56	70	60
Alec Van Hoorenbeeck	26	187	77	L	B	CBT	["CBT","SB"]	FC Twente	2026	Belgium	64	68	76	72	69	66	73	67	68	66	66	65	67	65	61	68	61	61	62	76	75	70	70	74	50	66
Michel Vlap	27	191	81	R	B	CM	["CM","WF","SM","AM"]	FC Twente	2025	Netherlands	79	65	77	85	71	70	79	71	79	74	79	77	75	76	73	76	75	78	78	78	75	80	79	76	50	75
Younes Taha El Idrissi يونس طه الادريسي	22	175	67	L	B	WF	["WF","SM"]	FC Twente	2027	Morocco	72	44	71	73	72	84	72	84	75	74	70	71	66	68	71	74	70	72	76	70	66	74	72	65	50	69
Sam Luca Karssies	21	185	68	R	B	GK	["GK"]	FC Twente	2025	Netherlands	31	68	72	71	62	62	68	59	58	55	61	62	60	62	31	66	43	61	49	55	65	65	42	56	68	60
Przemysław Tytoń	38	195	88	R	B	GK	["GK"]	FC Twente	2025	Poland	31	72	80	71	62	62	72	63	58	55	61	66	63	66	36	74	43	61	49	55	72	65	50	68	72	62
Michal Sadílek	25	170	63	L	B	DM	["DM","CM"]	FC Twente	2025	Czechia	73	74	82	83	66	79	78	77	77	66	81	79	78	75	68	77	71	75	74	71	75	78	76	84	50	77
Juliën Mesbahi	18	183	73	R	B	CBT	["CBT"]	FC Twente	2026	Netherlands	47	67	67	71	66	66	69	62	65	63	61	62	58	51	61	68	56	61	62	64	66	65	49	66	50	62
Bart van Rooij	23	174	72	R	B	SB	["SB"]	FC Twente	2028	Netherlands	66	70	76	81	82	80	74	77	75	78	76	71	71	68	61	68	63	61	67	61	66	75	74	79	50	71
Harrie Kuster	19	183	68	R	B	CM	["CM","DM","AM"]	FC Twente	2026	Netherlands	66	57	70	71	67	71	64	68	66	64	72	71	65	64	65	72	60	61	62	68	71	68	64	69	50	67
Sayfallah Ltaief	24	178	77	R	B	WF	["WF","SM"]	FC Twente	2027	Tunisia	69	40	73	76	88	86	67	86	79	84	71	68	68	69	73	68	69	61	69	61	69	78	67	72	50	71
Anass Salah-Eddine	23	181	66	L	B	SB	["SB","CM"]	FC Twente	2027	Netherlands	73	68	72	79	83	79	73	79	78	80	78	72	72	65	61	68	64	61	68	63	74	77	73	76	50	73
Max Bruns	22	183	67	R	B	CBT	["CBT","DM"]	FC Twente	2026	Netherlands	67	71	72	77	68	67	76	69	68	67	75	70	67	60	61	68	60	61	62	75	74	67	75	77	50	70
Mats Rots	18	185	68	L	B	SB	["SB","CBT"]	FC Twente	2025	Netherlands	62	61	66	71	67	73	64	66	65	68	61	62	62	62	61	68	57	61	62	63	66	65	64	65	50	61
Gijs Besselink	20	180	68	R	B	DM	["DM","CM"]	FC Twente	2025	Netherlands	67	62	70	71	70	70	68	70	69	67	72	72	65	63	61	74	62	61	62	67	70	71	68	69	50	67
Vasilis Cornelius Barkas Βασίλειος Μπάρκας	30	195	91	L	B	GK	["GK"]	FC Utrecht	2025	Greece	31	78	82	71	62	62	79	65	58	55	61	67	64	67	33	77	43	61	49	55	75	65	52	74	78	72
Siebe Horemans	26	186	72	R	B	SB	["SB"]	FC Utrecht	2027	Belgium	65	70	79	81	79	79	77	77	71	74	69	66	73	67	61	68	61	61	62	66	80	70	72	81	50	70
Mike van der Hoorn	32	190	85	R	B	CBT	["CBT"]	FC Utrecht	2026	Netherlands	60	79	88	77	68	66	79	62	65	65	72	73	66	62	61	75	57	61	62	85	79	65	65	77	50	76
Kolbeinn Birgir Finnsson	25	181	77	L	B	SB	["SB"]	FC Utrecht	2027	Iceland	69	66	74	78	80	78	72	75	71	74	70	69	70	70	61	70	64	66	67	66	76	72	72	75	50	69
Oscar Luigi Fraulo	21	180	77	R	B	DM	["DM","CM"]	FC Utrecht	2025	Denmark	68	65	72	85	72	78	73	77	74	72	76	72	70	65	68	70	65	71	65	61	69	74	73	80	50	72
Victor Christoffer Jensen	24	175	68	R	B	AM	["AM","CM"]	FC Utrecht	2026	Denmark	74	61	74	91	75	77	73	77	77	75	75	71	69	66	70	69	69	68	68	61	67	78	73	77	50	71
Can Bozdoğan	23	175	72	L	B	CM	["CM","DM"]	FC Utrecht	2026	Germany	68	64	76	83	66	78	75	81	78	68	76	79	72	76	70	82	70	77	76	61	66	77	72	79	50	71
David Min	25	194	78	R	B	CF	["CF"]	FC Utrecht	2028	Netherlands	71	34	81	79	83	80	68	71	66	72	70	70	59	65	76	73	67	61	62	76	90	72	68	68	50	67
Taylor Anthony Booth	23	173	66	R	B	WF	["WF","SM"]	FC Utrecht	2026	United States	71	58	74	80	81	80	72	82	76	78	74	72	73	72	71	72	70	69	76	61	66	76	72	72	50	69
Noah Chidiebere Junior Anyanwu Ohio	22	185	76	L	B	CF	["CF"]	FC Utrecht	2027	Netherlands	69	32	82	71	90	91	70	85	72	81	69	69	58	61	72	72	67	61	62	66	87	71	70	63	50	63
Zidane Iqbal	21	181	65	R	B	CM	["CM","DM","AM"]	FC Utrecht	2027	Iraq	71	57	75	71	73	73	72	79	74	73	71	68	68	65	67	68	65	61	68	61	66	73	72	67	50	70
Adrian Blake	19	173	69	L	B	WF	["WF","SM"]	FC Utrecht	2027	England	67	34	76	71	82	83	68	75	73	77	64	65	61	65	66	69	62	61	62	61	66	72	68	63	50	65
Souffian El Karouani	24	178	74	L	B	SB	["SB"]	FC Utrecht	2026	Morocco	69	69	71	81	71	79	76	77	78	74	76	70	76	71	61	68	64	61	79	65	74	78	76	78	50	71
Jens Toornstra	35	178	74	R	B	AM	["AM","SM","WF"]	FC Utrecht	2025	Netherlands	79	72	76	83	66	66	78	67	75	67	79	79	79	79	76	79	78	78	77	71	66	76	78	80	50	79
Anthony Kevin Descotte	21	179	75	R	B	CF	["CF"]	FC Utrecht	2025	Belgium	68	36	75	71	80	82	70	80	76	78	68	67	59	62	72	68	66	61	62	61	71	76	70	63	50	65
Yoann Cathline	22	176	68	R	B	WF	["WF","SM"]	FC Utrecht	2025	France	70	49	73	75	86	79	71	79	78	82	71	71	67	69	69	73	68	61	70	61	66	78	71	68	50	67
Paxten Reid Aaronson	21	175	63	R	B	AM	["AM","CM","SM"]	FC Utrecht	2025	United States	73	61	74	73	74	83	71	83	77	74	78	74	70	67	71	70	68	61	64	61	66	78	71	68	50	71
Miguel Rodríguez Vidal	21	179	73	L	B	WF	["WF","SM"]	FC Utrecht	2025	Spain	72	46	67	71	82	81	68	78	74	78	75	70	72	68	68	68	62	61	62	61	66	73	68	65	50	70
Niclas Vesterlund	25	185	80	R	B	SB	["SB"]	FC Utrecht	2027	Denmark	63	63	78	81	75	77	69	75	69	70	69	66	66	65	63	68	61	61	62	66	78	71	66	76	50	66
Nick Viergever	35	183	77	L	B	CBT	["CBT","SB"]	FC Utrecht	2025	Netherlands	68	74	79	75	78	71	78	70	72	74	76	71	71	67	66	68	62	61	62	74	79	73	78	76	50	71
Michael Brouwer	32	189	81	R	B	GK	["GK"]	FC Utrecht	2026	Netherlands	31	74	75	71	62	62	73	65	58	55	61	64	62	64	39	70	43	61	49	55	73	65	46	64	76	62
Alonzo Tim Engwanda-Ongena	21	169	59	R	B	DM	["DM","CM"]	FC Utrecht	2028	Belgium	65	66	79	74	77	83	74	86	73	74	74	69	66	58	61	68	65	61	62	62	66	73	72	68	50	66
Tom Gerard de Graaff	20	193	78	L	B	GK	["GK"]	FC Utrecht	2027	Netherlands	31	69	74	71	62	62	68	60	58	55	61	65	63	65	33	72	43	61	49	55	66	65	45	60	69	62
Kevin Gadellaa	21	206	87	R	B	GK	["GK"]	FC Utrecht	2027	Netherlands	31	68	80	71	62	62	69	60	58	55	61	61	60	61	31	66	43	61	49	55	66	65	42	55	68	61
Matisse Didden	23	198	91	R	B	CBT	["CBT"]	FC Utrecht	2028	Belgium	53	71	90	74	66	66	71	62	68	63	72	68	63	59	61	68	61	61	62	74	79	71	57	72	50	71
Rickson van Hees	22	175	72	R	B	SB	["SB"]	FC Utrecht	2025	United States	64	59	71	71	70	73	68	73	65	66	63	62	61	63	61	68	59	61	62	61	66	66	68	71	50	65
Joshua Ebitonmo Mukeh	21	185	72	L	B	CBT	["CBT"]	FC Utrecht	2027	Netherlands	49	67	74	71	72	69	68	63	65	67	63	63	58	57	61	68	57	61	62	68	74	65	51	66	50	64
Silas Andersen	20	190	76	R	B	DM	["DM","CM"]	FC Utrecht	2026	Denmark	63	57	67	71	70	68	68	64	68	67	71	67	64	59	61	68	60	61	62	63	67	68	68	69	50	67
Andreas Frederik Dithmer	19	198	82	R	B	GK	["GK"]	FC Utrecht	2026	Denmark	31	68	75	71	62	62	66	59	58	55	61	62	60	62	35	66	43	61	49	55	65	65	43	61	68	60
Ole ter Haar Romeny	24	185	81	R	B	WF	["WF","SM","AM"]	FC Utrecht	2026	Netherlands	73	38	79	83	72	73	73	71	74	73	70	74	65	72	76	81	69	61	66	66	68	74	73	70	50	68
Justin Bijlow	27	188	76	R	B	GK	["GK"]	Feyenoord	2026	Netherlands	31	81	80	71	62	62	81	71	58	55	62	68	67	68	34	79	43	62	49	56	77	66	51	72	81	71
Bart Nieuwkoop	28	180	73	R	B	SB	["SB","SM","WB"]	Feyenoord	2027	Netherlands	80	72	76	85	74	74	81	72	77	74	79	76	80	77	72	74	67	61	71	77	82	78	81	84	50	80
Thomas Beelen	23	190	78	R	B	CBT	["CBT","DM"]	Feyenoord	2028	Netherlands	66	76	80	78	78	79	77	72	74	75	76	70	71	65	61	68	63	61	62	77	87	75	75	76	50	69
In-beom Hwang 황인범	28	178	68	R	B	CM	["CM","AM"]	Feyenoord	2028	Korea Republic	78	62	76	86	68	70	81	78	80	74	83	82	77	76	73	81	75	79	78	66	68	80	81	76	50	74
Gijs Smal	27	183	73	L	B	SB	["SB"]	Feyenoord	2028	Netherlands	75	72	79	79	71	79	77	69	78	74	80	76	82	79	66	73	69	75	80	68	73	78	77	74	50	73
Ramiz Larbi Zerrouki	26	183	76	R	B	DM	["DM","CM"]	Feyenoord	2027	Algeria	73	71	82	85	66	74	76	75	78	69	81	80	74	72	67	79	73	73	69	63	75	78	74	84	50	77
Quinten Ryan Crispito Timber	23	179	71	R	B	CM	["CM","AM","DM"]	Feyenoord	2026	Netherlands	81	76	85	81	74	88	83	85	82	78	83	85	77	79	78	87	79	67	75	72	88	83	83	83	50	82
Ayase Ueda 上田 綺世	26	182	76	R	B	CF	["CF"]	Feyenoord	2028	Japan	81	33	74	79	76	81	80	80	73	73	71	73	58	66	81	77	74	71	68	81	94	75	80	73	50	73
Calvin Stengs	26	187	70	L	B	AM	["AM","WF","SM","CM"]	Feyenoord	2027	Netherlands	80	57	70	85	74	77	81	79	82	79	84	81	80	79	73	79	77	73	79	62	67	81	81	76	50	78
Quilindschy Hartman	23	183	72	L	B	SB	["SB"]	Feyenoord	2026	Netherlands	79	75	78	80	82	84	82	80	79	79	81	74	82	72	68	68	66	74	79	61	76	80	82	83	50	81
Igor Guilherme Barbosa da Paixão	24	168	63	R	B	WF	["WF","SM","AM"]	Feyenoord	2027	Brazil	80	36	79	79	86	88	81	87	82	84	77	74	77	75	79	73	77	73	72	78	91	82	81	71	50	74
Facundo González Molino	21	193	83	L	B	CBT	["CBT"]	Feyenoord	2025	Uruguay	48	73	78	71	66	66	72	62	65	60	73	68	63	54	61	68	61	61	62	73	75	70	49	66	50	60
Hugo Bueno López	22	180	73	L	B	SB	["SB"]	Feyenoord	2025	Spain	74	69	72	78	79	79	76	79	81	80	75	70	77	71	63	68	65	74	79	61	69	81	76	74	50	73
Luka Ivanušec	26	175	76	R	B	WF	["WF","SM","AM"]	Feyenoord	2028	Croatia	79	63	83	83	66	83	81	84	85	73	78	78	76	76	76	79	79	76	74	63	76	83	81	80	50	78
Gernot Trauner	32	183	82	R	B	CBT	["CBT"]	Feyenoord	2026	Austria	64	84	87	76	66	66	79	66	74	68	79	75	73	69	63	73	67	62	64	84	86	76	68	79	50	82
Julián Simón Carranza	24	182	75	R	B	CF	["CF"]	Feyenoord	2028	Argentina	80	48	77	81	75	74	80	74	77	74	74	75	65	70	80	77	72	61	67	74	79	79	80	82	50	76
Jeyland Yahir Mitchell Baltodano	20	188	82	R	B	CBT	["CBT"]	Feyenoord	2029	Costa Rica	48	70	85	71	83	79	70	77	65	72	61	62	58	52	61	68	53	61	62	76	89	65	51	76	50	73
Plamen Andreev Пламен Пламенов Андреев	20	190	70	R	B	GK	["GK"]	Feyenoord	2029	Bulgaria	31	74	76	71	62	62	78	63	58	55	61	64	62	64	33	69	43	61	49	55	71	65	46	56	73	64
Timon Janis Wellenreuther	29	188	80	R	B	GK	["GK"]	Feyenoord	2027	Germany	31	80	81	71	62	62	80	67	58	57	61	66	63	66	32	74	43	61	49	55	79	65	55	71	80	67
Anis Hadj Moussa أنيس حاج موسى	22	172	68	L	B	WF	["WF","SM","AM"]	Feyenoord	2029	Algeria	69	38	74	73	78	79	73	84	81	80	71	67	66	65	62	68	64	70	71	61	66	78	73	65	50	65
Gjivai Zechiël	20	183	70	R	B	CM	["CM","DM"]	Feyenoord	2028	Netherlands	69	65	66	71	79	79	73	79	76	77	73	69	66	60	61	68	63	63	67	68	68	75	71	69	50	70
Givairo Read	18	175	70	R	B	SB	["SB"]	Feyenoord	2028	Netherlands	65	64	73	75	85	83	68	77	70	77	68	66	66	65	61	68	62	61	62	61	71	68	67	73	50	66
Antoni-Djibu Milambo	19	179	68	R	B	CM	["CM","AM"]	Feyenoord	2027	Netherlands	72	56	68	76	72	74	74	78	77	74	77	74	70	67	71	72	68	65	66	64	68	76	74	67	50	70
Santiago Tomás Giménez	23	183	68	L	B	CF	["CF"]	Feyenoord	2027	Mexico	84	55	79	75	83	80	79	79	81	82	79	82	74	77	85	85	78	63	76	83	84	81	79	78	50	83
Jordan Mvula Lotomba	26	177	67	R	B	SB	["SB","SM","WB"]	Feyenoord	2027	Switzerland	71	73	74	81	81	81	78	79	77	78	77	71	71	69	61	68	64	61	67	68	77	78	78	75	50	68
Dávid Hancko	27	188	82	L	B	CBT	["CBT","SB"]	Feyenoord	2028	Slovakia	80	80	85	83	81	80	86	79	81	79	83	80	78	75	72	79	70	78	66	85	86	82	86	82	50	78
Chris-Kévin Nadje	23	190	80	R	B	CM	["CM","AM"]	Feyenoord	2028	Côte d'Ivoire	68	60	80	72	84	80	68	76	70	75	74	71	66	62	61	68	61	61	62	66	83	71	68	73	50	71
Osman Ibrahim Abrahim	20	177	67	R	B	WF	["WF","SM"]	Feyenoord	2025	Ghana	66	35	72	71	89	85	66	82	78	84	68	68	65	65	67	71	68	61	65	61	69	78	66	66	50	66
Mannou Berger	20	181	72	R	B	GK	["GK"]	Feyenoord	2025	Netherlands	31	68	74	71	62	62	71	60	58	55	61	61	60	61	37	66	43	61	49	55	66	65	39	56	68	56
Jan Plug	19	188	78	L	B	SB	["SB","CBT","CM","DM"]	Feyenoord	2026	Netherlands	63	61	71	73	78	75	68	68	65	70	63	65	60	64	61	71	59	71	62	65	74	65	68	71	50	62
Zépiqueno Redmond	18	180	73	R	B	CF	["CF","WF","SM"]	Feyenoord	2025	Netherlands	70	31	69	71	82	76	68	71	73	77	66	65	58	60	69	68	67	61	62	61	66	72	68	63	50	64
Aymen Sliti	18	175	62	L	B	WF	["WF","SM"]	Feyenoord	2026	Netherlands	63	37	74	71	78	79	63	76	71	73	61	62	62	63	65	68	61	61	64	61	66	71	63	63	50	63
Ismail Ka	18	185	75	R	B	GK	["GK"]	Feyenoord	2027	Netherlands	31	68	69	71	62	62	68	59	58	55	61	61	59	61	31	66	43	61	49	55	65	65	38	56	68	59
Luuk Koopmans	31	190	83	R	B	GK	["GK"]	Fortuna Sittard	2027	Netherlands	31	72	76	71	62	62	72	62	58	55	61	64	62	64	34	68	43	61	49	55	69	65	46	58	72	62
Shawn Adewoye	24	181	81	R	B	CBT	["CBT"]	Fortuna Sittard	2026	Belgium	51	75	80	71	70	73	73	68	65	66	73	69	58	51	61	68	57	61	62	74	81	65	54	73	50	74
Darijo Grujčić	25	188	85	L	B	CBT	["CBT"]	Fortuna Sittard	2026	Austria	49	72	81	75	67	72	70	71	65	64	63	63	60	49	61	68	56	61	62	74	81	65	52	74	50	69
Syb van Ottele	22	185	78	R	B	CBT	["CBT","DM"]	Fortuna Sittard	2027	Netherlands	65	69	79	72	69	68	73	67	65	65	67	77	61	70	61	90	59	61	62	68	76	65	72	67	50	60
Kristoffer Paul Peterson	30	185	72	R	B	WF	["WF","SM","AM"]	Fortuna Sittard	2026	Sweden	72	39	73	74	74	82	71	83	74	74	71	73	69	73	73	77	72	69	76	68	78	75	71	68	50	68
Jasper Dahlhaus	23	176	73	L	B	SM	["SM","SB","WB"]	Fortuna Sittard	2026	Netherlands	64	58	71	72	78	76	69	72	74	74	69	69	65	70	68	72	63	61	62	61	66	75	69	65	50	64
Kaj Sierhuis	26	180	83	R	B	CF	["CF"]	Fortuna Sittard	2026	Netherlands	76	40	86	75	82	66	75	62	75	77	71	73	59	65	76	76	74	71	66	76	78	76	75	72	50	71
Alen Halilović	28	170	68	L	B	AM	["AM","CM"]	Fortuna Sittard	2026	Croatia	69	54	75	71	66	70	73	75	81	70	77	71	76	67	68	68	77	76	85	61	66	83	73	63	50	70
Makan Aïko	24	180	70	R	B	CF	["CF","SM","WF"]	Fortuna Sittard	2026	France	71	37	71	71	79	78	70	75	72	74	69	66	65	64	70	68	63	61	62	67	79	72	70	63	50	66
Ivo Daniel Ferreira Mendonça Pinto	35	183	73	R	B	SB	["SB"]	Fortuna Sittard	2026	Portugal	67	68	75	82	83	79	75	77	72	76	72	68	74	72	61	68	62	65	71	68	79	73	75	78	50	68
Rodrigo Guth	24	191	80	R	B	CBT	["CBT"]	Fortuna Sittard	2027	Brazil	52	78	80	78	75	69	77	67	65	68	73	68	63	56	61	68	59	61	62	74	79	65	58	74	50	73
Onur Hüseyin Demir	22	180	70	R	B	CF	["CF","SM","WF"]	Fortuna Sittard	2026	Türkiye	66	40	66	71	66	66	65	62	67	64	63	63	59	57	68	68	64	61	62	69	66	67	65	68	50	66
Edouard Oscar Michut	21	178	68	R	B	DM	["DM","CM"]	Fortuna Sittard	2027	France	70	69	74	74	67	70	73	75	77	72	78	74	71	68	64	70	68	61	67	64	66	77	73	74	50	73
Daan Bisschops	19	192	81	R	B	CBT	["CBT"]	Fortuna Sittard	2026	Netherlands	48	66	70	71	66	66	66	62	65	63	61	62	58	51	61	68	56	61	62	70	71	65	51	64	50	62
Samuel Christopher Bastien	28	175	75	R	B	CM	["CM","SM"]	Fortuna Sittard	2025	Congo DR	73	67	75	83	74	79	76	78	78	75	78	77	75	75	69	77	75	70	77	63	73	78	76	78	50	72
Alessio da Cruz	28	186	74	R	B	CF	["CF","AM","SS"]	Fortuna Sittard	2025	Cabo Verde	74	48	71	71	73	77	72	77	77	74	71	72	67	71	74	76	69	62	72	64	73	76	72	70	50	71
Sjors-Lowis Hermsen	17	174	70	R	B	AM	["AM","CF","SS"]	Fortuna Sittard	2025	Netherlands	64	46	72	71	75	77	68	76	69	71	71	67	63	57	61	68	62	61	67	61	66	70	68	64	50	64
Josip Mitrović	24	174	70	R	B	AM	["AM","CM"]	Fortuna Sittard	2027	Croatia	69	38	72	75	79	78	71	73	75	76	73	71	68	66	68	70	65	61	62	61	66	76	71	66	50	67
Mattijs Branderhorst	31	192	87	R	B	GK	["GK"]	Fortuna Sittard	2025	Netherlands	31	76	79	71	62	62	76	64	58	55	61	65	63	65	36	71	43	61	49	55	72	65	46	70	75	65
Loreintz Rosier	26	191	82	R	B	DM	["DM","CM"]	Fortuna Sittard	2025	France	75	69	84	82	68	66	75	62	75	71	76	73	70	68	66	71	65	61	62	75	80	75	75	78	50	74
Ezequiel Eduardo Bullaude	24	184	80	R	B	AM	["AM","CM"]	Fortuna Sittard	2025	Argentina	74	40	77	77	85	75	72	75	80	82	76	76	66	70	76	78	73	61	71	68	71	80	72	67	50	70
Mitchell Dijks	31	194	92	L	B	SB	["SB"]	Fortuna Sittard	2026	Netherlands	71	70	92	78	79	66	75	62	73	74	75	70	75	71	61	68	62	61	69	66	71	74	75	79	50	71
Tristan Schenkhuizen	20	178	75	L	B	DM	["DM","CM"]	Fortuna Sittard	2025	Netherlands	63	59	67	71	71	70	67	67	67	68	71	67	63	57	61	68	60	61	62	63	66	67	67	67	50	63
Hasip Korkmazyürek	21	179	70	R	B	CM	["CM","DM"]	Fortuna Sittard	2025	Türkiye	63	59	69	71	66	67	66	66	69	65	72	68	65	58	61	68	61	61	62	65	66	70	66	67	50	66
Niels Martens	20	201	83	R	B	GK	["GK"]	Fortuna Sittard	2025	Netherlands	31	68	78	71	62	62	67	58	58	55	61	62	61	62	30	66	43	61	49	55	64	65	41	58	68	58
Ante Erceg	35	180	75	R	B	CF	["CF"]	Fortuna Sittard	2026	Croatia	72	40	72	74	75	73	71	72	73	72	70	69	62	59	73	70	67	61	62	71	75	75	71	76	50	71
Ramazan Bayram	20	190	80	R	B	GK	["GK"]	Fortuna Sittard	2025	Belgium	31	68	74	71	62	62	69	60	58	55	61	62	61	62	30	66	43	61	49	55	66	65	41	59	68	60
Luka Tunjić	19	183	75	R	B	AM	["AM","SM","WF"]	Fortuna Sittard	2026	Bosnia and Herzegovina	65	40	67	71	74	72	68	68	71	71	72	68	64	59	64	68	62	61	63	61	66	72	68	63	50	65
Donfack Ryan Gloire Fosso Ymefack	22	183	75	R	B	CM	["CM","DM"]	Fortuna Sittard	2026	Switzerland	68	61	77	79	74	68	71	67	75	73	76	71	66	57	61	68	64	61	62	61	69	77	71	72	50	69
Úmaro Embaló	23	170	62	L	B	WF	["WF","SM"]	Fortuna Sittard	2026	Portugal	69	42	78	71	86	87	70	85	77	82	70	71	73	74	68	75	68	66	72	61	71	76	70	68	50	69
Luca Bastian Plogmann	24	188	78	L	B	GK	["GK"]	Go Ahead Eagles	2026	Germany	31	72	76	71	62	62	74	63	58	55	61	64	62	64	33	68	43	61	49	55	70	65	46	63	73	59
Mats Deijl	27	181	71	R	B	SB	["SB"]	Go Ahead Eagles	2027	Netherlands	64	71	71	82	76	72	71	70	70	72	68	68	67	68	61	71	62	70	65	63	69	69	71	78	50	66
Gerrit Nauber	32	185	78	R	B	CBT	["CBT"]	Go Ahead Eagles	2025	Germany	49	74	80	71	66	66	74	65	65	60	68	66	60	53	61	68	57	61	62	75	81	65	50	73	50	71
Joris Kramer	28	187	76	L	B	CBT	["CBT"]	Go Ahead Eagles	2027	Netherlands	51	77	79	73	77	66	78	65	65	69	68	65	61	51	61	68	60	61	62	74	82	68	54	76	50	72
Dean Ruben James	24	177	71	L	B	SB	["SB"]	Go Ahead Eagles	2026	Netherlands	63	65	71	73	81	79	69	79	65	72	67	65	63	60	61	68	59	61	62	65	73	65	68	69	50	62
Calvin Twigt	21	183	73	R	B	CM	["CM","DM"]	Go Ahead Eagles	2028	Netherlands	71	65	71	83	77	66	74	65	73	74	74	74	74	75	64	76	66	76	75	63	66	75	74	78	50	71
Jakob Breum Martinsen	21	178	68	R	B	WF	["WF","SM","AM"]	Go Ahead Eagles	2027	Denmark	70	47	68	92	66	81	69	81	75	70	71	74	67	72	68	79	66	70	71	61	66	75	69	75	50	68
Henricus Gerardus Hubertus Maria "Evert" Linthorst	24	185	82	R	B	DM	["DM","CM"]	Go Ahead Eagles	2025	Netherlands	73	64	79	83	66	72	73	72	73	66	73	72	66	63	68	72	65	61	63	70	79	75	73	79	50	73
Milan Smit	21	191	73	R	B	CF	["CF","SM","WF"]	Go Ahead Eagles	2028	Netherlands	73	33	71	72	75	73	71	72	72	73	67	67	60	64	75	70	65	61	63	72	75	73	71	65	50	67
Søren Tengstedt	24	188	68	L	B	AM	["AM","SM","CF","SS","WF"]	Go Ahead Eagles	2027	Denmark	71	31	77	71	66	80	71	76	75	66	71	72	68	70	73	74	67	67	62	68	80	76	71	65	50	67
Bobby Adekanye	25	175	66	L	B	WF	["WF","SM"]	Go Ahead Eagles	2025	Netherlands	71	38	76	71	79	82	70	79	77	79	73	71	68	71	70	71	68	64	62	61	68	75	70	64	50	67
Robbin Weijenberg	20	180	70	R	B	AM	["AM","CM"]	Go Ahead Eagles	2025	Netherlands	62	53	69	71	71	70	64	69	68	68	71	68	65	58	61	68	61	61	65	63	67	69	64	63	50	66
Victor Edvardsen	29	185	73	R	B	CF	["CF"]	Go Ahead Eagles	2026	Sweden	76	34	85	78	85	79	71	76	75	79	72	73	69	72	74	76	72	66	75	66	77	74	71	80	50	76
Mathis Suray	23	173	65	R	B	AM	["AM","CF","SS"]	Go Ahead Eagles	2027	Belgium	72	48	69	77	74	71	69	70	73	72	76	71	72	68	75	68	63	61	64	69	68	73	69	71	50	70
Oliver Antman	23	185	75	R	B	WF	["WF","SM","CF","AM","SS"]	Go Ahead Eagles	2027	Finland	74	44	72	74	79	81	72	80	77	77	75	73	68	66	73	72	69	61	62	61	71	78	72	68	50	71
Enric Llansana Beuse	23	183	63	R	B	DM	["DM","CM"]	Go Ahead Eagles	2026	Netherlands	64	65	68	85	74	66	72	68	72	72	73	73	68	67	61	74	62	61	62	72	67	73	68	81	50	71
Jari De Busser	25	190	81	R	B	GK	["GK"]	Go Ahead Eagles	2027	Belgium	31	73	76	71	62	62	72	63	58	55	61	62	61	62	31	66	43	61	49	55	70	65	34	47	72	55
Oliver Valaker Edvardsen	25	175	63	R	B	WF	["WF","SM"]	Go Ahead Eagles	2025	Norway	74	58	84	83	86	91	71	91	74	80	68	67	67	68	73	69	67	61	67	71	91	73	71	82	50	74
Luca Everink	23	179	76	R	B	SB	["SB"]	Go Ahead Eagles	2026	Netherlands	62	62	76	71	76	77	68	68	67	72	65	64	60	58	61	68	59	61	62	64	76	65	65	69	50	62
Jamal Amofa	26	185	82	R	B	CBT	["CBT"]	Go Ahead Eagles	2027	Netherlands	57	72	84	71	82	74	72	74	72	77	66	65	60	57	61	68	61	61	62	69	74	70	61	71	50	70
Julius Dirksen	21	185	75	L	B	SB	["SB","CBT"]	Go Ahead Eagles	2027	Netherlands	63	65	68	71	76	72	68	67	67	70	69	66	64	59	61	68	60	61	62	69	73	68	66	66	50	58
Finn Stokkers	28	180	81	R	B	CF	["CF"]	Go Ahead Eagles	2026	Netherlands	71	41	80	78	66	72	70	74	72	67	64	67	58	57	73	73	68	61	62	72	87	73	70	68	50	63
Pim Saathof	21	178	68	R	B	CBT	["CBT"]	Go Ahead Eagles	2027	Netherlands	51	67	70	71	66	69	68	71	68	62	68	66	61	58	61	68	60	61	62	68	66	68	54	70	50	64
Aske Emil Berg Adelgaard	21	175	66	L	B	SB	["SB"]	Go Ahead Eagles	2028	Denmark	66	66	66	71	74	74	71	72	70	70	61	62	62	62	61	68	61	61	63	61	66	71	71	72	50	65
Sven Jansen	20	192	78	R	B	GK	["GK"]	Go Ahead Eagles	2025	Netherlands	31	68	72	71	62	62	66	59	58	55	61	62	61	62	34	66	43	61	49	55	65	65	42	57	68	60
Nando Verdoni	20	185	75	R	B	GK	["GK"]	Go Ahead Eagles	2026	Netherlands	31	68	71	71	62	62	66	57	58	55	61	63	61	63	30	66	43	61	49	55	63	65	38	57	68	57
Fabian de Keijzer	24	193	83	R	B	GK	["GK"]	Heracles Almelo	2027	Netherlands	31	73	80	71	62	62	75	62	58	55	61	65	63	65	32	72	43	61	49	55	70	65	47	63	72	64
Mimeirhel Obispo Benita	21	173	66	R	B	SB	["SB"]	Heracles Almelo	2025	Netherlands	63	66	72	71	80	85	71	82	74	78	66	70	67	74	63	77	62	61	62	61	68	72	65	71	50	66
Jannes Luca Wieckhoff	24	188	75	R	B	SB	["SB"]	Heracles Almelo	2026	Germany	66	60	70	77	83	77	68	74	69	74	70	67	66	63	61	68	61	61	62	61	68	71	68	69	50	63
Damon Mirani	28	183	80	L	B	CBT	["CBT","DM"]	Heracles Almelo	2027	Netherlands	64	67	80	83	74	66	70	62	65	68	72	68	65	51	61	68	61	61	62	79	85	69	69	78	50	63
Jordy Bruijn	28	172	70	R	B	AM	["AM","CM","DM"]	Heracles Almelo	2026	Netherlands	72	53	74	80	66	74	72	76	74	65	73	71	71	68	72	69	65	72	73	61	66	73	72	77	50	73
Sava-Arangel Cestic Сава Аранђел Честић	23	192	87	R	B	CBT	["CBT"]	Heracles Almelo	2026	Serbia	49	71	90	71	66	66	69	62	65	60	66	65	58	49	61	68	57	61	62	71	78	65	48	72	50	68
Bryan Michael Limbombe Ekango	23	172	77	R	B	WF	["WF","SM"]	Heracles Almelo	2027	Belgium	70	39	78	76	72	86	71	81	74	72	70	67	67	67	68	68	64	61	68	61	74	74	71	69	50	67
Mario Engels	31	184	74	R	B	CF	["CF","WF","SM","AM","SS"]	Heracles Almelo	2025	Germany	72	36	73	75	85	84	71	79	72	77	70	70	65	69	73	73	68	68	70	64	68	72	71	75	50	72
Jizz Hornkamp	26	182	81	R	B	CF	["CF"]	Heracles Almelo	2026	Netherlands	73	61	77	71	66	73	73	72	71	64	68	73	64	70	78	79	71	61	62	73	72	73	73	71	50	69
Shiloh Kiesar ’t Zand	21	178	70	R	B	AM	["AM","CM","WF","SM"]	Heracles Almelo	2025	Netherlands	70	59	74	71	80	78	71	77	76	78	72	74	68	71	72	79	71	73	71	61	69	76	71	69	50	71
Nikolai Rohde Laursen	26	183	78	L	B	WF	["WF","SM"]	Heracles Almelo	2025	Denmark	71	46	73	71	77	75	71	76	75	75	73	74	69	75	70	77	74	77	76	61	66	76	71	63	50	68
Ruben Roosken	24	183	70	L	B	SB	["SB"]	Heracles Almelo	2025	Netherlands	65	62	68	81	80	85	70	82	71	75	66	65	66	64	61	68	61	61	62	61	66	71	68	76	50	65
Jan Žambůrek	23	182	70	R	B	CM	["CM","DM"]	Heracles Almelo	2028	Czechia	72	63	76	74	69	71	73	76	72	69	75	70	66	59	67	68	64	61	62	67	71	72	73	74	50	73
Brian De Keersmaecker	24	182	75	R	B	DM	["DM","CM"]	Heracles Almelo	2028	Belgium	69	67	73	81	83	76	78	74	72	76	78	74	72	66	64	70	64	61	62	67	75	73	70	77	50	71
Timo Jansink	21	198	82	R	B	GK	["GK"]	Heracles Almelo	2029	Netherlands	31	68	76	71	62	62	64	58	58	55	61	61	59	61	31	66	43	61	49	55	64	65	38	54	68	55
Thomas Bruns	33	177	69	R	B	AM	["AM","CM"]	Heracles Almelo	2025	Netherlands	73	58	71	78	66	71	71	71	71	67	76	73	70	67	64	71	68	76	74	67	70	71	71	76	50	74
Kelvin Walther Gianini Leerdam	34	178	79	R	B	CBT	["CBT","SB"]	Heracles Almelo	2025	Suriname	69	67	76	73	66	74	72	74	71	62	73	69	71	67	61	68	62	63	65	73	79	72	71	74	50	70
Luka Kulenović	25	190	85	R	B	CF	["CF"]	Heracles Almelo	2028	Bosnia and Herzegovina	73	32	84	71	68	70	71	66	71	68	61	64	58	57	78	71	64	61	62	83	90	71	71	67	50	68
Diego van Oorschot	19	178	65	R	B	CF	["CF","AM","SS"]	Heracles Almelo	2025	Netherlands	62	35	74	71	77	79	64	80	68	71	61	62	61	65	70	68	66	61	64	64	66	68	64	63	50	64
Justin Hoogma	26	190	81	L	B	CBT	["CBT"]	Heracles Almelo	2026	Netherlands	54	74	79	76	66	66	75	67	67	60	76	71	67	51	61	68	62	61	62	74	72	73	59	74	50	71
Lorenzo Milani	23	178	70	L	B	SB	["SB"]	Heracles Almelo	2028	Italy	62	66	71	71	69	74	69	68	65	65	63	63	65	65	61	68	56	61	62	61	66	65	64	66	50	61
Juho Jaakko Talvitie	19	177	70	L	B	WF	["WF","SM"]	Heracles Almelo	2028	Finland	69	40	71	71	71	73	65	67	76	74	73	69	68	66	61	68	63	61	62	61	66	76	65	63	50	68
Ivan Mesík	23	186	75	L	B	CBT	["CBT"]	Heracles Almelo	2028	Slovakia	59	68	85	73	67	68	68	65	69	65	73	68	68	64	61	68	61	61	62	68	80	71	62	71	50	69
Daniël van Kaam	24	175	71	L	B	DM	["DM","CM"]	Heracles Almelo	2027	Netherlands	69	66	69	78	69	68	73	71	73	70	75	71	71	68	63	69	66	65	68	61	66	73	73	75	50	71
Jop Tijink	19	188	76	L	B	CBT	["CBT"]	Heracles Almelo	2026	Netherlands	47	67	66	71	66	66	68	62	65	62	61	62	58	52	61	68	53	61	62	65	67	65	49	66	50	64
Giandro Alejandro Sambo	18	181	69	R	B	WF	["WF","SM"]	Heracles Almelo	2027	Curacao	62	43	66	71	72	71	63	65	72	71	64	63	61	62	61	68	62	61	62	61	66	71	58	63	50	63
Suf Podgoreanu	23	193	80	R	B	WF	["WF","SM"]	Heracles Almelo	2026	Israel	66	40	79	71	71	66	66	65	73	71	68	74	69	75	70	81	67	61	62	67	74	75	66	68	50	66
Robin Mantel	24	198	87	R	B	GK	["GK"]	Heracles Almelo	2026	Belgium	31	68	79	71	62	62	71	58	58	55	61	62	60	62	32	66	43	61	49	55	64	65	35	53	68	52
Sem Scheperman	22	188	80	L	B	DM	["DM","CM","AM"]	Heracles Almelo	2025	Netherlands	71	59	79	82	66	71	70	70	72	63	71	69	69	67	68	69	65	61	62	66	69	72	70	76	50	70
Stijn Bultman	19	185	75	R	B	CBT	["CBT"]	Heracles Almelo	2026	Netherlands	50	67	74	71	73	72	72	72	65	67	66	65	61	54	61	68	59	61	62	63	69	66	53	70	50	69
Roy Kortsmit	32	191	73	R	B	GK	["GK"]	NAC Breda	2025	Netherlands	31	72	77	71	62	62	71	62	58	55	61	63	61	63	31	66	43	61	49	55	69	65	46	60	71	60
Boyd Lucassen	26	173	72	R	B	SB	["SB"]	NAC Breda	2025	Netherlands	64	66	75	76	68	74	72	69	67	65	68	66	66	63	61	68	60	61	62	63	69	68	70	75	50	65
Martin Koscelník	29	178	73	R	B	SB	["SB"]	NAC Breda	2025	Slovakia	66	65	66	76	69	74	67	73	71	69	72	70	68	68	61	70	64	61	66	69	73	71	63	71	50	65
Boy Kemper	25	185	73	L	B	SB	["SB","CBT"]	NAC Breda	2026	Netherlands	65	68	73	73	73	72	72	70	71	70	68	65	63	60	61	68	62	61	62	67	73	73	72	76	50	67
Jan Van den Bergh	30	188	78	L	B	CBT	["CBT","SB"]	NAC Breda	2026	Belgium	65	70	74	77	74	66	76	65	71	71	68	70	70	71	61	74	66	68	68	75	75	73	73	76	50	68
Casper Staring	23	186	78	R	B	DM	["DM","CM"]	NAC Breda	2026	Netherlands	64	68	74	71	68	73	70	72	65	65	72	68	62	57	61	68	59	61	62	68	75	66	70	71	50	67
Matthew Jimmy David Garbett	22	188	68	R	B	AM	["AM","CM"]	NAC Breda	2025	New Zealand	69	54	74	77	76	78	69	78	72	73	71	69	68	65	68	68	65	67	65	63	72	72	69	74	50	70
Clint Leemans	29	188	73	L	B	CM	["CM","DM"]	NAC Breda	2026	Netherlands	69	62	79	75	66	66	71	62	73	64	75	79	76	79	72	84	73	76	78	66	73	75	70	72	50	70
Kacper Kostorz	25	191	78	R	B	CF	["CF","SM","WF"]	NAC Breda	2025	Poland	74	46	69	76	81	80	73	73	68	73	69	69	63	67	75	72	61	61	62	70	78	68	73	67	50	69
Elías Már Ómarsson	30	183	73	R	B	CF	["CF"]	NAC Breda	2025	Iceland	68	43	74	79	88	86	67	83	72	79	65	65	62	64	71	68	64	61	62	66	80	71	67	76	50	69
Raul Carlos Vasko Caldaroska Paula	20	178	78	R	B	AM	["AM","CM"]	NAC Breda	2026	Germany	68	48	71	76	73	76	68	76	73	72	73	73	69	70	71	74	67	71	73	61	66	73	68	67	50	67
Leo Greiml	23	187	84	R	B	CBT	["CBT"]	NAC Breda	2026	Austria	59	74	79	71	66	66	72	66	65	60	73	68	63	49	61	68	59	61	62	74	77	66	63	72	50	74
Adam Kaied	22	178	75	R	B	SM	["SM","SB","WB"]	NAC Breda	2025	Sweden	64	42	71	71	83	81	63	79	71	76	68	66	67	62	61	68	61	61	62	61	66	71	63	63	50	62
Enes Mahmutovic	27	191	83	R	B	CBT	["CBT"]	NAC Breda	2026	Luxembourg	49	72	81	71	66	66	71	62	65	61	62	62	58	50	61	68	55	61	62	70	75	65	51	71	50	67
Maximilien Balard	24	175	68	R	B	CM	["CM","DM"]	NAC Breda	2027	Australia	72	63	78	81	67	71	74	76	72	67	76	70	66	58	63	68	63	61	62	61	67	76	74	78	50	74
Roy Kuijpers	25	175	66	R	B	WF	["WF","SM","CF"]	NAC Breda	2025	Netherlands	64	38	74	71	78	80	63	79	71	74	67	67	65	68	68	70	65	61	64	67	68	71	63	64	50	64
Daan van Reeuwijk	17	188	75	R	B	CBT	["CBT"]	NAC Breda	2026	Netherlands	48	68	66	71	68	68	68	65	65	65	61	62	58	51	61	68	57	61	62	64	66	65	50	65	50	61
Saná Eusébio Mango Fernandes	18	165	57	R	B	WF	["WF","SM","CF"]	NAC Breda	2025	Portugal	62	45	76	71	86	84	63	84	72	79	63	63	64	62	65	68	61	61	62	63	66	71	61	66	50	63
Fredrik Oldrup Jensen	31	185	73	R	B	DM	["DM","CM","CBT"]	NAC Breda	2025	Norway	65	66	74	79	66	66	73	67	68	60	68	67	65	62	61	68	61	67	62	67	68	70	69	76	50	68
Manel Royo Castell	30	183	78	L	B	SB	["SB"]	NAC Breda	2025	Spain	64	63	78	74	69	76	70	71	69	67	71	67	63	64	61	68	61	61	64	71	80	71	70	72	50	63
Terence Kongolo	30	188	70	L	B	CBT	["CBT","SB"]	NAC Breda	2026	Netherlands	64	69	78	71	66	67	73	68	70	62	70	69	71	70	61	70	62	61	68	73	77	71	69	72	50	66
Cherrion Valerius	19	192	78	R	B	SB	["SB","CBT"]	NAC Breda	2027	Netherlands	63	63	73	74	76	72	68	66	65	69	68	65	61	60	61	68	58	61	62	70	74	65	68	73	50	66
Lars Mol	20	183	70	R	B	DM	["DM","CM"]	NAC Breda	2026	Netherlands	62	59	68	71	66	68	64	69	65	64	72	68	64	59	61	68	60	61	62	67	66	67	62	67	50	64
Aron Van Lare	22	196	78	R	B	GK	["GK"]	NAC Breda	2025	Netherlands	31	69	76	71	62	62	68	60	58	55	61	64	62	64	30	68	43	61	49	55	66	65	33	46	69	60
Dominik Janošek	26	183	78	R	B	AM	["AM","SM","CM"]	NAC Breda	2025	Czechia	74	66	77	78	75	73	75	73	77	76	75	77	76	77	74	80	72	78	73	70	77	76	75	79	50	76
Tein Troost	23	188	77	L	B	GK	["GK"]	NAC Breda	2026	Netherlands	31	69	73	71	62	62	70	60	58	55	61	63	61	63	31	66	43	61	49	55	67	65	42	57	69	60
Leo Sauer	19	183	73	R	B	WF	["WF","SM","AM"]	NAC Breda	2025	Slovakia	65	47	74	73	81	86	66	85	75	78	71	69	69	70	68	69	65	61	64	61	69	74	66	66	50	64
Daniel Bielica	25	191	76	R	B	GK	["GK"]	NAC Breda	2026	Poland	31	73	76	71	62	62	73	63	58	55	61	64	62	64	32	68	43	61	49	55	71	65	43	63	73	62
Stijn van Gassel	28	186	81	L	B	GK	["GK"]	NEC	2026	Netherlands	31	75	77	71	62	62	78	64	58	55	61	64	62	64	33	69	43	61	49	55	73	65	45	63	75	62
Brayann Leanceley Christva Pereira	21	172	70	R	B	SB	["SB"]	NEC	2027	France	64	63	75	71	83	79	70	80	71	76	67	65	70	66	61	68	61	61	62	61	66	71	70	73	50	67
Philippe Sandler	27	190	82	R	B	CBT	["CBT"]	NEC	2029	Netherlands	58	81	84	71	78	69	80	68	78	77	81	75	70	62	61	68	65	73	68	80	86	78	64	71	50	77
Iván Márquez Álvarez	30	191	80	R	B	CBT	["CBT"]	NEC	2025	Spain	56	75	84	73	66	66	74	64	65	60	69	66	61	54	61	68	60	61	62	74	77	68	60	76	50	76
Thomas Ouwejan	28	183	78	L	B	SB	["SB","SM","WB"]	NEC	2027	Netherlands	75	67	75	80	75	74	76	75	77	75	78	78	81	82	64	79	71	81	85	66	73	78	76	74	50	74
Mees Hoedemakers	26	181	75	L	B	DM	["DM","CM"]	NEC	2027	Netherlands	70	68	77	85	66	72	74	71	73	64	77	77	74	74	61	79	69	75	76	61	71	73	73	77	50	70
Roberto González Bayón	24	173	63	L	B	WF	["WF","SM","AM"]	NEC	2027	Spain	71	34	76	71	82	81	73	81	76	79	75	73	72	71	72	72	68	72	71	61	66	75	73	65	50	68
Argyris Darelas Αργύρης Δαρέλας	21	188	81	R	B	AM	["AM","SM","CM"]	NEC	2026	Greece	67	59	76	71	74	72	68	68	72	72	71	71	67	70	66	74	66	61	63	71	78	73	68	65	50	66
Kento Shiogai 塩貝 健人	19	180	78	R	B	CF	["CF"]	NEC	2028	Japan	69	31	68	71	83	87	68	76	73	78	66	66	62	64	71	68	67	68	70	66	79	71	68	68	50	67
Misjonne Juniffer Naigelino Hansen	22	173	69	R	B	WF	["WF","SM"]	NEC	2027	Netherlands	68	35	73	71	85	89	68	85	76	81	71	70	66	68	71	71	68	61	65	65	69	75	68	66	50	68
Başar Önal	20	179	70	R	B	WF	["WF","SM"]	NEC	2028	Türkiye	71	40	70	71	83	82	68	78	75	78	69	70	66	71	73	73	69	68	70	62	70	76	68	72	50	72
Thomas Reinders	21	184	77	L	B	CBT	["CBT"]	NEC	2025	Netherlands	47	66	66	71	69	69	67	65	65	65	61	62	59	53	61	68	53	61	62	69	72	65	49	63	50	60
Bram Nuytinck	34	190	82	L	B	CBT	["CBT"]	NEC	2026	Netherlands	53	79	83	71	66	66	78	63	66	60	72	69	63	56	61	68	60	61	62	76	72	68	58	74	50	79
Koki Ogawa 小川 航基	27	183	77	R	B	CF	["CF"]	NEC	2027	Japan	77	37	78	78	66	66	74	69	72	63	71	72	60	66	78	76	71	61	64	79	72	73	74	71	50	72
Lefteris Lyratzis Λευτέρης Λύρατζης	24	176	70	R	B	SB	["SB"]	NEC	2025	Greece	69	69	73	77	80	83	72	79	73	74	73	69	71	66	61	68	63	61	62	61	73	75	71	77	50	69
Lasse Schøne	38	178	78	R	B	CM	["CM","DM"]	NEC	2025	Denmark	71	65	71	71	66	66	77	67	77	65	81	80	81	81	73	80	80	82	84	68	68	79	70	69	50	74
D'Leanu Arts	21	175	70	R	B	SB	["SB"]	NEC	2025	Netherlands	62	60	72	71	71	71	68	72	67	66	63	62	59	59	61	68	61	61	62	61	66	70	65	69	50	64
Robin Roefs	22	192	72	L	B	GK	["GK"]	NEC	2028	Netherlands	31	71	76	71	62	62	74	61	58	55	61	65	63	65	29	71	43	61	49	55	68	65	45	60	72	61
Kodai Sano 佐野 航大	21	176	66	R	B	SM	["SM","AM","CM"]	NEC	2028	Japan	68	62	72	84	66	82	72	83	76	68	74	69	74	68	66	68	65	67	74	61	71	77	72	75	50	68
Calvin Verdonk	27	174	69	L	B	SB	["SB","CBT"]	NEC	2028	Indonesia	65	69	77	76	85	78	73	76	72	77	73	76	71	75	61	81	66	75	78	72	78	73	73	77	50	72
Sami Ouaissa	20	175	75	L	B	AM	["AM"]	NEC	2028	Netherlands	71	48	71	71	82	80	71	77	74	76	68	66	68	65	68	68	64	66	68	61	67	75	71	64	50	67
Luc Nieuwenhuijs	17	175	69	R	B	WF	["WF","SM"]	NEC	2027	Netherlands	63	36	71	71	70	78	63	75	69	68	64	63	65	65	66	68	62	68	64	61	68	70	63	63	50	65
Omar Jamil Mohamedhoesein	20	170	65	R	B	CM	["CM"]	NEC	2025	Netherlands	64	60	70	71	81	76	67	77	69	74	71	68	65	61	63	68	61	68	62	61	66	68	67	68	50	67
Kas de Wit	21	190	70	R	B	AM	["AM","SM","WF"]	NEC	2025	Netherlands	62	50	72	71	74	74	65	71	71	71	70	67	64	59	61	68	62	61	65	61	66	72	65	63	50	65
Rijk Janse	22	189	72	R	B	GK	["GK"]	NEC	2025	Netherlands	31	68	74	71	62	62	67	60	58	55	61	62	60	62	31	66	43	61	49	55	66	65	44	61	68	60
Vito van Crooij	28	179	70	R	B	WF	["WF","SM"]	NEC	2027	Netherlands	75	47	71	84	82	79	73	79	72	76	73	74	73	76	71	77	70	75	77	65	72	73	73	81	50	75
Dirk Wanner Proper	22	168	63	R	B	DM	["DM","CM"]	NEC	2025	Netherlands	70	70	76	83	66	79	78	78	78	68	80	74	73	67	66	69	65	61	62	63	66	78	77	79	50	71
Jasper Schendelaar	24	187	87	R	B	GK	["GK"]	PEC Zwolle	2026	Netherlands	31	73	75	71	62	62	78	63	58	55	61	64	62	64	33	68	43	61	49	55	70	65	46	67	73	61
Sherel Floranus	26	181	74	R	B	SB	["SB","CBT"]	PEC Zwolle	2027	Curacao	70	66	77	80	90	86	73	85	73	81	73	69	69	63	61	68	62	61	62	68	84	72	73	80	50	69
Olivier Aertssen	20	182	75	R	B	CBT	["CBT"]	PEC Zwolle	2027	Netherlands	48	72	70	71	69	70	72	64	67	65	73	69	64	57	61	68	61	61	62	72	74	69	51	66	50	61
Anselmo García MacNulty	21	187	78	L	B	CBT	["CBT","SB"]	PEC Zwolle	2026	Republic of Ireland	63	68	77	76	74	73	71	72	69	69	70	67	66	65	61	68	61	61	62	76	79	71	66	78	50	69
Thierry Lutonda	24	167	65	L	B	SB	["SB"]	PEC Zwolle	2026	Belgium	66	64	76	71	81	89	68	85	71	76	70	67	67	65	61	68	61	61	62	61	71	71	68	68	50	65
Anouar El Azzouzi	23	187	75	R	B	DM	["DM"]	PEC Zwolle	2026	Morocco	64	66	75	77	66	66	71	66	72	66	74	71	65	57	61	70	62	61	62	73	75	73	69	76	50	73
Younes Namli	30	180	70	L	B	WF	["WF","SM","AM"]	PEC Zwolle	2025	Denmark	72	48	70	79	74	79	73	83	80	77	75	73	72	72	67	73	73	76	76	61	68	80	73	68	50	71
Dylan Vente	25	181	70	R	B	CF	["CF"]	PEC Zwolle	2025	Suriname	75	33	68	72	77	79	74	78	72	73	73	71	58	60	77	70	68	61	62	73	78	73	74	65	50	69
Dave Johannes Andreas van den Berg	24	185	75	L	B	CM	["CM","DM","SM"]	PEC Zwolle	2025	Netherlands	70	62	76	88	67	77	72	75	73	69	76	79	71	75	66	85	74	75	65	66	71	74	72	82	50	72
Dylan Mbayo	23	175	65	L	B	WF	["WF","SM"]	PEC Zwolle	2025	Belgium	68	36	76	71	78	85	66	84	76	77	69	68	65	67	71	69	66	61	64	61	66	76	66	63	50	66
Anthony Fontana	25	177	77	R	B	AM	["AM"]	PEC Zwolle	2025	United States	68	48	74	72	71	68	67	71	70	70	72	71	66	66	70	73	66	66	68	65	67	70	67	69	50	69
Odysseus Velanas	26	180	70	R	B	WF	["WF","SM","AM"]	PEC Zwolle	2026	Netherlands	74	49	73	77	79	74	73	74	73	75	70	72	67	70	72	76	69	73	74	65	66	75	73	74	50	74
Samir Lagsir	21	178	73	R	B	WF	["WF","SM","AM"]	PEC Zwolle	2026	Netherlands	62	54	68	71	83	85	63	81	74	79	67	67	60	61	66	69	63	63	62	61	66	73	63	66	50	64
Kaj de Rooij	24	184	75	R	B	WF	["WF","SM"]	PEC Zwolle	2025	Netherlands	67	38	66	71	68	74	67	71	72	69	71	70	69	70	62	71	63	61	62	61	66	73	67	66	50	66
Eliano Reijnders	24	168	60	R	B	SM	["SM","SB","WB"]	PEC Zwolle	2025	Indonesia	67	60	75	76	74	89	68	89	72	71	71	68	69	65	63	68	63	61	62	61	66	73	68	67	50	66
Kenneth Vermeer	39	181	78	R	B	GK	["GK"]	PEC Zwolle	2025	Netherlands	31	71	73	71	62	62	70	66	58	55	61	64	62	64	35	69	43	61	49	55	69	65	47	67	69	66
Simon Graves Jensen	25	191	78	R	B	CBT	["CBT","SB"]	PEC Zwolle	2025	Denmark	65	68	86	73	67	66	73	64	70	67	73	72	69	70	61	74	61	61	62	73	80	71	71	70	50	64
Thomas Buitink	24	174	68	R	B	CF	["CF","AM","SS"]	PEC Zwolle	2027	Netherlands	74	47	76	76	66	73	73	72	74	67	72	71	67	68	75	72	68	61	62	66	73	74	73	77	50	73
Ryan Jared Thomas	30	174	64	R	B	CM	["CM","AM","DM"]	PEC Zwolle	2025	New Zealand	72	62	71	71	71	76	74	76	74	72	74	72	73	71	66	71	67	71	68	61	66	75	74	73	50	76
Damian van der Haar	20	183	76	L	B	SB	["SB","CBT"]	PEC Zwolle	2025	Netherlands	64	68	72	75	68	69	71	63	65	65	68	66	61	58	61	68	60	61	62	66	79	67	69	67	50	58
Nick Fichtinger	20	178	70	R	B	CM	["CM","DM"]	PEC Zwolle	2026	Netherlands	67	60	69	71	66	71	74	74	69	64	74	71	64	62	61	69	64	61	62	63	66	71	74	67	50	66
Jamiro Gregory Monteiro Alvarenga	31	175	72	R	B	CM	["CM","AM","SM"]	PEC Zwolle	2026	Cabo Verde	78	59	76	89	79	78	78	82	81	80	80	74	74	70	68	68	70	74	75	62	73	80	78	82	50	77
Mohamed Oukhattou	20	180	70	R	B	AM	["AM","CM"]	PEC Zwolle	2026	Netherlands	62	35	67	71	75	72	63	76	73	74	61	62	59	55	61	68	62	61	69	61	66	71	63	63	50	65
Teun Gijselhart	19	180	69	R	B	CM	["CM"]	PEC Zwolle	2026	Netherlands	64	53	68	71	70	72	68	67	69	69	69	68	63	60	66	69	64	61	62	61	66	68	68	66	50	64
Mike Hauptmeijer	27	190	70	R	B	GK	["GK"]	PEC Zwolle	2025	Netherlands	31	69	75	71	62	62	71	60	58	55	61	63	62	63	36	67	43	61	49	55	66	65	44	61	69	60
Duke Verduin	21	195	82	R	B	GK	["GK"]	PEC Zwolle	2025	Netherlands	31	68	74	71	62	62	65	57	58	55	61	60	58	60	33	66	43	61	49	55	63	65	41	56	68	57
Tristan Gooijer	20	185	78	R	B	SB	["SB","CBT"]	PEC Zwolle	2025	Netherlands	63	65	73	71	78	76	68	71	72	74	69	66	64	65	61	68	61	61	62	67	75	71	68	74	50	66
Filip Yavorov Krastev Филип Кръстев	23	178	68	R	B	SM	["SM","AM","CM"]	PEC Zwolle	2025	Bulgaria	63	54	68	71	66	83	63	80	80	73	77	71	68	62	73	68	70	67	72	61	66	80	61	63	50	67
Braydon Marvin Manu	27	170	70	R	B	WF	["WF","SM","CF"]	PEC Zwolle	2026	Ghana	76	43	82	76	84	93	74	91	79	81	74	74	69	71	75	74	69	61	62	61	78	78	74	75	50	75
Walter Daniel Benítez	32	191	93	R	B	GK	["GK"]	PSV	2025	Argentina	31	83	86	71	62	62	85	68	58	55	62	66	65	66	36	76	43	62	49	56	79	66	55	76	82	70
Rick Karsdorp	29	184	80	R	B	SB	["SB"]	PSV	2025	Netherlands	81	73	83	83	87	79	81	76	82	84	81	79	81	81	64	79	76	69	74	76	85	82	81	83	50	80
Armando Maria Obispo	25	185	79	L	B	CBT	["CBT"]	PSV	2025	Netherlands	52	76	81	74	77	74	77	74	73	72	79	74	68	60	61	69	63	67	62	78	85	76	57	76	50	75
Ivan Perišić	35	186	80	R	B	WF	["WF","SM","SB","WB"]	PSV	2025	Croatia	80	72	75	80	73	78	78	76	83	77	84	84	84	86	78	85	82	81	82	82	86	84	78	78	50	79
Ryan Flamingo	22	185	73	R	B	CBT	["CBT","DM"]	PSV	2029	Netherlands	73	73	80	81	70	75	79	74	72	69	76	75	70	69	66	75	66	61	62	77	85	74	77	79	50	72
Malik Leon Tillman	22	187	71	R	B	AM	["AM","WF","SM","CM"]	PSV	2028	United States	81	63	85	77	81	85	82	84	83	82	81	78	75	74	76	76	73	61	74	78	90	84	82	72	50	76
Sergiño Gianni Dest	24	173	68	R	B	SB	["SB"]	PSV	2028	United States	79	74	76	81	92	91	81	90	84	89	83	76	78	75	68	70	69	61	78	68	79	83	81	79	50	78
Luuk de Jong	34	189	86	R	B	CF	["CF"]	PSV	2025	Netherlands	89	62	87	83	66	66	87	62	82	66	84	84	74	79	85	85	83	76	68	93	93	86	87	79	50	81
Noa Noëll Lang	25	179	69	R	B	WF	["WF","SM","AM"]	PSV	2028	Netherlands	80	54	78	83	82	88	81	89	86	85	80	78	74	75	81	76	82	66	79	61	75	85	81	80	50	78
Saint-Cyr Johan Bakayoko	21	179	70	L	B	WF	["WF","SM"]	PSV	2026	Belgium	79	37	74	73	87	90	81	89	84	87	76	75	73	77	77	74	77	66	82	67	74	83	81	66	50	73
Ricardo Daniel Pepi	22	185	74	R	B	CF	["CF"]	PSV	2028	United States	78	44	76	79	74	75	76	73	76	73	73	75	63	65	83	78	74	62	67	75	74	78	76	74	50	71
Joël Drommel	28	193	90	R	B	GK	["GK"]	PSV	2026	Netherlands	31	77	81	71	62	62	79	73	58	56	61	68	65	68	35	79	45	61	49	55	77	65	47	72	78	69
Mauro Jaqueson Junior Ferreira dos Santos	25	171	62	L	B	SB	["SB","CM"]	PSV	2025	Brazil	78	71	75	84	85	85	78	87	82	84	81	76	78	75	71	72	76	78	79	67	66	83	78	82	50	79
Olivier Maxime Boscagli	27	181	68	L	B	CBT	["CBT"]	PSV	2025	France	71	84	79	81	70	74	85	75	82	74	85	81	82	76	62	77	72	66	62	81	85	85	76	80	50	81
Guus Berend Til	27	186	78	R	B	AM	["AM","CM"]	PSV	2026	Netherlands	84	65	76	83	88	78	81	74	79	83	81	79	74	72	81	78	73	71	67	82	81	79	81	81	50	81
Couhaib Driouech صهيب دريوش	22	175	64	L	B	WF	["WF","SM"]	PSV	2029	Morocco	74	33	73	87	95	92	74	89	77	86	68	68	65	70	68	70	63	61	63	61	66	75	74	77	50	69
Jerdy Hendrikus Gerardus Bernardus Schouten	28	185	74	R	B	DM	["DM","CBT","CM"]	PSV	2028	Netherlands	76	81	76	82	69	71	87	71	82	74	85	77	76	68	68	70	68	63	62	74	76	83	84	80	50	77
Joey Veerman	26	185	75	R	B	CM	["CM","DM","AM"]	PSV	2028	Netherlands	78	71	74	87	66	73	80	74	83	69	88	84	88	82	77	79	76	82	81	66	67	84	80	81	50	81
Niek Schiks	20	188	73	L	B	GK	["GK"]	PSV	2027	Netherlands	31	71	75	71	62	62	68	61	58	55	61	64	62	64	31	68	43	61	49	55	68	65	42	60	70	57
Marcus Younis	19	175	74	R	B	WF	["WF","SM"]	PSV	2025	Australia	61	39	73	71	78	80	63	81	71	74	61	62	59	59	61	68	61	61	62	61	66	70	59	63	50	62
Isaac Achmed Koroma Junior Babadi	19	178	68	R	B	AM	["AM","CM","WF","SM"]	PSV	2028	Netherlands	72	49	67	78	71	81	75	84	78	74	71	68	63	58	63	68	66	61	68	61	66	78	75	69	50	69
Hirving Rodrigo Lozano Bahena	29	175	70	R	B	WF	["WF","SM"]	PSV	2028	Mexico	84	47	75	72	89	90	85	89	83	86	78	77	76	77	81	79	79	73	76	71	77	83	85	71	50	79
Tygo Land	19	168	65	R	B	CM	["CM"]	PSV	2029	Netherlands	67	57	67	71	79	76	70	79	77	76	74	69	69	64	63	68	67	70	76	61	66	78	70	65	50	66
Joel Tshisanga Ndala	18	178	73	R	B	WF	["WF","SM"]	PSV	2025	England	67	40	84	71	91	92	66	90	72	82	66	66	62	65	66	69	63	61	62	61	73	71	66	64	50	65
Emmanuel van de Blaak	19	184	80	R	B	CBT	["CBT"]	PSV	2025	Netherlands	47	69	83	71	85	81	66	71	67	74	68	66	62	58	61	68	60	61	62	73	87	68	47	65	50	60
Matteo Dams	20	184	73	L	B	SB	["SB","CBT"]	PSV	2025	Belgium	63	65	80	71	79	75	68	71	68	71	72	68	67	60	66	68	60	61	62	70	82	68	68	72	50	66
Michael Bresser	17	187	78	R	B	CBT	["CBT","SB"]	PSV	2026	Netherlands	63	60	80	71	80	76	66	71	66	71	68	66	66	61	61	68	60	61	62	69	83	67	66	65	50	62
Ismael Saibari Ben El Basra إسماعيل صيباري	23	185	81	R	B	AM	["AM","CM","WF","SM"]	PSV	2029	Morocco	78	55	85	77	86	81	81	81	83	84	78	78	74	76	74	78	76	67	74	61	76	84	81	74	50	76
Fredrik Oppegård	22	175	67	L	B	SB	["SB"]	PSV	2025	Norway	66	63	70	75	83	83	70	81	71	76	71	68	70	68	66	68	61	65	62	61	73	70	70	69	50	63
Wessel Kuhn	18	185	81	L	B	CBT	["CBT","DM","SB"]	PSV	2025	Netherlands	62	60	82	71	72	66	65	64	65	67	66	64	61	52	61	68	57	61	62	67	76	65	63	69	50	62
Richard Ledezma	24	174	64	R	B	AM	["AM","CM","SB"]	PSV	2025	United States	69	56	73	71	68	79	69	80	76	71	75	71	72	68	68	68	67	68	69	61	66	76	69	63	50	68
Jesper Uneken	20	178	67	R	B	CF	["CF"]	PSV	2027	Netherlands	66	31	66	71	74	74	63	70	68	69	66	65	60	59	68	68	62	61	62	68	71	68	63	63	50	64
Adamo Nagalo	22	185	75	R	B	CBT	["CBT"]	PSV	2029	Burkina Faso	50	76	84	76	78	71	74	68	70	71	74	69	67	53	61	68	62	61	62	75	82	73	54	77	50	77
Tijn Smolenaars	19	197	80	R	B	GK	["GK"]	PSV	2025	Netherlands	31	68	77	71	62	62	68	59	58	55	61	63	61	63	30	66	43	61	49	55	65	65	36	56	68	59
Jeroen Houwen	28	188	73	R	B	GK	["GK"]	RKC Waalwijk	2025	Netherlands	31	72	76	71	62	62	74	62	58	55	61	65	63	65	39	71	43	61	49	55	69	65	43	63	72	61
Julian Lelieveld	27	178	69	R	B	SB	["SB"]	RKC Waalwijk	2025	Netherlands	64	67	71	78	66	72	70	72	70	62	74	69	76	68	61	68	62	61	62	67	66	73	69	77	50	69
Dario Van den Buijs	29	188	78	L	B	CBT	["CBT"]	RKC Waalwijk	2025	Belgium	51	74	79	73	66	66	73	63	67	62	71	73	73	75	61	77	65	73	73	73	77	71	55	71	50	68
Liam van Gelderen	23	178	72	R	B	SB	["SB"]	RKC Waalwijk	2027	Suriname	65	65	71	71	73	76	71	69	67	69	64	63	67	62	61	68	59	62	62	70	77	66	71	68	50	64
Juan Carlos Familia-Castillo	25	175	77	L	B	SB	["SB"]	RKC Waalwijk	2025	Netherlands	65	59	74	71	78	76	66	74	69	73	65	64	65	65	63	68	60	61	66	63	72	68	63	69	50	67
Yassin Oukili ياسين وكيلي	24	195	88	R	B	DM	["DM","CM"]	RKC Waalwijk	2025	Morocco	68	63	85	81	69	66	71	67	74	70	76	80	67	71	68	85	71	64	62	61	67	75	71	81	50	74
Denilson Edilson Cleonise Denliho	23	179	70	R	B	WF	["WF","SM"]	RKC Waalwijk	2025	Netherlands	69	44	75	71	91	88	66	86	74	82	71	72	69	72	66	76	65	61	64	63	74	73	66	66	50	67
Patrick Vroegh	25	175	67	L	B	CM	["CM","DM"]	RKC Waalwijk	2025	Netherlands	68	60	69	73	66	69	71	71	71	62	73	70	67	64	61	69	64	66	63	61	66	72	71	70	50	68
Oskar Zawada	28	192	87	R	B	CF	["CF"]	RKC Waalwijk	2026	Poland	75	40	85	81	79	79	73	74	71	73	70	71	61	64	77	74	68	62	63	78	90	73	73	80	50	75
Reuven Niemeijer	29	178	71	R	B	AM	["AM"]	RKC Waalwijk	2025	Netherlands	75	50	68	79	66	70	72	72	72	63	70	68	67	65	73	69	68	61	62	63	68	73	72	72	50	72
Alexander Jakobsen	30	180	73	R	B	WF	["WF","SM"]	RKC Waalwijk	2025	Egypt	66	52	73	71	74	76	63	79	76	76	66	66	67	66	64	69	67	66	72	61	66	74	61	68	50	70
Joey Kesting	23	190	88	L	B	GK	["GK"]	RKC Waalwijk	2025	Netherlands	31	70	76	71	62	62	69	59	58	55	61	64	62	64	32	69	43	61	49	55	65	65	34	52	68	52
Chris-Emmanuel Dikwama Lokesa	20	185	70	R	B	WF	["WF","SM"]	RKC Waalwijk	2026	Belgium	66	48	66	75	76	79	68	83	73	74	73	69	68	65	65	68	64	61	64	61	70	73	68	66	50	66
Nouri El Harmazi	22	175	70	R	B	AM	["AM","CM"]	RKC Waalwijk	2025	Netherlands	64	51	68	71	66	70	67	69	65	60	70	67	63	58	61	68	60	61	62	66	66	68	67	69	50	66
Roshon van Eijma	26	186	78	R	B	CBT	["CBT"]	RKC Waalwijk	2026	Curacao	51	70	76	71	77	79	71	68	65	69	61	62	58	51	61	68	57	61	62	73	82	65	55	71	50	69
Silvester van der Water	28	184	74	L	B	WF	["WF","SM"]	RKC Waalwijk	2025	Netherlands	71	48	70	72	77	78	71	78	72	74	70	72	68	72	73	76	67	61	68	61	72	72	71	74	50	70
Richonell Margaret	24	191	75	R	B	WF	["WF","SM","CF"]	RKC Waalwijk	2026	Netherlands	69	32	71	80	80	80	67	82	72	76	67	67	66	67	68	70	65	61	62	63	74	70	67	69	50	66
Ilias Takidine	23	171	61	R	B	WF	["WF","SM","AM"]	RKC Waalwijk	2025	Belgium	62	33	75	71	75	79	63	82	72	73	67	65	64	62	63	68	62	61	62	61	66	72	59	63	50	63
Yanick Marinus Paulus van Osch	27	183	73	R	B	GK	["GK"]	RKC Waalwijk	2026	Netherlands	31	73	74	71	62	62	76	62	58	55	61	65	63	65	36	73	43	61	49	55	69	65	46	66	72	66
Tim van de Loo	21	180	70	R	B	DM	["DM"]	RKC Waalwijk	2028	Netherlands	72	68	70	71	72	70	69	71	66	67	72	68	62	61	61	68	61	61	62	61	66	69	69	68	50	65
Richard van der Venne	32	173	75	L	B	CM	["CM","AM"]	RKC Waalwijk	2026	Netherlands	76	61	78	71	66	66	76	71	71	66	75	72	70	68	71	70	70	68	72	64	69	71	76	74	50	77
Godfried Roemeratoe	25	178	74	R	B	DM	["DM","CM"]	RKC Waalwijk	2026	Curacao	65	67	75	78	68	69	71	71	69	67	72	68	66	62	61	68	61	61	62	68	75	71	71	77	50	69
Aaron Meijers	37	176	77	L	B	SB	["SB"]	RKC Waalwijk	2025	Netherlands	70	67	75	73	70	68	71	70	72	70	70	70	70	69	61	72	67	75	75	71	81	72	71	73	50	72
Michiel Kramer	36	196	80	R	B	CF	["CF"]	RKC Waalwijk	2025	Netherlands	79	44	83	71	66	66	76	62	69	61	71	73	63	65	77	76	68	61	62	82	80	74	76	74	50	76
Daouda Weidmann	21	180	70	R	B	CM	["CM","AM"]	RKC Waalwijk	2028	France	65	55	66	71	78	77	64	76	72	74	73	69	64	60	61	68	64	61	62	63	66	73	64	63	50	65
Luuk Vogels	21	182	72	R	B	GK	["GK"]	RKC Waalwijk	2026	Netherlands	31	68	71	71	62	62	65	60	58	55	61	62	60	62	32	66	43	61	49	55	66	65	36	53	68	54
Faissal Al Mazyani فيصل المزياني	20	180	70	R	B	CBT	["CBT"]	RKC Waalwijk	2027	Morocco	49	65	68	71	70	67	67	62	65	66	65	64	58	53	61	68	55	61	62	68	66	65	52	67	50	63
Luuk Wouters	25	190	78	L	B	SB	["SB"]	RKC Waalwijk	2025	Netherlands	64	66	82	71	66	66	71	63	66	60	70	67	64	60	61	68	60	61	62	68	74	68	68	66	50	58
Kevin Felida	25	172	63	R	B	DM	["DM","CM"]	RKC Waalwijk	2025	Curacao	63	64	74	75	70	68	71	71	68	67	72	68	65	59	61	68	61	61	62	64	68	69	67	74	50	67
Mohamed Amine Ihattaren	22	183	75	L	B	AM	["AM"]	RKC Waalwijk	2025	Netherlands	69	47	76	71	70	68	66	71	82	76	75	74	77	76	71	74	75	76	77	63	71	81	66	66	50	72
Denzel Hall	23	180	73	R	B	SB	["SB"]	SC Heerenveen	2027	Netherlands	65	61	70	71	76	82	68	76	67	71	61	62	61	63	61	68	59	61	62	66	77	66	68	73	50	66
Sam Kersten	26	191	79	R	B	CBT	["CBT"]	SC Heerenveen	2027	Netherlands	51	72	85	71	84	72	73	65	65	73	73	70	65	55	61	69	59	61	62	71	82	65	56	69	50	69
Paweł Piotr Bochniewicz	28	193	78	L	B	CBT	["CBT"]	SC Heerenveen	2026	Poland	50	75	86	78	70	66	76	62	65	66	71	67	64	51	61	68	59	61	62	76	81	66	52	76	50	75
Amara Condé	28	173	67	R	B	CM	["CM","DM"]	SC Heerenveen	2026	Germany	70	68	79	81	79	79	73	82	75	76	76	71	71	66	68	68	66	73	72	67	75	75	69	78	50	73
Ché Nunnely	25	170	73	R	B	WF	["WF","SM"]	SC Heerenveen	2025	Suriname	69	35	74	78	90	91	70	88	74	82	66	65	63	65	67	68	63	61	70	61	66	73	70	68	50	65
Luuk Brouwers	26	183	78	R	B	AM	["AM","CM","DM"]	SC Heerenveen	2027	Netherlands	73	66	77	81	67	71	71	70	74	69	77	73	72	68	72	69	65	62	63	66	74	74	71	78	50	74
Daniel Seland Karlsbakk	21	185	78	R	B	CF	["CF"]	SC Heerenveen	2026	Norway	69	33	75	72	83	79	67	75	70	75	65	65	62	64	69	68	62	61	62	66	72	71	67	70	50	66
Ilias Sebaoui إلياس سباوي	23	180	68	R	B	WF	["WF","SM","AM"]	SC Heerenveen	2025	Morocco	65	54	69	73	81	81	71	81	77	79	71	71	68	70	73	72	69	61	65	61	66	76	71	69	50	67
Mats Köhlert	26	170	62	L	B	SB	["SB"]	SC Heerenveen	2025	Germany	73	69	78	83	82	82	74	81	76	78	77	74	79	78	70	73	70	73	76	63	74	77	74	80	50	75
Mickey van der Hart	30	188	87	L	B	GK	["GK"]	SC Heerenveen	2025	Netherlands	31	72	75	71	62	62	75	62	58	55	61	66	64	66	34	75	43	61	49	55	70	65	49	65	73	67
Levi Smans	21	175	67	R	B	AM	["AM"]	SC Heerenveen	2028	Netherlands	71	49	69	72	74	75	66	73	73	71	73	68	67	63	74	68	64	61	67	61	66	74	66	68	50	69
Hussein Ali	22	180	73	R	B	SB	["SB"]	SC Heerenveen	2025	Iraq	62	64	68	75	75	79	67	78	67	68	67	65	61	59	61	68	61	61	62	61	66	69	65	72	50	63
Nikolai Søyset Hopland	20	186	80	R	B	CBT	["CBT"]	SC Heerenveen	2025	Norway	54	70	77	71	70	69	70	71	65	66	70	67	61	55	61	68	60	61	62	68	75	68	57	68	50	67
Ion Nicolăescu	26	183	77	R	B	CF	["CF"]	SC Heerenveen	2026	Moldova	76	35	74	71	69	76	74	74	73	71	68	69	58	60	78	73	68	61	62	78	83	72	74	66	50	68
Simon Olsson	27	185	81	R	B	CM	["CM","AM","DM"]	SC Heerenveen	2026	Sweden	67	60	78	85	67	70	71	68	77	71	79	72	71	62	63	68	66	61	62	61	66	78	71	77	50	69
Jacob Bennedsen Trenskow	24	178	64	L	B	SM	["SM","CM"]	SC Heerenveen	2028	Denmark	71	54	71	71	73	73	69	75	75	73	71	68	69	67	72	68	66	64	62	61	66	76	69	68	50	71
Espen van Ee	21	179	68	R	B	DM	["DM","CM"]	SC Heerenveen	2025	Netherlands	65	64	70	71	66	73	70	71	69	62	72	68	63	60	61	68	61	61	62	65	68	70	68	69	50	67
Bernt Klaverboer	19	191	78	R	B	GK	["GK"]	SC Heerenveen	2025	Netherlands	31	68	74	71	62	62	66	60	58	55	61	62	61	62	31	66	43	61	49	55	66	65	38	53	68	56
Jan Bekkema	28	185	88	R	B	GK	["GK"]	SC Heerenveen	2025	Netherlands	31	70	74	71	62	62	71	60	58	55	61	60	59	60	32	66	43	61	49	55	67	65	42	60	69	58
Danilo Al-Saed	25	180	67	R	B	WF	["WF","SM"]	SC Heerenveen	2028	Iraq	73	34	72	74	83	86	71	84	73	77	67	67	61	65	71	69	64	61	63	61	66	73	71	69	50	69
Dimitris Rallis Δημήτρις Ράλλης	19	180	74	R	B	CF	["CF","AM","SS"]	SC Heerenveen	2025	Netherlands	69	31	74	71	66	75	67	74	70	66	64	63	61	60	72	68	63	61	62	70	78	71	67	64	50	65
Mateja Milovanovic Матеја Миловановић	20	186	74	L	B	CBT	["CBT","SB"]	SC Heerenveen	2026	Serbia	62	66	74	71	70	70	69	67	66	66	63	63	62	55	61	68	59	61	62	68	73	66	64	67	50	64
Melle Joop Witteveen	21	175	70	L	B	AM	["AM","SM","CM"]	SC Heerenveen	2025	Netherlands	69	48	70	71	76	77	66	75	67	70	75	70	68	63	64	68	60	61	62	66	68	68	66	68	50	68
Alireza Jahanbakhsh	31	181	78	R	B	WF	["WF","SM"]	SC Heerenveen	2025	Iran	76	51	77	76	73	79	74	80	77	74	76	79	73	79	75	85	79	68	74	76	90	77	74	77	50	77
Ties Oostra	20	178	72	R	B	CM	["CM"]	SC Heerenveen	2025	Netherlands	64	52	74	71	72	69	63	64	65	67	73	69	65	59	61	68	59	61	62	66	71	66	63	71	50	66
Isaiah Ahmed	19	186	75	R	B	DM	["DM","CM"]	SC Heerenveen	2027	Curacao	62	59	66	71	67	69	66	67	67	65	67	65	62	56	61	68	60	61	62	68	71	68	65	70	50	66
Andries Noppert	30	203	92	L	B	GK	["GK"]	SC Heerenveen	2027	Netherlands	31	76	83	71	62	62	76	65	58	55	61	64	62	64	39	70	43	61	49	55	74	65	53	71	76	63
Oliver Johansen Braude	20	166	60	R	B	SB	["SB"]	SC Heerenveen	2027	Norway	67	64	72	84	70	73	67	76	68	67	74	69	72	65	61	68	61	65	62	62	66	70	66	77	50	68
Nick Olij	29	188	78	R	B	GK	["GK"]	Sparta Rotterdam	2028	Netherlands	31	81	77	71	62	62	81	69	58	55	61	64	62	64	38	68	43	61	49	55	79	65	54	62	81	66
Boyd Reith	25	176	72	R	B	SB	["SB"]	Sparta Rotterdam	2027	Netherlands	64	66	69	76	74	74	71	70	65	69	72	68	70	65	61	68	57	61	71	61	66	65	71	71	50	63
Marvin Young	19	182	78	R	B	CBT	["CBT","SB"]	Sparta Rotterdam	2027	Netherlands	63	66	74	71	74	74	68	70	67	70	68	66	67	63	61	68	59	61	62	66	74	66	68	70	50	64
Mike Eerdhuijzen	24	194	83	L	B	CBT	["CBT"]	Sparta Rotterdam	2026	Netherlands	50	75	86	73	66	66	75	65	65	63	73	68	63	60	61	68	57	61	62	78	81	65	53	71	50	68
Djevencio van der Kust	23	168	60	L	B	SB	["SB"]	Sparta Rotterdam	2026	Suriname	65	63	75	81	89	90	69	85	71	79	71	67	64	64	61	68	61	61	62	61	69	71	69	75	50	64
Joshua Gaston Kitolano	23	170	71	R	B	CM	["CM","DM"]	Sparta Rotterdam	2026	Norway	76	72	80	88	77	88	78	88	78	77	79	72	68	62	67	68	66	61	64	61	82	78	78	82	50	75
Camiel Neghli كميل نيجلي	23	179	73	L	B	WF	["WF","SM"]	Sparta Rotterdam	2026	Algeria	67	51	68	88	85	81	66	80	73	78	72	71	69	72	68	72	66	73	74	61	68	73	66	74	50	66
Pelle Clement	28	178	68	R	B	CM	["CM","DM","SM"]	Sparta Rotterdam	2025	Netherlands	72	61	73	79	85	78	73	77	74	79	80	73	73	69	72	68	67	66	72	65	71	73	73	72	50	71
Tobias Lauritsen	27	194	85	R	B	CF	["CF"]	Sparta Rotterdam	2025	Norway	80	44	87	77	66	68	76	65	71	64	68	70	58	65	79	75	67	61	62	88	93	73	76	72	50	72
Arno Verschueren	27	183	73	R	B	AM	["AM","CM"]	Sparta Rotterdam	2025	Belgium	79	69	74	83	86	74	77	72	73	79	78	76	68	67	76	74	68	61	62	81	84	73	77	81	50	78
Mohamed Nassoh محمد نصوح	21	188	76	R	B	WF	["WF","SM","AM"]	Sparta Rotterdam	2028	Morocco	70	51	69	73	74	74	66	69	76	74	71	69	68	66	73	69	68	61	70	61	66	76	66	65	50	68
Youri Schoonderwaldt	24	195	82	L	B	GK	["GK"]	Sparta Rotterdam	2026	Netherlands	31	69	76	71	62	62	69	60	58	55	61	62	61	62	30	66	43	61	49	55	67	65	44	56	69	60
Teo Quintero León	25	188	80	L	B	CBT	["CBT","DM"]	Sparta Rotterdam	2027	Venezuela	61	68	73	76	72	66	72	62	65	67	68	65	61	53	61	68	57	61	62	75	74	65	61	76	50	63
Charles-Andreas Brym	26	185	68	R	B	CF	["CF","SM","WF"]	Sparta Rotterdam	2025	Canada	72	33	73	80	85	85	72	81	72	78	71	71	62	68	73	73	66	61	62	66	72	71	72	74	50	69
Jonathan de Guzmán	37	173	70	R	B	CM	["CM","DM"]	Sparta Rotterdam	2025	Netherlands	71	59	74	71	66	66	71	70	76	69	76	76	76	76	72	78	75	76	79	63	72	76	71	68	50	71
Abemly Meto Silu	21	178	69	R	B	DM	["DM","CM"]	Sparta Rotterdam	2025	Brazil	70	70	68	76	74	73	74	71	75	74	76	71	67	62	64	68	63	61	62	73	74	76	71	73	50	69
Shunsuke Mito 三戸 舜介	22	164	60	R	B	WF	["WF","SM"]	Sparta Rotterdam	2028	Japan	66	40	79	79	84	87	65	85	76	80	70	68	63	65	69	68	66	61	69	61	66	76	65	68	50	65
Julian Baas	22	183	80	R	B	CM	["CM","DM"]	Sparta Rotterdam	2027	Netherlands	68	59	76	88	66	72	74	67	74	67	73	74	75	75	61	76	67	74	77	63	72	76	73	79	50	69
Kayky da Silva Chagas	21	175	67	L	B	WF	["WF","SM"]	Sparta Rotterdam	2025	Brazil	66	36	73	71	79	85	63	85	77	78	68	67	66	65	71	68	63	61	62	61	66	76	61	63	50	67
Patrick John Miguel van Aanholt	34	176	67	L	B	SB	["SB"]	Sparta Rotterdam	2025	Netherlands	76	72	78	77	90	86	76	81	78	84	76	76	75	74	69	78	72	76	76	67	88	78	76	77	50	76
Ayoub Oufkir	19	168	66	L	B	WF	["WF","SM"]	Sparta Rotterdam	2027	Netherlands	63	45	70	71	80	82	63	79	73	76	67	65	68	63	61	68	62	61	74	61	66	74	60	63	50	66
Mike Kleijn	19	175	65	L	B	CM	["CM","SB"]	Sparta Rotterdam	2028	Netherlands	66	54	74	71	72	74	67	74	68	68	73	71	69	65	61	69	60	61	62	68	66	68	67	70	50	68
Saïd Bakari	30	178	73	R	B	SB	["SB"]	Sparta Rotterdam	2025	Comoros	70	62	77	82	79	84	70	81	72	76	71	70	66	68	66	71	64	61	64	66	74	71	69	78	50	72
Rick Meissen	22	191	87	R	B	CBT	["CBT"]	Sparta Rotterdam	2026	Netherlands	49	71	85	71	66	66	72	62	65	60	69	66	59	51	61	68	58	61	62	71	74	65	51	70	50	68
Hamza el Dahri	19	178	72	R	B	AM	["AM","CM"]	Sparta Rotterdam	2027	Netherlands	61	40	71	71	71	70	63	71	72	71	68	66	60	53	61	68	61	61	62	61	66	71	61	66	50	63
Max de Ligt	20	185	75	R	B	CBT	["CBT"]	Sparta Rotterdam	2026	Netherlands	46	67	66	71	66	66	68	62	65	63	64	63	58	51	61	68	55	61	62	66	66	65	45	65	50	59
Kaylen Jermaine Danny Reitmaier	20	197	86	R	B	GK	["GK"]	Sparta Rotterdam	2025	Germany	31	68	78	71	62	62	63	59	58	55	61	62	60	62	32	66	43	61	49	55	65	65	34	49	68	54
Dylan Tevreden	19	187	80	R	B	GK	["GK"]	Sparta Rotterdam	2025	Netherlands	31	68	72	71	62	62	66	57	58	55	61	62	61	62	29	66	43	61	49	55	63	65	35	50	68	54
Sergi Rosanas Moragas	23	173	68	R	B	SB	["SB"]	Sparta Rotterdam	2025	Spain	62	59	71	71	85	82	66	76	68	74	68	65	61	61	61	68	61	61	62	61	66	70	63	63	50	61
Thomas Didillon	29	193	88	L	B	GK	["GK"]	Willem II	2026	France	31	73	78	71	62	63	76	67	58	57	61	65	65	65	35	73	43	61	49	55	72	65	45	61	72	65
Erik Schouten	33	182	73	R	B	CBT	["CBT"]	Willem II	2025	Netherlands	49	76	72	74	66	67	72	69	65	60	68	66	64	52	61	68	58	61	62	71	73	65	53	76	50	73
Rúnar Thór Sigurgeirsson Rúnar Þór Sigurgeirsson	25	186	75	L	B	SB	["SB"]	Willem II	2026	Iceland	67	65	68	79	74	71	70	69	69	71	68	66	68	65	63	68	62	61	66	68	71	69	69	75	50	66
Boris Luc Lambert	24	187	67	R	B	DM	["DM","CBT","CM"]	Willem II	2028	Belgium	67	70	79	78	66	66	75	62	72	64	75	70	63	57	61	68	61	61	62	74	73	71	68	79	50	72
Nick Doodeman	28	173	62	R	B	WF	["WF","SM","SB","WB"]	Willem II	2025	Netherlands	70	37	73	73	76	79	66	78	73	74	68	66	68	68	71	68	65	63	63	61	66	73	66	65	50	67
Jesse Bosch	24	176	76	R	B	CM	["CM","AM","DM"]	Willem II	2027	Netherlands	71	62	77	86	76	74	71	74	72	73	73	76	69	70	63	79	68	63	62	68	76	72	71	77	50	69
Kyan Vaesen	23	190	79	R	B	CF	["CF"]	Willem II	2025	Belgium	75	37	81	71	66	66	72	66	72	67	68	69	67	68	73	72	69	74	70	76	78	74	72	66	50	69
Emilio Kehrer	22	177	67	R	B	WF	["WF","SM","CF"]	Willem II	2027	Germany	70	32	71	73	74	79	68	83	73	73	64	66	60	65	69	72	68	61	62	66	68	73	68	66	50	65
Cisse Sandra	21	184	76	L	B	CM	["CM","AM","CF","SS"]	Willem II	2025	Belgium	73	59	78	89	73	73	73	75	74	72	73	71	72	71	71	72	68	68	64	67	75	76	73	81	50	73
Miodrag Pivas Миодраг Пиваш	19	188	85	R	B	CBT	["CBT","DM","SB"]	Willem II	2025	Serbia	62	64	77	71	68	67	66	62	65	65	67	65	61	57	61	68	59	61	62	68	75	65	62	72	50	67
Ringo Meerveld	22	177	74	R	B	AM	["AM","SM","CM"]	Willem II	2026	Netherlands	73	55	70	71	73	71	73	71	77	74	75	74	71	70	72	74	73	68	72	64	67	78	73	66	50	70
Patrick Joosten	28	176	72	R	B	WF	["WF","SM"]	Willem II	2025	Netherlands	69	42	68	73	78	81	70	79	72	74	66	71	65	71	71	79	72	74	74	63	71	73	70	67	50	66
Jeremy Loteteka Bokila	36	188	81	L	B	CF	["CF","WF","SM"]	Willem II	2025	Congo DR	74	40	79	71	76	73	68	72	71	71	68	68	61	65	73	70	68	61	62	72	80	73	68	74	50	74
Valentino Vermeulen	23	180	76	R	B	SB	["SB"]	Willem II	2025	Netherlands	65	61	72	76	78	76	68	76	69	72	69	66	68	64	63	68	61	61	66	61	66	69	68	71	50	66
Amar Abdirahman Ahmed Fatah	20	180	73	R	B	WF	["WF","SM"]	Willem II	2025	Sweden	63	35	68	71	78	75	63	74	72	74	64	63	63	61	61	68	62	61	62	61	66	73	57	63	50	65
Rob Nizet	22	177	73	L	B	SB	["SB"]	Willem II	2025	Belgium	67	61	68	76	82	86	68	82	68	74	68	68	65	67	61	70	63	68	71	61	66	68	68	73	50	67
Connor van den Berg	23	187	74	R	B	GK	["GK"]	Willem II	2025	Netherlands	31	68	73	71	62	62	68	60	58	55	61	62	60	62	31	66	43	61	49	55	66	65	42	55	68	57
Mickaël Tirpan	31	177	74	R	B	SB	["SB","DM","CBT"]	Willem II	2026	Türkiye	70	67	71	78	76	77	74	76	69	71	71	67	70	67	61	68	62	61	69	71	76	70	70	77	50	72
Dani Mathieu	23	170	67	R	B	AM	["AM"]	Willem II	2026	Netherlands	62	48	68	71	66	66	64	63	69	64	73	68	67	62	62	68	62	62	63	61	66	72	64	64	50	66
Raffael Behounek	27	187	80	R	B	CBT	["CBT"]	Willem II	2026	Austria	54	73	87	77	71	66	73	68	65	66	66	64	58	56	61	68	57	61	62	69	76	65	59	77	50	72
Tommy Luciano St. Jago	25	188	68	R	B	CBT	["CBT","SB"]	Willem II	2025	Netherlands	65	69	79	74	78	77	73	76	67	70	68	66	63	60	61	68	61	61	62	71	81	71	72	75	50	67
Amine Lachkar	21	188	78	R	B	DM	["DM","CM"]	Willem II	2027	Netherlands	68	64	68	71	67	66	70	62	72	67	77	71	71	65	63	68	63	61	67	65	68	74	65	71	50	69
Khaled Razak	19	174	65	R	B	WF	["WF","SM"]	Willem II	2027	Netherlands	61	39	66	71	80	79	63	71	69	74	63	63	63	62	65	68	61	61	62	61	66	68	60	63	50	61
Maarten Schut	21	180	76	R	B	GK	["GK"]	Willem II	2025	Netherlands	31	69	67	71	62	62	68	60	58	55	61	61	59	61	32	66	43	61	49	55	67	65	40	57	69	58
Niels van Berkel	23	174	68	L	B	SB	["SB"]	Willem II	2025	Netherlands	62	63	73	71	69	72	67	66	65	66	65	64	63	61	61	68	59	61	62	62	68	65	65	68	50	62
Jens Mathijsen	17	185	75	R	B	CBT	["CBT"]	Willem II	2027	Netherlands	47	71	66	71	67	66	66	62	65	64	64	63	60	50	61	68	54	61	62	67	66	65	49	67	50	61
Per van Loon	20	180	72	R	B	WF	["WF","SM"]	Willem II	2026	Netherlands	63	37	69	71	66	67	63	69	71	66	61	65	62	68	66	73	61	61	62	61	66	70	63	63	50	63
Dean Donny Huijsen	19	195	84	R	B	CBT	["CBT"]	AFC Bournemouth	2030	Spain	51	74	73	71	73	66	71	63	73	71	74	69	66	59	61	68	65	61	62	76	75	74	56	70	50	73
Milos Kerkez Милош Керкез	21	180	71	L	B	SB	["SB"]	AFC Bournemouth	2027	Hungary	75	73	80	90	88	90	79	88	79	83	78	74	77	76	63	70	65	61	71	68	76	78	79	87	50	78
Lewis John Cook	27	175	71	R	B	DM	["DM"]	AFC Bournemouth	2028	England	74	78	76	82	66	70	83	75	81	71	81	76	78	73	68	72	72	72	74	61	68	81	81	81	50	79
Marcos Nicolás Senesi Barón	27	185	75	L	B	CBT	["CBT"]	AFC Bournemouth	2026	Argentina	55	83	81	76	66	69	83	70	79	68	81	73	78	65	62	68	67	62	62	81	85	80	61	80	50	82
David Robert Brooks	27	177	62	L	B	WF	["WF","SM"]	AFC Bournemouth	2026	Wales	77	54	74	71	69	72	77	74	81	75	79	76	76	76	76	73	74	73	77	68	69	81	77	68	50	75
Alex Jay Scott	21	178	68	R	B	CM	["CM","AM","DM"]	AFC Bournemouth	2028	England	75	68	79	83	76	79	78	82	81	79	80	74	76	71	71	68	69	77	72	63	73	81	78	76	50	74
Francisco Evanilson de Lima Barbosa	25	181	77	R	B	CF	["CF"]	AFC Bournemouth	2029	Brazil	85	38	84	83	79	80	85	77	82	80	79	79	66	68	84	80	80	61	73	80	90	83	85	80	50	80
Ryan Christie	29	178	79	L	B	DM	["DM"]	AFC Bournemouth	2027	Scotland	78	76	80	86	79	79	81	80	80	80	81	81	78	78	74	80	70	76	79	63	77	80	79	85	50	83
Dango Aboubacar Faissal Ouattara	22	177	71	L	B	SM	["SM","SB","WB"]	AFC Bournemouth	2028	Burkina Faso	77	55	73	71	85	89	75	84	81	84	72	71	71	72	77	71	69	65	72	76	80	80	75	65	50	71
Tyler Shaan Adams	25	175	72	R	B	DM	["DM"]	AFC Bournemouth	2028	United States	76	82	80	83	74	87	83	84	77	74	82	73	72	62	63	68	64	63	62	73	82	78	81	84	50	84
Kepa Arrizabalaga Revuelta	30	189	85	R	B	GK	["GK"]	AFC Bournemouth	2025	Spain	31	82	79	71	62	62	85	67	58	55	69	73	71	72	34	85	43	62	49	56	76	66	51	76	82	73
Adam Smith	33	180	78	R	B	SB	["SB"]	AFC Bournemouth	2026	England	74	75	73	78	70	70	78	70	76	71	79	77	73	75	61	76	69	72	72	72	75	78	78	78	50	75
Marcus Joseph Tavernier	25	178	70	L	B	WF	["WF","SM"]	AFC Bournemouth	2028	England	78	65	74	84	80	81	79	81	82	82	77	82	77	84	77	88	76	71	83	61	72	81	79	73	50	72
Luis Fernando Sinisterra Lucumí	25	172	60	R	B	WF	["WF","SM"]	AFC Bournemouth	2027	Colombia	77	58	77	74	88	92	77	93	82	85	78	77	73	75	76	77	78	61	68	74	73	82	77	69	50	73
Justin Dean Kluivert	25	171	66	R	B	AM	["AM","SM","WF"]	AFC Bournemouth	2028	Netherlands	76	48	76	77	90	90	76	89	83	87	78	80	77	82	78	83	78	71	76	66	78	83	76	74	50	76
Julián Vicente Araujo Zúñiga	23	175	70	R	B	SB	["SB"]	AFC Bournemouth	2029	Mexico	71	73	74	85	91	90	76	86	74	82	73	69	72	67	61	68	63	61	62	66	81	75	70	84	50	74
James Clayton Hill	23	184	73	R	B	CBT	["CBT","SB"]	AFC Bournemouth	2026	England	65	70	79	72	78	70	76	67	68	70	73	68	67	60	61	68	61	61	62	74	79	70	73	74	50	67
Antoine Serlom Semenyo	25	185	79	R	B	WF	["WF","SM"]	AFC Bournemouth	2029	Ghana	80	41	83	77	90	84	79	80	82	86	78	79	71	78	81	81	72	61	76	71	85	81	79	75	50	76
Enes Ünal	27	187	78	R	B	CF	["CF"]	AFC Bournemouth	2028	Türkiye	81	45	84	81	72	73	81	73	82	76	78	80	68	74	83	84	81	81	77	83	88	83	81	81	50	80
Illia Zabarnyi Забарний Ілля Борисович	22	189	80	R	B	CBT	["CBT"]	AFC Bournemouth	2028	Ukraine	55	81	83	73	73	66	81	68	68	67	79	72	71	62	61	68	62	61	62	80	84	72	62	76	50	77
Philip Anyanwu Billing	28	197	80	L	B	CM	["CM","AM","DM"]	AFC Bournemouth	2027	Denmark	81	72	85	81	66	66	81	62	81	69	81	84	74	77	79	87	79	76	77	81	83	81	81	80	50	80
Owen Bevan	21	186	77	R	B	CBT	["CBT"]	AFC Bournemouth	2028	Wales	49	71	75	71	66	69	69	63	65	62	63	63	58	54	61	68	59	61	62	68	74	66	50	68	50	67
Maximilian James Aarons	25	171	69	R	B	SB	["SB"]	AFC Bournemouth	2027	England	75	73	78	85	82	86	76	87	76	78	73	69	69	66	61	68	64	61	62	63	78	77	76	81	50	75
Will Dennis	24	188	79	R	B	GK	["GK"]	AFC Bournemouth	2026	England	31	74	76	71	62	62	75	64	58	55	61	64	62	64	31	68	43	61	49	55	72	65	40	59	74	59
Mark Travers	25	191	82	R	B	GK	["GK"]	AFC Bournemouth	2027	Republic of Ireland	31	78	78	71	62	62	80	65	58	55	61	66	64	66	36	74	43	61	49	55	74	65	49	67	76	65
William Alain André Gabriel Saliba	23	193	85	R	B	CBT	["CBT"]	Arsenal	2027	France	64	91	89	79	88	80	89	70	83	83	88	76	76	65	63	68	66	63	62	84	90	86	70	83	50	88
Kieran Tierney	27	180	73	L	B	SB	["SB"]	Arsenal	2026	Scotland	81	78	76	81	85	81	82	80	82	83	82	82	80	83	63	82	69	66	77	68	79	81	82	83	50	82
Benjamin William White	27	185	77	R	B	SB	["SB"]	Arsenal	2028	England	75	82	81	86	79	74	87	74	84	80	87	76	84	71	63	68	67	63	69	83	85	86	87	85	50	78
Thomas Teye Partey	31	185	77	R	B	DM	["DM","CM","SB"]	Arsenal	2025	Ghana	79	80	86	81	73	66	85	67	84	78	87	87	83	82	74	87	75	75	74	76	79	85	83	84	50	83
Gabriel dos Santos Magalhães	27	190	87	L	B	CBT	["CBT"]	Arsenal	2027	Brazil	63	89	88	78	79	67	88	62	72	71	84	75	70	57	63	68	63	63	62	89	88	78	70	83	50	84
Bukayo Saka	23	178	65	L	B	WF	["WF","SM"]	Arsenal	2027	England	89	64	79	89	86	90	90	88	91	88	88	85	84	85	88	82	86	81	87	63	75	90	90	83	50	85
Martin Ødegaard	26	178	68	L	B	CM	["CM"]	Arsenal	2028	Norway	89	71	76	90	74	76	93	82	92	82	93	88	90	86	87	85	87	88	86	67	71	93	93	82	50	85
Gabriel Fernando de Jesus	27	175	73	R	B	CF	["CF"]	Arsenal	2027	Brazil	86	47	84	85	84	88	85	90	89	87	84	84	77	81	84	85	82	66	79	82	90	88	85	85	50	85
Gabriel Teodoro Martinelli Silva	23	178	75	R	B	WF	["WF","SM"]	Arsenal	2027	Brazil	85	51	76	85	90	92	85	90	88	89	83	81	78	80	85	80	81	76	78	78	85	87	85	85	50	84
Jurriën David Norman Timber	23	179	78	R	B	CBT	["CBT","SB"]	Arsenal	2028	Netherlands	77	82	85	80	81	81	85	79	81	80	83	74	73	65	63	68	65	63	62	76	86	82	83	79	50	75
Jakub Piotr Kiwior	24	189	75	L	B	SB	["SB","CBT"]	Arsenal	2028	Poland	71	77	79	82	78	68	81	65	71	73	77	72	73	69	61	68	62	61	62	78	82	72	81	80	50	72
Oleksandr Zinchenko Зінченко Олександр Володимирович	28	175	64	L	B	SB	["SB"]	Arsenal	2027	Ukraine	82	76	75	81	67	77	83	79	85	76	86	84	85	83	68	81	76	81	85	76	78	85	83	80	50	82
Takehiro Tomiyasu 冨安 健洋	26	188	84	R	B	SB	["SB"]	Arsenal	2026	Japan	72	81	85	81	74	74	81	74	77	74	79	72	74	66	61	68	64	61	62	78	86	78	81	81	50	73
Leandro Trossard	30	171	67	R	B	WF	["WF","SM","CF"]	Arsenal	2027	Belgium	85	40	76	81	80	89	84	91	87	83	85	85	83	84	86	85	84	76	85	73	79	87	84	71	50	78
Jorge Luiz Frello Filho	33	178	68	R	B	DM	["DM","CM"]	Arsenal	2025	Italy	79	74	74	83	66	66	85	69	86	70	90	82	85	77	73	75	76	81	79	67	68	88	85	83	50	81
David Raya Martín	29	183	75	R	B	GK	["GK"]	Arsenal	2028	Spain	31	86	79	72	62	69	88	79	59	55	71	76	74	74	41	89	46	63	49	56	80	66	55	80	86	78
Mikel Merino Zazón	28	189	83	L	B	CM	["CM","AM"]	Arsenal	2028	Spain	87	81	83	86	76	76	88	77	87	81	88	88	84	84	83	87	78	76	83	89	90	88	88	86	50	86
Kai Lukas Havertz	25	193	82	L	B	CF	["CF","CM"]	Arsenal	2028	Germany	88	52	79	88	82	78	87	78	88	84	87	84	82	80	86	82	84	65	86	86	88	88	87	77	50	80
Raheem Shaquille Sterling	30	172	69	R	B	WF	["WF","SM"]	Arsenal	2025	England	85	48	82	75	85	90	83	92	86	86	82	81	78	80	83	81	78	83	82	63	75	85	83	69	50	77
Norberto Murara Neto	35	190	83	R	B	GK	["GK"]	Arsenal	2025	Brazil	31	82	79	71	62	62	85	74	58	55	62	67	65	67	37	77	43	62	49	56	79	66	53	76	81	69
Riccardo Calafiori	22	188	86	L	B	SB	["SB","CBT"]	Arsenal	2029	Italy	76	77	81	78	74	73	83	73	78	74	80	79	76	78	68	79	73	72	76	79	85	81	81	79	50	74
Declan Rice	26	185	80	R	B	DM	["DM","CM"]	Arsenal	2028	England	82	84	84	93	79	75	89	68	87	82	88	87	87	85	73	86	76	74	85	79	85	88	88	91	50	84
Myles Anthony Lewis-Skelly	18	173	65	L	B	CM	["CM","DM"]	Arsenal	2025	England	66	57	68	71	68	70	68	69	69	67	71	68	65	60	61	68	62	61	62	64	66	70	68	68	50	67
Ethan Chidiebere Nwaneri	17	176	70	L	B	AM	["AM","CM"]	Arsenal	2029	England	68	48	74	71	76	78	68	79	75	75	73	70	70	67	71	68	68	63	69	61	66	74	68	63	50	68
Matthew Stuart Cash	27	185	74	R	B	SB	["SB"]	Aston Villa	2027	Poland	79	78	74	88	80	79	83	78	80	79	79	79	79	80	73	80	70	62	74	62	73	81	83	87	50	79
Diego Carlos Santos Silva	31	186	79	R	B	CBT	["CBT"]	Aston Villa	2026	Brazil	65	83	89	71	74	66	84	67	75	72	80	78	69	61	62	77	66	77	62	81	85	78	70	77	50	82
Ezri Konsa Ngoyo	27	183	77	R	B	CBT	["CBT","SB"]	Aston Villa	2028	England	71	83	81	83	83	76	86	74	82	81	84	76	76	69	63	69	65	63	62	83	87	83	86	82	50	76
Tyrone Deon Mings	31	196	77	L	B	CBT	["CBT"]	Aston Villa	2026	England	65	82	87	71	76	66	81	62	74	74	80	73	78	71	62	68	62	62	62	81	84	74	70	79	50	82
Ross Barkley	31	186	76	R	B	CM	["CM","AM"]	Aston Villa	2027	England	81	66	80	79	66	66	83	68	83	71	84	85	80	80	78	85	77	78	74	75	76	83	83	78	50	80
John McGinn	30	178	68	L	B	SM	["SM","DM"]	Aston Villa	2027	Scotland	83	80	86	93	69	76	85	78	86	77	86	86	84	83	82	86	81	71	79	68	80	86	85	90	50	85
Youri Tielemans	27	176	72	R	B	CM	["CM","DM","AM"]	Aston Villa	2027	Belgium	85	73	78	78	66	66	84	67	85	70	88	88	85	84	82	87	86	83	86	73	74	88	84	76	50	82
Jhon Jáder Durán Palacio	21	187	70	L	B	CF	["CF"]	Aston Villa	2030	Colombia	81	38	84	75	84	78	78	75	79	80	74	80	65	74	83	87	79	65	62	73	85	81	78	80	50	76
Emiliano Buendía Stati	28	172	72	R	B	WF	["WF","SM","AM"]	Aston Villa	2026	Argentina	80	69	79	71	70	78	79	80	84	77	83	82	82	81	79	80	78	79	84	80	81	84	79	77	50	83
Oliver George Arthur Watkins	29	180	70	R	B	CF	["CF"]	Aston Villa	2028	England	89	52	85	90	90	84	88	83	84	87	83	84	74	79	88	86	81	72	78	87	93	83	88	85	50	84
Lucas Digne	31	178	74	L	B	SB	["SB"]	Aston Villa	2026	France	79	77	77	83	74	79	81	78	81	77	81	82	83	86	69	84	77	85	85	77	83	81	81	82	50	80
Pau Francisco Torres	28	191	80	L	B	CBT	["CBT"]	Aston Villa	2028	Spain	71	86	81	83	77	71	86	70	78	73	87	76	81	67	63	68	66	66	78	88	87	84	76	83	50	85
Joe Anthony Gauci	24	194	87	R	B	GK	["GK"]	Aston Villa	2028	Australia	31	74	78	71	62	62	77	64	58	55	61	63	61	63	29	66	43	61	49	55	72	65	44	61	74	58
Jaden Philogene-Bidace	22	179	67	R	B	WF	["WF","SM"]	Aston Villa	2029	England	76	46	71	76	89	85	75	85	81	86	77	76	73	76	78	76	73	61	79	61	68	80	75	67	50	71
Kosta Nedeljkovic Коста Недељковић	19	184	72	R	B	SB	["SB"]	Aston Villa	2029	Serbia	67	66	68	73	84	85	72	76	74	78	72	68	71	67	61	68	63	62	68	65	76	75	68	72	50	68
Ian Ethan Maatsen	22	178	57	L	B	SB	["SB"]	Aston Villa	2029	Netherlands	76	73	77	78	87	90	81	89	83	85	83	79	78	78	71	76	73	70	75	67	74	83	81	78	50	76
Damián Emiliano Martínez Romero	32	195	88	R	B	GK	["GK"]	Aston Villa	2029	Argentina	31	89	89	73	63	62	90	74	60	58	71	74	72	72	39	86	46	63	49	57	85	67	56	82	88	80
Amadou Zeund Georges Ba Mvom Onana	23	192	76	R	B	DM	["DM","CM"]	Aston Villa	2029	Belgium	75	79	85	80	81	69	80	63	81	80	83	81	74	71	66	79	70	61	76	81	87	81	79	82	50	79
Robin Patrick Olsen	35	198	89	R	B	GK	["GK"]	Aston Villa	2025	Sweden	31	79	85	71	62	62	78	65	58	55	61	68	66	68	34	79	43	61	49	55	75	65	49	66	77	68
Lamare Trenton Chansey Bogarde	21	183	70	R	B	DM	["DM","CM","CBT"]	Aston Villa	2027	Netherlands	64	67	79	71	68	70	71	67	72	68	73	68	66	61	61	68	62	61	62	68	77	73	69	72	50	70
Morgan Elliot Rogers	22	188	80	R	B	AM	["AM","SM","WF"]	Aston Villa	2030	England	81	66	84	76	82	78	81	77	82	83	81	80	79	79	81	79	75	65	78	66	80	81	81	74	50	78
Kortney Hause	29	191	77	L	B	CBT	["CBT"]	Aston Villa	2025	England	52	76	88	71	66	66	76	62	67	61	73	71	69	68	61	71	61	61	62	75	79	71	57	75	50	75
Leon Patrick Bailey Butler	27	178	77	L	B	WF	["WF","SM","CF"]	Aston Villa	2027	Jamaica	85	48	78	76	89	94	84	93	89	89	83	82	78	81	83	82	81	83	82	68	79	88	84	71	50	79
Jacob Matthew Ramsey	23	180	72	R	B	SM	["SM","CM"]	Aston Villa	2027	England	81	72	82	82	81	80	82	81	82	82	81	81	76	78	81	81	77	64	77	66	79	81	82	80	50	79
Boubacar Bernard Kamara	25	184	68	R	B	DM	["DM","CM"]	Aston Villa	2027	France	70	83	83	85	73	69	88	70	82	75	87	79	77	71	63	72	70	63	65	78	82	84	81	84	50	76
Mark Flekken	31	195	87	R	B	GK	["GK"]	Brentford	2027	Netherlands	31	82	84	72	62	62	84	68	59	55	63	69	68	71	39	84	43	63	49	56	77	66	54	68	82	67
Aaron Buchanan Hickey	22	185	72	R	B	SB	["SB"]	Brentford	2026	Scotland	71	76	68	81	79	76	78	76	79	79	79	74	76	73	61	68	69	61	67	73	75	78	78	81	50	74
Rico Antonio Henry	27	170	66	L	B	SB	["SB"]	Brentford	2026	England	76	78	81	81	88	90	80	90	77	82	75	70	70	67	61	68	64	61	62	64	78	78	80	81	50	73
Sepp van den Berg	23	192	87	R	B	CBT	["CBT"]	Brentford	2029	Netherlands	63	82	82	75	85	74	80	71	73	77	77	71	71	64	61	68	63	61	62	85	90	75	69	76	50	78
Ethan Rupert Pinnock	31	194	79	L	B	CBT	["CBT"]	Brentford	2027	Jamaica	57	83	87	81	74	70	82	64	70	70	71	68	65	56	61	68	61	61	62	81	88	71	64	82	50	79
Christian Thers Nørgaard	30	187	77	R	B	DM	["DM","CM"]	Brentford	2025	Denmark	74	76	80	83	66	66	83	66	76	65	78	73	75	69	69	68	66	72	70	75	76	78	79	83	50	75
Kevin Schade	23	185	74	R	B	WF	["WF","SM","CF"]	Brentford	2028	Germany	74	34	75	71	95	94	72	88	77	87	73	72	66	73	75	73	67	61	62	75	85	76	72	71	50	73
Mathias Jensen	29	180	68	R	B	CM	["CM","DM"]	Brentford	2026	Denmark	77	73	77	83	73	71	80	76	79	75	82	75	83	75	71	68	70	74	76	61	70	80	80	82	50	80
Igor Thiago Nascimento Rodrigues	23	191	88	R	B	CF	["CF"]	Brentford	2029	Brazil	80	45	91	83	79	74	77	69	76	76	73	79	59	63	81	87	73	61	62	83	91	78	77	83	50	79
Pelenda Joshua Tunga Dasilva	26	184	75	L	B	CM	["CM"]	Brentford	2025	England	76	70	79	76	75	75	78	73	79	77	80	81	77	78	74	83	74	63	75	61	75	79	78	77	50	77
Yoane Wissa	28	176	74	R	B	WF	["WF","SM","CF"]	Brentford	2026	Congo DR	81	35	75	81	89	85	80	85	83	86	80	79	73	78	83	79	82	64	63	73	81	83	80	77	50	77
Hákon Rafn Valdimarsson	23	195	89	R	B	GK	["GK"]	Brentford	2028	Iceland	31	74	78	71	62	62	75	63	58	55	61	64	62	64	34	69	43	61	49	55	70	65	49	60	73	67
Matthew Aidan Cox	21	182	74	R	B	GK	["GK"]	Brentford	2028	England	31	73	74	71	62	62	73	62	58	55	61	64	62	64	31	70	43	61	49	55	70	65	40	58	72	60
Fábio Leandro Freitas Gouveia Carvalho	22	170	62	R	B	AM	["AM","CM","CF","SS"]	Brentford	2029	Portugal	78	55	77	71	79	83	76	84	81	79	78	74	71	68	78	71	73	63	70	61	66	81	76	64	50	72
Benjamin Thomas Mee	35	180	82	L	B	CBT	["CBT"]	Brentford	2025	England	58	83	80	73	66	66	82	64	66	60	65	63	68	65	62	68	61	62	62	85	89	70	64	79	50	83
Yehor Yarmoliuk Ярмолюк Єгор Романович	20	180	72	R	B	AM	["AM","CM","WF","SM"]	Brentford	2028	Ukraine	71	56	71	71	71	74	67	71	78	75	77	74	72	71	71	73	64	71	62	61	66	77	67	73	50	74
Bryan Tetsadong Marceau Mbeumo	25	171	75	L	B	WF	["WF","SM","CF"]	Brentford	2026	Cameroon	84	55	79	83	85	89	80	90	82	84	78	81	78	83	83	85	81	77	78	71	84	81	80	83	50	83
Kristoffer Vassbakk Köpp Ajer	26	196	84	R	B	CBT	["CBT","SB"]	Brentford	2028	Norway	69	75	91	74	77	66	77	62	79	78	76	72	71	69	67	69	64	61	64	78	78	78	74	78	50	71
Jayden Ade Trindade Meghoma	18	175	71	L	B	SB	["SB"]	Brentford	2028	England	62	57	70	71	79	77	63	77	65	71	61	62	61	62	61	68	58	61	62	61	66	65	63	63	50	61
Nathan Michael Collins	23	193	81	R	B	CBT	["CBT"]	Brentford	2029	Republic of Ireland	53	80	82	77	72	66	81	62	71	70	74	69	67	60	61	68	62	61	62	80	76	73	57	78	50	79
Keane William Lewis-Potter	23	170	67	R	B	WF	["WF","SM","CF"]	Brentford	2028	England	77	49	75	78	80	85	76	86	79	80	75	73	70	74	75	72	71	69	72	71	78	78	76	75	50	76
Mikkel Krogh Damsgaard	24	180	70	R	B	CM	["CM","WF","SM"]	Brentford	2027	Denmark	78	63	78	75	80	87	79	86	81	80	80	78	74	72	75	76	72	83	71	63	75	82	79	74	50	77
Yunus Emre Konak	19	181	72	R	B	DM	["DM","CM"]	Brentford	2029	Türkiye	63	60	68	71	66	66	70	62	65	64	71	67	63	56	61	68	59	61	62	62	66	66	67	69	50	67
Vitaly Janelt	26	184	79	L	B	CM	["CM","DM","SB"]	Brentford	2026	Germany	78	75	79	85	66	71	81	72	79	69	81	81	78	76	74	80	77	64	68	65	76	81	81	82	50	78
Ryan Joseph Trevitt	21	183	75	R	B	CM	["CM","SB"]	Brentford	2026	England	69	59	71	71	66	71	64	68	72	68	71	68	66	65	71	68	62	61	62	61	66	72	64	69	50	70
Mads Roerslev Rasmussen	25	184	67	R	B	SB	["SB"]	Brentford	2026	Denmark	75	73	73	81	74	71	77	72	76	74	76	71	77	71	61	68	64	61	66	71	75	77	77	76	50	73
Edmond-Paris Maghoma	23	178	74	R	B	CM	["CM","DM"]	Brentford	2027	England	72	65	75	77	68	75	73	76	75	71	74	71	71	67	70	68	66	63	70	61	68	75	73	76	50	73
Ji-soo Kim 김지수	20	192	73	R	B	CBT	["CBT"]	Brentford	2027	Korea Republic	47	70	82	71	66	66	69	62	65	63	63	62	63	48	61	68	53	61	62	73	74	65	47	69	50	63
Ethan Craig Brierley	21	173	71	R	B	CM	["CM","DM"]	Brentford	2026	England	66	58	76	73	72	73	67	75	69	70	72	68	65	58	61	68	61	61	62	61	66	68	67	68	50	66
Gustavo Nunes Fernandes Gomes	19	173	65	R	B	WF	["WF","SM"]	Brentford	2030	Brazil	68	38	76	71	88	89	68	86	73	81	67	65	63	65	68	68	64	61	63	62	74	71	68	63	50	66
Bart Verbruggen	22	193	89	R	B	GK	["GK"]	Brighton & Hove Albion	2028	Netherlands	31	79	82	71	62	63	83	70	58	57	61	67	65	67	31	78	43	61	49	55	80	65	49	65	80	66
Tariq Kwame Nii-Lante Lamptey	24	163	62	R	B	SB	["SB"]	Brighton & Hove Albion	2025	Ghana	69	72	81	71	84	91	78	91	78	82	77	71	74	70	61	68	63	61	66	64	66	76	78	72	50	69
Igor Júlio dos Santos de Paulo	26	185	84	L	B	CBT	["CBT"]	Brighton & Hove Albion	2027	Brazil	58	81	91	81	74	73	81	70	67	68	77	71	65	52	61	68	62	61	62	76	85	72	63	83	50	81
Adam Harry Webster	30	191	75	R	B	CBT	["CBT"]	Brighton & Hove Albion	2026	England	53	81	82	75	66	66	80	62	76	68	79	72	69	60	61	68	64	61	62	81	83	77	58	77	50	80
Lewis Carl Dunk	33	192	88	R	B	CBT	["CBT"]	Brighton & Hove Albion	2026	England	54	83	86	76	66	66	83	62	76	64	83	79	71	63	62	76	69	76	66	84	80	80	60	81	50	84
James Philip Milner	39	175	70	R	B	CM	["CM","SB","DM"]	Brighton & Hove Albion	2025	England	79	75	74	80	66	66	82	66	80	68	82	83	83	85	71	85	78	80	84	73	69	81	82	84	50	81
Solomon Benjamin March	30	180	77	L	B	WF	["WF","SM"]	Brighton & Hove Albion	2026	England	81	71	73	82	78	79	79	79	83	81	81	79	79	80	76	78	74	73	80	61	70	82	79	74	50	76
Brajan Gruda	20	178	70	L	B	AM	["AM","WF","SM"]	Brighton & Hove Albion	2028	Germany	77	37	76	83	78	85	77	86	83	82	76	80	72	79	72	85	78	68	79	62	74	81	77	76	50	75
João Pedro Junqueira de Jesus	23	182	70	R	B	CF	["CF","AM","SM","SS","WF"]	Brighton & Hove Albion	2028	Brazil	81	33	69	78	79	81	80	82	83	82	78	79	70	75	81	81	77	61	72	80	85	81	80	68	50	72
Julio César Enciso Espínola	20	173	64	R	B	AM	["AM","SM","WF"]	Brighton & Hove Albion	2026	Paraguay	74	40	74	71	79	82	73	83	81	80	78	79	73	77	75	82	73	72	72	61	66	81	73	69	50	73
Simon Adingra	23	175	68	R	B	WF	["WF","SM"]	Brighton & Hove Albion	2026	Côte d'Ivoire	76	40	76	76	89	91	77	90	82	86	77	76	73	76	77	77	75	63	70	61	66	81	77	67	50	72
Georginio Rutter	22	182	77	L	B	AM	["AM","CF","SS"]	Brighton & Hove Albion	2029	France	78	51	83	78	83	80	78	80	82	83	79	79	74	75	78	79	76	61	66	75	85	81	78	68	50	73
Jakub Piotr Moder	25	188	78	R	B	CM	["CM","DM","AM"]	Brighton & Hove Albion	2025	Poland	76	70	78	71	71	66	78	65	78	74	79	80	77	78	69	81	71	76	74	68	74	78	78	70	50	74
Yankuba Minteh	20	180	65	L	B	WF	["WF","SM"]	Brighton & Hove Albion	2029	Gambia	76	53	76	76	96	95	74	94	81	89	73	71	66	71	76	72	67	61	71	61	66	80	74	73	50	73
Daniel Nii Tackie Mensah Welbeck	34	185	73	R	B	CF	["CF"]	Brighton & Hove Albion	2026	England	84	49	79	71	66	66	83	69	83	71	80	81	74	78	83	83	78	76	67	81	82	84	83	75	50	81
Carlos Noom Quomah Baleba	21	179	75	L	B	DM	["DM","CM"]	Brighton & Hove Albion	2028	Cameroon	74	72	83	82	81	79	78	78	80	80	81	82	72	74	63	84	70	61	64	73	84	81	78	80	50	75
Kaoru Mitoma 三笘 薫	27	178	71	R	B	WF	["WF","SM"]	Brighton & Hove Albion	2027	Japan	82	62	75	81	82	90	82	90	88	85	84	78	78	77	83	74	77	71	75	64	77	87	82	74	50	79
Jason Sean Steele	34	188	79	R	B	GK	["GK"]	Brighton & Hove Albion	2026	England	31	79	78	71	62	62	78	66	58	55	68	71	68	70	36	82	45	61	49	55	75	65	46	74	78	68
Ferdi Erenay Kadıoğlu	25	174	73	R	B	SB	["SB"]	Brighton & Hove Albion	2029	Türkiye	79	77	83	90	89	91	81	91	86	88	82	78	77	75	71	74	76	71	78	70	79	85	81	81	50	76
Yasin Abbas Ayari	21	172	69	R	B	CM	["CM","AM"]	Brighton & Hove Albion	2027	Sweden	70	62	76	71	68	68	73	74	74	70	77	71	70	62	61	68	63	61	62	61	66	75	73	71	50	73
Mats Wieffer	25	188	78	R	B	DM	["DM","CM"]	Brighton & Hove Albion	2029	Netherlands	74	75	84	87	77	72	83	72	80	77	82	80	78	76	70	79	76	63	74	80	86	83	80	87	50	79
Evan Ferguson	20	188	78	R	B	CF	["CF"]	Brighton & Hove Albion	2029	Republic of Ireland	77	31	79	73	77	74	77	72	78	76	76	76	61	68	79	79	79	63	68	76	83	80	77	72	50	73
Jan Paul van Hecke	24	189	79	R	B	CBT	["CBT"]	Brighton & Hove Albion	2027	Netherlands	54	82	82	74	66	66	80	63	75	68	80	78	68	62	61	76	63	71	67	78	79	76	60	79	50	81
Pervis Josué Estupiñán Tenorio	27	175	79	L	B	SB	["SB"]	Brighton & Hove Albion	2027	Ecuador	79	75	77	85	81	81	82	79	85	82	84	77	81	77	63	72	71	63	77	77	83	85	82	81	50	77
Cameron Peupion	22	175	76	R	B	WF	["WF","SM","AM"]	Brighton & Hove Albion	2025	Australia	62	49	71	71	66	73	65	68	67	65	70	67	66	62	61	68	60	65	62	65	66	67	65	65	50	66
Matthew Sean O'Riley	24	188	77	L	B	CM	["CM","AM","DM"]	Brighton & Hove Albion	2029	Denmark	82	69	81	86	74	73	82	75	81	76	84	84	80	81	81	84	79	78	81	73	78	81	82	81	50	81
Joël Ivo Veltman	33	184	75	R	B	SB	["SB","CBT"]	Brighton & Hove Albion	2025	Netherlands	71	82	76	78	66	66	83	68	77	66	81	73	78	71	62	68	64	62	62	79	79	79	82	81	50	72
Killian Cahill	21	192	82	R	B	GK	["GK"]	Brighton & Hove Albion	2025	Republic of Ireland	31	68	74	71	62	62	65	59	58	55	61	62	61	62	32	66	43	61	49	55	65	65	37	52	68	57
Jack Luca Hinshelwood	19	181	74	R	B	DM	["DM","SB"]	Brighton & Hove Albion	2028	England	70	68	73	78	66	74	76	74	76	69	76	73	74	71	74	70	68	73	72	78	86	77	74	76	50	71
Imari Narain Samuels	21	187	73	L	B	SB	["SB"]	Brighton & Hove Albion	2025	England	62	60	70	71	68	69	64	67	65	66	61	62	60	60	61	68	57	61	62	61	66	65	64	66	50	60
Edward James Turns	22	182	76	L	B	CBT	["CBT"]	Brighton & Hove Albion	2025	Wales	50	71	78	77	66	67	71	63	65	62	67	65	58	51	61	68	59	61	62	70	76	65	53	74	50	70
Robert Lynch Sánchez	27	197	90	R	B	GK	["GK"]	Chelsea	2030	Spain	31	82	86	71	70	62	83	68	58	62	63	68	67	68	34	79	46	61	49	55	80	65	53	76	81	73
Axel Arthur Disasi	26	190	86	R	B	CBT	["CBT","SB"]	Chelsea	2029	France	68	78	90	76	68	66	82	62	70	65	78	75	67	65	62	74	62	62	62	83	85	74	81	79	50	71
Marc Cucurella Saseta	26	173	67	L	B	SB	["SB"]	Chelsea	2028	Spain	82	79	80	90	79	82	85	83	84	81	86	80	84	79	66	74	71	72	82	76	81	85	85	87	50	83
Abdul-Nasir Oluwatosin Oluwadoyinsolami Adarabioyo	27	196	80	R	B	CBT	["CBT"]	Chelsea	2028	England	53	82	85	74	80	71	81	64	74	72	81	73	70	57	61	68	65	61	62	80	87	81	60	78	50	81
Benoît Badiashile Mukinayi	23	194	75	L	B	CBT	["CBT"]	Chelsea	2030	France	59	81	85	73	72	66	81	62	71	68	80	74	71	64	62	70	62	62	62	80	83	74	65	77	50	79
Levi Lemar Samuel Colwill	21	187	83	L	B	CBT	["CBT","SB"]	Chelsea	2029	England	68	79	83	77	78	71	81	70	76	75	82	74	76	66	61	68	64	61	62	78	84	78	81	81	50	75
Pedro Lomba Neto	24	173	62	L	B	WF	["WF","SM"]	Chelsea	2031	Portugal	79	45	79	76	91	93	78	92	84	89	80	81	74	80	79	82	78	70	77	61	76	83	78	71	50	75
Enzo Jeremías Fernández	24	178	78	R	B	CM	["CM","DM"]	Chelsea	2032	Argentina	82	75	79	85	73	73	84	76	85	77	89	87	84	79	75	85	81	81	85	71	77	87	84	85	50	85
Mykhaylo Mudryk Мудрик Михайло Петрович	24	175	61	R	B	WF	["WF","SM"]	Chelsea	2031	Ukraine	75	44	75	77	94	95	74	92	83	89	77	82	76	81	76	87	73	72	77	61	75	81	74	72	50	74
Chukwunonso Tristan Madueke	22	182	75	L	B	WF	["WF","SM"]	Chelsea	2030	England	79	48	80	81	91	90	79	90	84	89	79	80	76	79	78	82	77	70	77	61	76	83	79	76	50	76
Filip Jørgensen	22	192	84	R	B	GK	["GK"]	Chelsea	2031	Denmark	31	80	81	71	62	62	81	70	58	55	61	68	66	69	34	80	45	61	49	55	75	65	51	72	79	69
Marcus Bettinelli	32	193	82	R	B	GK	["GK"]	Chelsea	2026	England	31	76	78	71	62	62	76	64	58	55	61	66	63	66	34	74	43	61	49	55	72	65	46	66	76	62
João Félix Sequeira	25	181	70	R	B	AM	["AM","SM","CF","SS","WF"]	Chelsea	2031	Portugal	84	42	77	81	82	85	84	87	86	84	84	83	80	81	82	83	84	75	85	76	80	85	84	78	50	81
Nicolas Jackson	23	187	78	R	B	CF	["CF"]	Chelsea	2033	Senegal	84	44	83	83	87	85	82	84	84	87	81	81	70	74	84	80	80	63	70	80	91	83	82	78	50	79
Carney Chibueze Chukwuemeka	21	187	77	R	B	AM	["AM","CM"]	Chelsea	2028	England	76	55	72	71	74	74	76	75	81	78	78	74	75	71	73	70	70	63	72	61	68	81	76	68	50	73
Christopher Alan Nkunku	27	177	68	R	B	AM	["AM","CF","SS"]	Chelsea	2029	France	86	65	83	81	84	85	85	87	89	86	86	84	84	83	87	83	81	84	85	73	81	88	85	75	50	81
Jadon Malik Sancho	24	180	76	R	B	WF	["WF","SM"]	Chelsea	2025	England	84	45	79	81	79	85	85	88	90	86	87	78	77	74	81	70	79	73	85	63	67	89	85	70	50	78
Cole Jermaine Palmer	22	185	76	L	B	AM	["AM","SM","WF"]	Chelsea	2033	England	89	54	75	84	81	79	90	82	90	85	89	86	86	84	89	85	82	85	88	72	76	90	90	78	50	84
Benjamin James Chilwell	28	181	77	L	B	SB	["SB"]	Chelsea	2027	England	81	76	74	82	81	76	81	75	82	81	83	79	82	80	67	76	71	74	79	71	77	83	81	80	50	79
Kiernan Frank Dewsbury-Hall	26	178	70	L	B	CM	["CM","DM","AM"]	Chelsea	2029	England	81	72	77	86	70	79	81	78	82	76	83	81	79	78	76	79	78	76	80	72	80	83	81	83	50	81
Reece James	25	179	91	R	B	SB	["SB"]	Chelsea	2028	England	83	82	90	75	82	79	85	78	87	84	86	86	87	88	75	87	77	81	85	80	90	87	85	81	50	85
Moisés Isaac Caicedo Corozo	23	178	73	R	B	DM	["DM"]	Chelsea	2031	Ecuador	76	87	81	88	77	80	88	81	84	79	88	82	77	70	68	76	75	66	70	70	80	85	85	88	50	87
Malo Gusto	21	178	67	R	B	SB	["SB"]	Chelsea	2030	France	79	77	79	88	90	89	80	88	82	86	81	75	79	77	61	70	65	61	80	65	79	81	80	84	50	80
Wesley Fofana	24	186	84	R	B	CBT	["CBT"]	Chelsea	2029	France	56	83	83	73	80	69	83	65	75	76	78	71	67	56	61	68	63	61	62	79	78	76	62	78	50	81
Cesare Casadei	22	192	77	R	B	CM	["CM","DM"]	Chelsea	2028	Italy	77	68	76	76	72	73	76	74	77	74	78	77	74	74	74	77	74	72	72	77	82	78	76	76	50	76
Tyrique George	18	181	66	R	B	WF	["WF","SM"]	Chelsea	2027	England	65	41	75	71	83	85	63	86	74	79	68	71	66	69	67	75	68	66	62	61	66	73	63	63	50	65
Kiano Dyer	18	178	65	R	B	CM	["CM","DM"]	Chelsea	2026	England	63	64	76	74	73	80	71	80	72	71	73	68	66	60	61	68	62	61	66	61	66	72	66	74	50	70
Joshua Kofi Acheampong	18	184	75	R	B	SB	["SB","CBT"]	Chelsea	2026	England	64	63	76	73	79	75	69	75	66	71	68	66	65	62	61	68	59	61	62	67	78	66	69	73	50	67
Deivid Washington de Souza Eugênio	19	187	73	R	B	CF	["CF"]	Chelsea	2030	Brazil	75	38	74	72	84	81	70	81	77	80	67	71	61	69	78	77	71	61	63	63	76	77	70	70	50	70
Omari Kellyman	19	188	69	L	B	AM	["AM","SM","WF"]	Chelsea	2030	England	67	48	68	71	72	71	68	71	72	72	72	71	68	68	67	72	64	63	62	63	66	71	68	69	50	68
Marc Guiu Paz	19	187	82	R	B	CF	["CF"]	Chelsea	2029	Spain	73	35	82	73	78	75	72	73	73	73	68	72	58	64	78	79	68	61	62	73	84	76	72	78	50	73
Renato de Palma Veiga	21	190	85	L	B	SB	["SB","CBT","DM"]	Chelsea	2031	Portugal	72	71	85	78	85	72	76	73	78	80	78	77	74	72	61	76	75	77	74	74	83	78	76	82	50	77
Harvey James Vale	21	181	76	L	B	WF	["WF","SM"]	Chelsea	2025	England	69	62	71	75	79	79	67	78	71	74	71	68	70	68	68	68	66	67	69	65	72	71	67	66	50	67
Roméo Lavia	21	181	76	R	B	DM	["DM","CM"]	Chelsea	2030	Belgium	66	75	80	74	73	77	78	78	80	76	81	75	74	67	61	68	66	61	68	71	81	80	76	77	50	74
Alex Matos	20	175	67	R	B	CM	["CM","DM"]	Chelsea	2026	England	70	67	82	79	75	79	73	79	73	74	73	71	69	68	66	70	64	63	66	63	80	73	73	83	50	75
Lucas Bergström	22	205	84	R	B	GK	["GK"]	Chelsea	2025	Finland	31	71	81	71	62	62	72	62	58	55	61	63	61	63	33	66	43	61	49	55	69	65	42	57	70	58
Dean Bradley Henderson	27	188	85	R	B	GK	["GK"]	Crystal Palace	2028	England	31	82	79	71	62	62	84	75	58	58	62	68	67	69	33	81	43	62	49	56	79	66	50	74	82	72
Joel Ward	35	188	83	R	B	SB	["SB","CBT"]	Crystal Palace	2025	England	73	77	75	71	66	66	81	66	73	64	77	73	77	74	61	69	65	61	62	78	77	75	77	73	50	74
Tyrick Kwon Mitchell	25	175	66	L	B	SB	["SB"]	Crystal Palace	2025	England	74	79	73	80	79	79	81	79	78	77	72	68	71	68	61	68	64	61	62	66	75	79	79	79	50	73
Rob Holding	29	189	75	R	B	CBT	["CBT"]	Crystal Palace	2026	England	56	79	80	71	66	66	78	62	72	62	76	70	66	60	61	68	62	61	62	78	79	73	61	73	50	76
Guy Maxence Lacroix	24	190	88	R	B	CBT	["CBT"]	Crystal Palace	2029	France	55	81	86	76	93	85	81	77	74	82	77	79	67	64	62	83	62	62	62	78	85	75	61	77	50	81
Addji Keaninkin Marc-Israel Guéhi	24	182	82	R	B	CBT	["CBT"]	Crystal Palace	2026	England	57	85	81	78	79	74	85	74	78	76	83	74	71	59	62	68	65	62	62	83	86	81	65	80	50	81
Ismaïla Sarr	26	185	70	R	B	WF	["WF","SM"]	Crystal Palace	2029	Senegal	77	33	76	77	94	90	78	85	82	89	75	79	70	79	79	85	80	68	81	61	75	81	78	72	50	72
Jefferson Andrés Lerma Solís	30	179	70	R	B	DM	["DM","CM","CBT"]	Crystal Palace	2026	Colombia	75	77	79	85	79	73	83	73	79	78	81	83	75	77	72	85	76	73	72	78	89	81	80	87	50	77
Edward Keddar Nketiah	25	180	73	R	B	CF	["CF"]	Crystal Palace	2029	England	82	33	73	76	79	85	81	84	82	81	78	78	59	65	82	79	74	61	62	76	82	81	81	72	50	72
Eberechi Oluchi Eze	26	178	67	R	B	AM	["AM","CM","WF","SM"]	Crystal Palace	2027	England	84	52	80	81	80	82	83	84	87	84	85	85	79	80	84	85	85	83	82	63	74	85	83	75	50	79
Matheus França de Oliveira	20	184	67	R	B	AM	["AM","WF","SM"]	Crystal Palace	2028	Brazil	70	45	74	71	80	80	71	83	79	80	73	72	73	74	78	74	74	64	66	65	77	79	71	68	50	67
Daniel Muñoz Mejía	28	181	73	R	B	SB	["SB"]	Crystal Palace	2027	Colombia	80	74	80	88	87	85	81	83	79	83	82	78	77	75	76	74	72	61	70	80	90	80	81	88	50	81
Jean-Philippe Mateta	27	192	88	R	B	CF	["CF"]	Crystal Palace	2026	France	81	43	90	73	85	73	80	67	80	82	80	82	63	71	85	85	76	61	67	80	89	81	80	79	50	80
Jeffrey Schlupp	32	178	72	L	B	WF	["WF","SM","CM"]	Crystal Palace	2025	Ghana	77	72	75	73	80	77	78	77	79	79	78	79	73	76	76	82	74	61	69	69	77	79	78	74	50	76
Nathaniel Edwin Clyne	33	175	67	R	B	SB	["SB","CBT"]	Crystal Palace	2025	England	74	75	71	71	74	75	79	73	77	75	76	76	75	77	64	77	69	61	69	74	84	78	78	74	50	74
Daichi Kamada 鎌田 大地	28	184	72	R	B	AM	["AM","CM"]	Crystal Palace	2026	Japan	83	59	75	83	78	84	83	84	84	81	85	77	81	73	81	70	77	80	81	65	73	84	83	76	50	79
William James Hughes	29	185	74	L	B	DM	["DM","CM"]	Crystal Palace	2025	England	76	72	66	71	66	66	77	67	79	68	81	75	78	72	71	69	70	73	72	67	66	80	77	76	50	80
Adam James Wharton	20	182	70	L	B	DM	["DM","CM"]	Crystal Palace	2029	England	74	76	79	76	68	78	81	78	82	74	83	77	81	76	68	72	70	70	78	70	77	83	81	78	50	78
Christopher Jeffrey Richards	24	188	87	R	B	CBT	["CBT","DM"]	Crystal Palace	2027	United States	67	76	79	75	80	69	80	68	69	72	77	71	66	58	61	68	61	61	62	81	85	71	79	76	50	69
Trevoh Thomas Chalobah	25	192	75	R	B	CBT	["CBT","SB"]	Crystal Palace	2025	England	67	79	85	76	74	69	81	64	75	71	80	74	72	65	61	68	66	61	62	80	86	80	80	77	50	72
Cheick Oumar Doucouré	25	180	73	R	B	DM	["DM","CM"]	Crystal Palace	2026	Mali	76	77	79	77	72	68	83	71	80	76	81	74	72	63	66	68	67	61	65	67	75	81	80	81	50	79
Matthew Charles Turner	30	191	79	R	B	GK	["GK"]	Crystal Palace	2025	United States	31	78	79	71	62	62	78	67	58	55	61	65	63	65	36	72	43	61	49	55	74	65	51	72	78	70
Remi Matthews	30	192	78	R	B	GK	["GK"]	Crystal Palace	2025	England	31	71	77	71	62	62	71	63	58	55	61	64	62	64	36	68	43	61	49	55	69	65	41	57	71	60
Chadi Riad Dnanou شادي رياض دنانو	21	190	78	L	B	CBT	["CBT"]	Crystal Palace	2029	Morocco	51	76	83	71	67	68	74	71	65	64	79	72	65	54	61	68	62	61	62	78	84	74	55	73	50	71
Kayden Rodney	20	186	77	R	B	DM	["DM","SB"]	Crystal Palace	2025	England	63	62	67	71	67	66	68	65	65	64	66	65	64	61	61	68	58	61	64	62	66	65	66	66	50	63
Franco Umeh-Chibueze	19	178	72	L	B	SB	["SB","SM","WF","WB"]	Crystal Palace	2025	Republic of Ireland	69	59	76	71	87	85	67	82	71	79	68	70	62	68	68	74	62	61	62	75	86	69	67	74	50	72
Justin Devenny	21	184	80	L	B	CM	["CM"]	Crystal Palace	2026	Northern Ireland	64	57	70	71	72	66	69	65	68	68	72	71	67	67	66	72	64	68	67	64	67	69	69	73	50	68
Caleb Billy Mawuko Kporha	18	170	67	R	B	SB	["SB","SM","WF","WB"]	Crystal Palace	2025	England	67	60	75	71	72	75	67	73	67	68	68	68	65	68	67	70	63	61	62	64	70	67	66	72	50	69
Zach Marsh	19	176	74	R	B	CF	["CF"]	Crystal Palace	2025	England	66	32	70	71	67	68	63	68	65	64	65	65	61	63	66	68	59	61	62	62	66	66	63	63	50	62
Asher Chris Ofega Agbinone	19	177	69	R	B	WF	["WF","SM","CF"]	Crystal Palace	2025	England	65	35	74	71	88	90	70	86	71	80	75	71	65	65	69	68	64	61	63	61	75	69	70	63	50	62
Jordan Lee Pickford	30	185	77	L	B	GK	["GK"]	Everton	2027	England	31	85	82	72	62	63	88	74	59	55	69	75	73	74	41	90	45	63	49	56	82	66	55	78	84	77
Nathan Kenneth Patterson	23	183	80	R	B	SB	["SB"]	Everton	2027	Scotland	67	72	76	76	81	75	73	76	75	78	71	68	70	67	61	68	63	64	64	70	77	75	73	77	50	69
Michael Vincent Keane	32	191	82	R	B	CBT	["CBT"]	Everton	2025	England	53	80	87	71	66	66	81	62	69	60	76	70	71	64	62	68	61	62	62	83	82	71	58	75	50	78
James Alan Tarkowski	32	188	81	R	B	CBT	["CBT"]	Everton	2026	England	60	84	88	74	66	66	81	62	68	60	73	70	73	67	61	68	61	63	62	84	83	71	66	81	50	83
Dwight James Matthew McNeil	25	183	70	L	B	WF	["WF","SM","AM"]	Everton	2027	England	79	62	73	85	72	74	80	76	82	77	81	83	82	85	77	85	76	78	84	68	73	82	80	76	50	75
Orel Johnson Mangala	26	178	80	R	B	CM	["CM","DM"]	Everton	2025	Belgium	75	76	82	82	69	79	82	79	85	77	83	76	75	69	63	71	72	62	70	63	76	85	82	82	50	78
Dominic Nathaniel Calvert-Lewin	27	187	71	R	B	CF	["CF"]	Everton	2025	England	81	44	85	71	83	73	81	72	79	79	76	79	66	76	81	83	72	65	69	88	91	82	81	76	50	78
Iliman Cheikh Baroy Ndiaye	24	180	70	R	B	WF	["WF","SM","CF"]	Everton	2029	Senegal	80	46	75	73	87	85	81	86	84	86	78	77	68	73	78	78	78	65	73	68	79	84	81	66	50	72
Jack David Harrison	28	175	70	L	B	WF	["WF","SM","AM"]	Everton	2025	England	79	59	76	84	81	83	78	83	81	82	78	79	73	81	75	81	74	66	81	61	72	81	78	78	50	77
João Manuel Neves Virgínia	25	192	84	L	B	GK	["GK"]	Everton	2025	Portugal	31	76	77	71	62	62	78	65	58	55	61	65	63	65	31	71	43	61	49	55	74	65	45	63	77	62
Norberto Bercique Gomes Betuncal	26	194	88	R	B	CF	["CF"]	Everton	2027	Guinea-Bissau	81	31	93	81	85	79	81	70	77	81	74	79	62	67	80	85	75	62	68	80	93	76	81	79	50	75
Jake O'Brien	23	197	84	R	B	CBT	["CBT"]	Everton	2028	Republic of Ireland	57	77	87	72	87	70	77	64	65	74	76	70	61	50	61	68	61	61	62	83	89	70	62	76	50	74
Abdoulaye Doucouré	32	184	76	R	B	AM	["AM","CM"]	Everton	2025	Mali	84	77	85	86	66	70	83	68	80	69	81	83	76	79	82	86	80	65	69	78	85	79	83	85	50	82
Youssef Ramalho Chermiti	20	192	81	R	B	CF	["CF"]	Everton	2027	Portugal	77	37	82	71	72	71	77	71	76	73	75	74	62	62	77	75	70	61	62	78	78	76	77	69	50	69
Ashley Young	39	175	65	R	B	SB	["SB"]	Everton	2025	England	77	72	75	74	66	71	78	72	79	69	81	78	78	78	68	75	76	79	85	77	79	80	77	79	50	80
Vitalii Mykolenko Миколенко Віталій Сергійович	25	180	71	L	B	SB	["SB"]	Everton	2026	Ukraine	68	78	74	77	80	77	79	76	68	71	78	73	73	73	61	68	66	61	65	72	78	72	78	74	50	66
Armando Broja	23	191	83	R	B	CF	["CF"]	Everton	2025	Albania	78	35	85	75	86	67	76	68	78	82	70	75	58	67	79	83	72	61	62	76	81	78	76	73	50	72
Séamus Coleman	36	177	77	R	B	SB	["SB"]	Everton	2025	Republic of Ireland	76	77	74	72	66	66	80	67	78	68	79	78	76	77	69	78	72	63	70	72	72	78	78	77	50	78
Idrissa Gana Gueye	35	174	66	R	B	DM	["DM","CM"]	Everton	2025	Senegal	68	77	73	81	66	71	86	76	77	67	78	79	72	73	65	80	68	73	66	76	73	78	79	83	50	73
Jesper Grænge Lindstrøm	24	182	63	R	B	AM	["AM","SM","WF"]	Everton	2025	Denmark	78	52	75	75	83	86	76	84	84	83	76	76	72	73	81	79	74	67	68	62	66	84	76	76	50	79
Asmir Begović	37	199	101	R	B	GK	["GK"]	Everton	2025	Bosnia and Herzegovina	31	77	86	71	62	62	74	65	58	55	61	64	62	64	39	70	43	61	49	55	74	65	49	71	76	64
Jarrad Paul Branthwaite	22	195	74	L	B	CBT	["CBT"]	Everton	2025	England	56	83	81	77	80	69	82	63	70	71	81	73	66	53	61	68	63	61	62	81	85	75	63	79	50	80
James David Garner	23	182	80	R	B	CM	["CM","DM"]	Everton	2026	England	73	73	72	81	71	71	77	73	77	72	83	80	81	78	68	78	71	78	79	68	73	80	77	80	50	76
Timothy Emeka Iroegbunam	21	183	70	R	B	DM	["DM","CM"]	Everton	2027	England	70	70	76	76	70	71	76	70	76	72	78	75	71	68	66	73	64	61	64	66	74	76	76	76	50	72
Harrison Armstrong	18	185	70	R	B	CM	["CM"]	Everton	2027	England	70	52	66	71	74	68	71	66	69	71	76	74	66	63	61	74	60	61	62	67	66	68	71	72	50	69
Stanley Mills	21	180	70	R	B	WF	["WF","SM"]	Everton	2025	England	67	36	69	71	73	75	66	71	73	73	66	68	64	69	70	73	67	61	65	61	66	73	66	63	50	64
Roman Ivan Quintyne Dixon	20	170	68	R	B	SB	["SB"]	Everton	2027	England	64	63	72	71	82	79	66	76	69	75	63	62	62	63	61	68	60	61	62	66	66	68	64	67	50	63
Bernd Leno	32	189	83	R	B	GK	["GK"]	Fulham	2027	Germany	31	86	83	72	62	62	87	72	59	56	63	68	67	68	34	79	43	63	49	56	82	66	50	76	85	72
Kenny Joelle Tete	29	180	71	R	B	SB	["SB"]	Fulham	2025	Netherlands	72	76	82	81	78	79	78	78	75	75	77	73	77	74	61	69	63	61	67	78	87	76	77	81	50	72
Calvin Bassey Ughelumba	25	185	88	L	B	CBT	["CBT"]	Fulham	2027	Nigeria	65	78	90	89	88	79	77	76	73	80	73	71	71	71	61	70	62	61	68	78	85	73	69	85	50	76
Joachim Christian Andersen	28	192	90	R	B	CBT	["CBT"]	Fulham	2029	Denmark	62	83	89	80	66	66	83	62	75	66	83	81	77	70	63	79	67	66	72	82	84	76	68	84	50	85
Harrison James Reed	29	176	74	R	B	DM	["DM","CM"]	Fulham	2027	England	75	75	78	83	66	72	79	75	76	66	78	74	77	74	68	72	67	69	70	63	71	77	78	84	50	78
Raúl Alonso Jiménez Rodríguez	33	190	81	R	B	CF	["CF"]	Fulham	2025	Mexico	80	48	85	76	66	66	81	69	79	70	81	82	77	79	80	85	77	62	78	81	85	80	81	79	50	80
Harry Wilson	27	173	70	L	B	WF	["WF","SM"]	Fulham	2026	Wales	78	51	76	76	79	80	78	81	79	78	78	82	77	83	78	85	80	85	86	61	68	80	78	67	50	73
Rodrigo Muniz Carvalho	23	185	80	R	B	CF	["CF"]	Fulham	2026	Brazil	80	46	82	75	79	74	79	76	76	76	74	77	61	68	80	82	78	61	66	81	87	77	79	78	50	78
Thomas Cairney	34	185	84	L	B	CM	["CM","DM","AM"]	Fulham	2025	Scotland	80	68	73	73	66	66	81	69	80	68	81	79	81	79	76	77	79	77	80	67	69	81	81	70	50	76
Adama Traoré Diarra	28	178	86	R	B	WF	["WF","SM"]	Fulham	2025	Spain	75	44	91	76	95	96	78	88	84	91	76	80	71	82	69	86	71	61	76	61	83	81	78	78	50	76
Carlos Vinicius Alves Morais	29	190	85	L	B	CF	["CF"]	Fulham	2025	Brazil	79	48	85	75	79	68	78	70	76	76	76	79	61	71	78	85	75	61	70	76	82	76	78	79	50	79
Jorge Cuenca Barreno	25	190	75	L	B	CBT	["CBT"]	Fulham	2028	Spain	54	79	71	73	67	66	81	67	65	64	78	72	66	59	61	68	63	61	62	80	79	76	61	76	50	74
Sander Gard Bolin Berge	26	195	96	R	B	CM	["CM","DM"]	Fulham	2029	Norway	77	76	92	83	66	66	80	62	80	70	81	80	77	75	71	79	69	62	76	78	84	81	80	82	50	78
Alexander Chuka Iwobi	28	180	75	R	B	WF	["WF","SM"]	Fulham	2028	Nigeria	80	60	79	90	79	79	81	79	84	82	82	79	77	75	73	76	78	62	77	62	74	83	81	79	50	76
Andreas Hugo Hoelgebaum Pereira	29	178	66	R	B	AM	["AM","CM"]	Fulham	2026	Brazil	80	69	73	81	78	79	81	79	81	80	82	84	82	85	78	86	80	83	87	66	74	81	81	82	50	82
Reiss Luke Nelson	25	175	70	R	B	WF	["WF","SM"]	Fulham	2025	England	75	42	74	76	87	88	74	86	82	85	78	76	74	75	76	74	71	73	71	61	66	82	74	67	50	72
Saša Lukić Саша Лукић	28	183	77	R	B	DM	["DM","CM"]	Fulham	2027	Serbia	76	73	74	78	66	66	77	68	81	70	81	79	76	75	72	79	76	76	76	70	71	82	77	80	50	79
Timothy Castagne	29	185	80	R	B	SB	["SB"]	Fulham	2027	Belgium	79	74	71	81	78	74	79	73	79	78	78	74	78	75	66	70	65	61	64	76	77	80	79	80	50	78
Steven Benda	26	192	90	R	B	GK	["GK"]	Fulham	2026	Germany	31	73	77	71	62	62	76	62	58	55	61	63	62	63	29	67	43	61	49	55	70	65	41	56	73	58
Joshua David Steven King	18	173	66	R	B	CM	["CM","DM","AM"]	Fulham	2026	England	69	58	71	71	70	72	68	73	70	68	71	68	66	61	61	68	61	61	63	61	66	71	68	70	50	68
Kouassi Ryan Sessegnon	24	178	70	L	B	SB	["SB"]	Fulham	2026	England	80	74	72	75	80	81	78	81	80	80	80	76	76	75	73	72	68	61	78	66	74	81	78	74	50	78
Issa Laye Lucas Jean Diop	28	194	92	R	B	CBT	["CBT"]	Fulham	2027	France	58	81	89	74	69	66	81	62	66	65	75	69	65	54	62	68	60	62	62	81	85	68	62	78	50	77
Emile Smith Rowe	24	182	73	R	B	AM	["AM","SM","WF"]	Fulham	2029	England	81	58	74	74	79	81	81	82	83	82	83	79	78	77	78	76	74	67	78	61	67	82	81	68	50	75
Antonee Robinson	27	183	70	L	B	SB	["SB"]	Fulham	2028	United States	78	76	77	83	90	89	83	85	81	87	78	72	80	72	61	68	65	61	83	71	84	80	81	84	50	77
Alexander Paul Borto	21	188	80	R	B	GK	["GK"]	Fulham	2027	United States	31	68	71	71	62	62	68	57	58	55	61	60	59	60	30	66	43	61	49	55	62	65	36	53	68	59
Luc Rollet De Fougerolles	19	178	72	R	B	CBT	["CBT","SB"]	Fulham	2025	Canada	63	64	68	71	68	70	67	67	65	65	66	64	59	52	61	68	56	61	62	68	68	65	66	67	50	60
Becket Fabrice-Martial Godo	21	169	61	R	B	WF	["WF","SM"]	Fulham	2028	England	67	44	74	71	74	83	65	81	72	73	68	66	64	66	68	68	66	61	64	61	66	71	65	66	50	67
Arijanet Anan Murić	26	197	95	R	B	GK	["GK"]	Ipswich Town	2028	Kosovo	31	79	83	71	62	62	81	66	58	55	65	70	69	70	34	82	43	61	49	55	77	65	45	71	79	70
Harrison Thomas Clarke	23	180	80	R	B	SB	["SB","CBT"]	Ipswich Town	2026	England	68	69	82	83	85	79	71	76	72	77	71	72	68	71	64	74	64	61	63	73	85	72	71	81	50	71
Leif Davis	25	182	70	L	B	SB	["SB"]	Ipswich Town	2025	England	76	72	77	86	82	85	78	82	78	79	78	75	80	78	61	73	67	79	83	70	81	78	78	79	50	75
Samy Sayed Mekawy Said Morsy سامي سيد مكاوي سعيد مرسي	33	175	75	R	B	DM	["DM"]	Ipswich Town	2026	Egypt	73	78	81	86	66	66	79	68	75	66	78	74	72	68	68	70	70	67	62	65	74	77	78	87	50	84
Luke Matthew Woolfenden	26	193	80	R	B	CBT	["CBT"]	Ipswich Town	2025	England	67	77	87	80	72	74	76	66	72	68	76	70	67	60	61	68	63	61	62	77	87	76	71	77	50	76
Wesley James Burns	30	179	68	R	B	WF	["WF","SM"]	Ipswich Town	2026	Wales	74	64	82	88	91	93	72	90	76	83	71	72	70	75	74	75	69	61	72	71	85	77	72	80	50	72
Kalvin Mark Phillips	29	178	72	R	B	DM	["DM","CM"]	Ipswich Town	2025	England	75	76	79	74	66	70	80	73	79	67	81	79	79	76	71	79	71	77	68	71	77	81	79	79	50	79
Conor Mark Chaplin	27	168	69	L	B	AM	["AM"]	Ipswich Town	2026	England	78	52	79	78	85	87	78	89	78	81	78	77	72	72	80	76	77	74	76	77	82	79	78	77	50	77
Jens-Lys Michel Cajuste	25	188	77	R	B	DM	["DM","CM"]	Ipswich Town	2025	Sweden	75	70	79	78	74	69	75	73	79	76	79	78	73	71	68	78	69	61	69	73	78	80	75	78	50	77
Cieran Slicker	22	191	82	R	B	GK	["GK"]	Ipswich Town	2026	Scotland	31	68	74	71	62	62	68	59	58	55	61	62	61	62	33	66	45	61	49	55	65	65	40	61	69	63
Jack Taylor	26	185	70	R	B	DM	["DM","CM"]	Ipswich Town	2026	Republic of Ireland	72	67	72	85	76	76	73	76	73	74	75	75	70	70	71	77	69	63	64	72	77	73	73	81	50	73
Cameron Robert Burgess	29	194	81	L	B	CBT	["CBT"]	Ipswich Town	2025	Australia	63	77	88	78	66	66	76	62	65	60	75	70	66	55	61	68	62	61	62	77	82	72	67	78	50	76
Ali Ibrahim Karim Ali Al-Hamadi علي الحمادي	22	187	76	R	B	CF	["CF"]	Ipswich Town	2028	Iraq	73	31	81	74	82	84	71	76	72	76	64	64	58	55	74	68	66	61	62	68	85	71	71	73	50	70
Benjamin Anthony Johnson	24	180	69	R	B	SB	["SB"]	Ipswich Town	2028	England	68	75	74	79	78	74	77	72	74	75	75	70	72	68	61	68	63	61	66	72	76	75	73	76	50	67
Liam Rory Delap	21	186	80	R	B	CF	["CF"]	Ipswich Town	2029	England	76	36	83	75	80	78	73	77	77	79	72	76	63	72	81	82	74	63	66	75	85	76	73	73	50	72
Omari Elijah Giraud-Hutchinson	21	174	65	L	B	WF	["WF","SM","AM"]	Ipswich Town	2029	England	76	58	74	77	81	85	74	85	81	80	76	76	72	74	77	77	74	69	74	61	71	81	74	71	50	72
Chiedozie Somkelechukwu Ogbene	27	181	75	R	B	SM	["SM","SB","WB"]	Ipswich Town	2028	Republic of Ireland	75	68	82	85	93	91	77	86	78	86	75	73	71	74	73	73	70	67	71	70	88	77	77	79	50	73
Conor Townsend	31	183	73	L	B	SB	["SB"]	Ipswich Town	2026	England	70	71	76	83	73	70	74	72	73	72	73	68	71	68	61	68	62	69	73	66	74	73	74	74	50	68
Samuel Joseph Szmodics	29	168	67	R	B	AM	["AM","CF","SM","SS","WF"]	Ipswich Town	2028	Republic of Ireland	82	55	79	85	79	85	80	86	78	78	77	77	73	74	82	78	75	72	74	68	76	78	80	81	50	79
Jacob John Greaves	24	194	87	L	B	CBT	["CBT"]	Ipswich Town	2029	England	62	79	83	78	77	70	78	67	73	73	77	71	72	64	61	68	62	61	67	79	85	74	68	81	50	80
Massimo Corey Luongo	32	176	76	R	B	DM	["DM"]	Ipswich Town	2025	Australia	75	77	82	79	66	66	77	71	77	69	78	78	72	72	71	79	72	61	62	68	77	78	77	79	50	77
Dara Joseph O'Shea	25	188	74	R	B	CBT	["CBT"]	Ipswich Town	2029	Republic of Ireland	54	79	80	77	73	70	78	67	66	67	73	69	67	62	61	68	61	61	62	83	86	70	60	78	50	75
George David Eric Hirst	25	191	81	R	B	CF	["CF"]	Ipswich Town	2027	England	76	44	84	78	81	78	74	74	73	75	72	73	58	63	77	76	72	61	62	78	89	76	74	75	50	72
Christian Walton	29	195	72	L	B	GK	["GK"]	Ipswich Town	2026	England	31	74	77	71	62	62	75	63	58	55	61	64	62	64	38	69	43	61	49	55	71	65	46	64	74	67
Nathan Paul Broadhead	26	178	73	R	B	WF	["WF","SM"]	Ipswich Town	2026	Wales	76	44	74	74	81	84	74	81	78	79	73	74	71	74	78	76	73	72	73	72	80	78	74	73	50	74
Axel Tuanzebe	27	185	75	R	B	SB	["SB","CBT"]	Ipswich Town	2025	Congo DR	68	74	79	71	89	76	78	74	73	80	76	71	72	64	61	68	62	61	62	76	82	74	78	75	50	71
Jack Raymond Clarke	24	181	74	R	B	WF	["WF","SM"]	Ipswich Town	2029	England	78	49	74	81	85	86	78	86	79	82	75	74	73	76	79	75	71	67	70	61	69	78	78	72	50	72
Danny Ward	31	191	88	R	B	GK	["GK"]	Leicester City	2025	Wales	31	76	77	71	62	62	77	65	58	55	61	65	63	65	34	73	43	61	49	55	73	65	48	71	77	65
James Michael Justin	26	183	80	R	B	SB	["SB"]	Leicester City	2026	England	74	74	74	80	85	78	78	75	76	80	78	71	76	70	63	68	64	68	66	74	79	76	78	76	50	73
Wout Felix Lina Faes	26	187	82	R	B	CBT	["CBT"]	Leicester City	2027	Belgium	58	80	84	78	66	66	80	62	69	61	78	73	67	55	61	68	62	61	62	80	83	74	64	80	50	78
Conor David Coady	31	186	80	R	B	CBT	["CBT"]	Leicester City	2026	England	62	79	78	73	66	66	79	62	73	62	79	74	77	70	62	70	68	66	66	79	75	78	68	72	50	75
Memeh Caleb Okoli	23	191	91	R	B	CBT	["CBT"]	Leicester City	2029	Italy	51	78	91	74	66	66	79	63	67	60	74	69	62	51	61	68	61	61	62	76	82	69	55	74	50	71
Onyinye Wilfred Ndidi	28	183	74	R	B	DM	["DM","CM"]	Leicester City	2027	Nigeria	79	76	81	84	74	67	83	69	80	76	81	80	78	78	70	79	73	69	65	77	81	81	83	85	50	81
Issahaku Abdul Fatawu	20	177	73	L	B	WF	["WF","SM"]	Leicester City	2029	Ghana	76	51	77	75	85	89	78	88	81	83	76	81	80	83	75	86	77	76	78	68	78	81	78	74	50	76
Harry Billy Winks	28	176	65	R	B	DM	["DM","CM"]	Leicester City	2026	England	76	73	73	80	66	70	81	75	81	68	85	79	77	72	64	74	71	74	76	63	68	82	81	81	50	78
Jamie Richard Vardy	38	179	74	R	B	CF	["CF"]	Leicester City	2025	England	85	53	69	72	75	80	81	77	79	75	79	80	72	78	85	84	77	72	74	83	85	81	81	77	50	82
Stephy Alvaro Mavididi	26	182	71	R	B	WF	["WF","SM"]	Leicester City	2028	England	79	36	79	75	88	91	78	85	81	85	77	79	75	78	80	81	77	66	68	76	88	80	78	75	50	76
Bilal El Khannouss بلال الخنوص	20	180	70	R	B	AM	["AM","CM"]	Leicester City	2028	Morocco	73	44	76	76	71	81	78	87	83	76	85	78	78	72	71	70	68	74	72	61	66	85	78	67	50	71
Bobby Armani De Cordova-Reid	31	170	68	R	B	WF	["WF","SM"]	Leicester City	2027	Jamaica	80	63	77	78	76	80	80	84	78	77	80	76	74	74	78	74	77	71	70	75	79	78	80	71	50	74
Victor Bernth Kristiansen	22	181	77	L	B	SB	["SB"]	Leicester City	2028	Denmark	72	74	75	83	77	77	77	76	78	77	77	74	75	75	63	71	65	65	68	65	75	78	77	81	50	71
Hamza Choudhury	27	178	64	R	B	SB	["SB","DM"]	Leicester City	2027	England	68	74	75	75	69	70	78	74	73	69	79	76	72	70	61	73	62	64	64	71	77	74	72	82	50	74
Jordan Pierre Ayew	33	182	81	R	B	WF	["WF","SM"]	Leicester City	2026	Ghana	80	60	78	79	75	74	82	78	82	78	78	78	74	79	78	79	77	74	77	79	83	81	82	79	50	79
Patson Daka	26	183	71	R	B	CF	["CF"]	Leicester City	2026	Zambia	80	32	75	78	91	89	81	85	78	85	71	74	66	68	78	79	77	64	70	71	83	78	81	74	50	71
Ricardo Domingos Barbosa Pereira	31	175	70	R	B	SB	["SB"]	Leicester City	2026	Portugal	80	77	77	76	75	79	81	79	81	77	81	78	81	79	73	76	71	64	80	76	80	81	81	79	50	81
Oliver William Skipp	24	175	70	R	B	DM	["DM","CM"]	Leicester City	2029	England	69	77	74	78	66	72	81	71	77	68	81	75	71	64	61	68	64	61	67	62	69	78	80	80	50	75
Jannik Vestergaard	32	199	96	R	B	CBT	["CBT"]	Leicester City	2027	Denmark	58	80	92	72	66	66	78	62	67	60	77	81	69	71	61	85	61	63	62	83	76	71	64	80	50	83
Boubakary Soumaré	25	188	82	R	B	DM	["DM","CM"]	Leicester City	2026	France	74	72	84	77	74	69	78	67	80	76	81	75	76	70	62	69	68	63	70	71	79	81	78	77	50	77
Odsonne Édouard	27	187	83	R	B	CF	["CF"]	Leicester City	2025	France	79	51	78	74	79	74	76	74	81	80	78	78	67	72	81	79	75	78	77	76	82	81	76	69	50	74
Mads Hermansen	24	185	81	R	B	GK	["GK"]	Leicester City	2028	Denmark	31	81	78	71	62	62	82	68	58	56	70	72	69	69	32	81	45	61	49	55	77	65	49	64	81	64
Daniel Lønne Iversen	27	193	80	R	B	GK	["GK"]	Leicester City	2025	Denmark	31	76	81	71	62	62	76	64	58	55	61	65	64	65	36	72	43	61	49	55	74	65	50	67	76	67
Nathaniel Opoku Onyina	23	183	78	R	B	CF	["CF"]	Leicester City	2026	Ghana	69	33	71	71	85	83	67	82	73	78	66	68	61	68	75	74	69	61	66	68	79	72	67	68	50	69
Luke Thomas	23	177	68	L	B	SB	["SB"]	Leicester City	2025	England	73	69	73	79	78	80	73	77	73	75	72	68	71	65	61	68	62	61	65	68	77	72	73	76	50	72
Michael Heinz Golding	18	178	63	R	B	CM	["CM","AM"]	Leicester City	2028	England	66	61	69	72	71	72	68	74	70	69	74	70	68	66	64	68	65	63	67	61	66	71	67	71	50	68
Kasey Ian McAteer	23	177	67	R	B	WF	["WF","SM","AM"]	Leicester City	2028	Republic of Ireland	74	61	73	74	83	85	73	82	77	79	75	73	72	71	75	73	72	64	70	67	78	78	73	72	50	73
William Thomas Alves	19	179	74	R	B	AM	["AM"]	Leicester City	2028	England	67	51	68	71	69	74	67	73	74	71	71	68	68	63	63	68	64	65	63	61	66	74	67	65	50	66
Facundo Valentín Buonanotte	20	174	66	L	B	WF	["WF","SM","AM"]	Leicester City	2025	Argentina	79	38	75	75	78	80	79	81	79	78	80	78	76	75	78	76	70	70	76	61	68	81	79	66	50	73
Jakub Stolarczyk	24	194	79	R	B	GK	["GK"]	Leicester City	2026	Poland	31	73	80	71	62	62	75	62	58	55	61	65	63	65	29	72	43	61	49	55	70	65	40	57	73	58
Alisson Ramsés Becker	32	193	91	R	B	GK	["GK"]	Liverpool	2027	Brazil	31	91	89	73	62	66	92	71	61	55	71	74	73	73	38	87	45	64	49	58	87	68	57	83	89	81
Joseph Dave Gomez	27	188	77	R	B	CBT	["CBT","SB"]	Liverpool	2027	England	72	80	84	80	89	79	83	74	79	82	82	74	79	69	62	68	64	62	62	80	88	80	82	81	50	74
Wataru Endo 遠藤 航	31	178	77	R	B	DM	["DM","CM"]	Liverpool	2027	Japan	78	80	78	88	66	74	82	75	82	70	83	81	75	72	74	79	72	62	62	83	82	83	82	87	50	81
Virgil van Dijk	33	193	92	R	B	CBT	["CBT"]	Liverpool	2025	Netherlands	67	93	94	80	89	71	91	66	81	82	85	83	78	72	66	84	69	78	66	90	90	83	72	84	50	91
Ibrahima Konaté	25	194	95	R	B	CBT	["CBT"]	Liverpool	2026	France	59	87	91	80	85	74	86	68	77	78	81	73	68	54	63	68	64	63	62	87	85	80	66	83	50	85
Luis Fernando Díaz Marulanda	28	180	73	R	B	WF	["WF","SM"]	Liverpool	2027	Colombia	87	47	77	89	91	92	86	91	90	91	82	84	80	83	85	87	85	68	80	74	84	89	86	85	50	83
Dominik Szoboszlai	24	186	74	R	B	AM	["AM","CM"]	Liverpool	2028	Hungary	84	64	72	87	89	79	84	80	85	87	85	88	86	89	82	90	84	89	91	70	78	85	84	79	50	80
Darwin Gabriel Núñez Ribeiro	25	187	81	R	B	CF	["CF"]	Liverpool	2028	Uruguay	87	52	87	90	93	90	85	84	83	88	80	84	76	82	83	90	81	71	79	84	95	83	85	88	50	86
Alexis Mac Allister	26	176	72	R	B	CM	["CM","DM"]	Liverpool	2028	Argentina	86	78	79	90	72	75	88	80	88	79	90	89	87	86	84	90	84	86	85	71	76	89	88	88	50	87
Mohamed Salah Hamed Ghaly محمد صلاح	32	175	72	L	B	WF	["WF","SM"]	Liverpool	2025	Egypt	94	47	85	90	90	90	95	90	90	90	90	87	86	85	93	85	87	78	87	71	82	90	95	82	50	86
Federico Chiesa	27	175	70	R	B	WF	["WF","SM","CF"]	Liverpool	2028	Italy	87	56	80	87	94	93	87	92	88	91	83	85	81	83	87	88	86	71	81	65	79	86	87	83	50	83
Curtis Jones	23	185	75	R	B	CM	["CM","AM","DM"]	Liverpool	2027	England	81	74	77	84	73	73	82	76	85	79	85	82	76	75	78	79	78	62	78	63	73	84	82	81	50	80
Cody Mathès Gakpo	25	189	76	R	B	WF	["WF","SM","CF"]	Liverpool	2028	Netherlands	85	53	81	81	85	87	85	83	88	86	83	86	82	88	86	90	84	81	81	85	92	88	85	77	50	81
Harvey Scott Elliott	21	168	64	L	B	AM	["AM","CM","WF","SM"]	Liverpool	2027	England	81	59	79	79	75	81	79	86	83	79	82	82	79	81	71	81	78	70	75	61	66	82	79	74	50	78
Diogo José Teixeira da Silva	28	178	70	R	B	CF	["CF","WF","SM"]	Liverpool	2027	Portugal	90	59	84	84	83	87	90	88	87	84	82	84	79	82	88	88	83	68	80	88	92	88	90	86	50	87
Konstantinos Tsimikas Κωνσταντίνος Τσιμίκας	28	179	77	L	B	SB	["SB"]	Liverpool	2027	Greece	79	75	80	81	81	85	80	83	79	80	79	77	81	81	61	76	68	74	80	65	82	79	78	82	50	80
Andrew Henry Robertson	30	178	64	L	B	SB	["SB"]	Liverpool	2026	Scotland	84	81	75	91	81	82	87	80	84	81	85	82	85	84	66	79	71	78	85	75	79	85	87	89	50	85
Ryan Jiro Gravenberch	22	190	77	R	B	CM	["CM","DM"]	Liverpool	2028	Netherlands	81	76	79	82	76	78	82	80	86	82	83	82	79	79	80	81	81	75	78	69	80	85	82	79	50	80
James McConnell	20	180	72	R	B	CM	["CM","DM"]	Liverpool	2028	England	69	62	68	72	70	68	69	66	71	69	76	70	69	63	62	68	62	61	62	63	67	72	69	72	50	70
Vítězslav Jaroš	23	190	85	R	B	GK	["GK"]	Liverpool	2025	Czechia	31	74	76	71	62	62	74	66	58	55	61	65	64	65	34	73	43	61	49	55	72	65	48	69	75	69
Caoimhín Odhrán Kelleher	26	188	81	R	B	GK	["GK"]	Liverpool	2026	Republic of Ireland	31	80	82	71	62	62	82	66	58	55	61	68	67	69	30	81	44	61	49	55	77	65	49	76	79	73
Trent John Alexander-Arnold	26	180	72	R	B	SB	["SB"]	Liverpool	2025	England	85	79	74	91	81	76	88	76	86	82	91	89	94	90	73	87	80	88	90	77	79	88	88	84	50	84
Jayden Alexander Danns	19	185	73	R	B	CF	["CF"]	Liverpool	2026	England	71	34	69	71	74	73	68	70	70	71	66	66	59	60	72	68	65	61	62	68	74	71	68	69	50	68
Jarell Amorin Quansah	21	190	80	R	B	CBT	["CBT"]	Liverpool	2029	England	55	79	82	77	81	74	78	67	76	77	76	71	68	54	61	68	63	61	62	78	85	76	60	78	50	79
Tyler Scott Morton	22	178	73	R	B	DM	["DM","CM"]	Liverpool	2026	England	75	69	70	81	67	72	77	74	78	72	80	74	78	71	65	68	70	76	78	68	70	79	77	78	50	76
Conor Bradley	21	181	71	R	B	SB	["SB"]	Liverpool	2027	Northern Ireland	77	72	69	85	85	84	78	79	78	82	76	73	73	74	68	71	66	61	63	67	77	78	78	85	50	78
Harvey Davies	21	188	80	L	B	GK	["GK"]	Liverpool	2025	England	31	68	74	71	62	62	68	60	58	55	61	62	61	62	29	66	43	61	49	55	66	65	40	53	69	56
Treymaurice Nyoni	17	180	66	R	B	CM	["CM","AM"]	Liverpool	2025	England	69	55	69	71	71	73	66	72	75	73	73	68	66	60	63	68	63	61	62	61	66	74	66	65	50	67
Kyle Andrew Walker	34	183	83	R	B	SB	["SB"]	Manchester City	2026	England	79	78	83	85	94	86	87	79	83	88	84	86	83	85	63	89	73	78	79	78	89	84	87	86	50	80
Rúben dos Santos Gato Alves Dias	27	187	82	R	B	CBT	["CBT"]	Manchester City	2027	Portugal	63	93	91	84	73	70	92	69	78	71	89	82	77	69	64	78	64	64	62	90	90	82	69	88	50	90
John Stones	30	188	76	R	B	CBT	["CBT","DM","SB"]	Manchester City	2026	England	75	84	80	80	74	73	89	73	85	78	88	80	78	71	66	73	70	63	68	87	86	86	89	82	50	78
Nathan Benjamin Aké	29	180	75	L	B	CBT	["CBT","SB"]	Manchester City	2027	Netherlands	71	83	81	78	79	80	87	76	81	78	85	76	76	69	63	69	68	69	69	85	90	83	87	81	50	75
Mateo Kovačić	30	177	80	R	B	CM	["CM","DM"]	Manchester City	2027	Croatia	83	75	79	81	69	79	87	83	89	79	90	86	83	79	68	81	83	77	81	63	68	90	87	81	50	83
Erling Braut Håland	24	195	94	L	B	CF	["CF"]	Manchester City	2027	Norway	96	48	94	83	95	83	95	82	86	88	83	88	73	79	97	95	87	73	80	88	93	88	95	87	50	90
Jack Peter Grealish	29	180	81	R	B	WF	["WF","SM"]	Manchester City	2027	England	84	61	81	86	79	81	85	84	90	84	86	82	85	82	81	79	83	80	85	63	74	90	85	80	50	81
Jérémy Doku	22	173	77	R	B	WF	["WF","SM"]	Manchester City	2028	Belgium	81	44	85	72	90	96	82	95	88	90	83	81	77	77	79	80	75	66	76	63	76	85	82	72	50	77
Rodrigo Hernández Cascante	28	191	82	R	B	DM	["DM","CM"]	Manchester City	2027	Spain	87	88	85	93	71	70	95	71	90	79	95	93	88	86	81	93	86	74	88	86	85	93	95	91	50	87
Kevin De Bruyne	33	181	75	R	B	CM	["CM","AM"]	Manchester City	2025	Belgium	92	69	80	85	72	72	94	75	92	80	95	94	95	94	88	93	90	88	94	68	75	94	94	83	50	90
Stefan Ortega Moreno	32	185	88	R	B	GK	["GK"]	Manchester City	2026	Germany	31	84	83	72	62	62	87	68	59	57	63	72	72	73	38	88	45	63	49	56	80	66	52	75	83	75
İlkay Gündoğan	34	180	80	R	B	CM	["CM","DM"]	Manchester City	2025	Germany	89	77	79	81	66	70	89	75	91	78	90	87	85	82	87	84	85	85	88	63	72	92	89	79	50	85
Bernardo Mota Veiga de Carvalho e Silva	30	173	64	L	B	CM	["CM","WF","SM"]	Manchester City	2026	Portugal	89	73	79	94	74	85	91	90	94	84	93	87	87	84	83	82	85	76	86	66	73	93	91	89	50	87
Joško Gvardiol	22	185	80	L	B	SB	["SB","CBT"]	Manchester City	2028	Croatia	80	83	85	83	82	83	88	78	84	82	85	84	80	80	76	84	76	69	78	84	91	85	88	86	50	81
Manuel Obafemi Akanji	29	187	91	R	B	CBT	["CBT"]	Manchester City	2027	Switzerland	60	88	88	78	83	79	88	75	82	81	86	82	75	70	63	79	65	69	62	83	91	83	67	82	50	86
Sávio Moreira de Oliveira	20	176	71	L	B	WF	["WF","SM"]	Manchester City	2029	Brazil	83	37	73	79	89	91	83	91	88	89	85	79	81	79	81	74	76	66	83	63	68	87	83	69	50	77
Matheus Luiz Nunes	26	183	76	R	B	CM	["CM","SM"]	Manchester City	2028	Portugal	81	75	78	82	88	82	81	82	84	87	83	82	75	73	76	80	74	67	78	63	78	83	81	81	50	80
Ederson Santana de Moraes	31	188	86	L	B	GK	["GK"]	Manchester City	2026	Brazil	31	89	86	73	68	69	90	77	60	61	74	78	76	76	38	92	46	63	49	57	87	67	61	84	88	82
Scott Carson	39	188	86	R	B	GK	["GK"]	Manchester City	2025	England	31	71	78	71	62	62	70	60	58	55	61	63	62	63	39	67	43	61	49	55	67	65	45	60	70	62
Philip Walter Foden	24	171	69	L	B	WF	["WF","SM","AM"]	Manchester City	2027	England	88	63	79	87	85	90	88	92	92	88	90	90	86	87	89	90	82	81	90	63	71	92	88	80	50	83
Oscar Bobb	21	174	73	L	B	WF	["WF","SM"]	Manchester City	2029	Norway	71	41	74	71	79	86	70	85	83	82	82	76	73	68	71	71	68	67	72	61	66	82	70	63	50	70
Jacob Wright	19	173	70	R	B	DM	["DM"]	Manchester City	2026	England	65	67	67	71	68	70	67	72	70	68	74	69	67	62	63	68	61	61	62	65	66	71	67	72	50	70
Jahmai Simpson-Pusey	19	189	85	R	B	CBT	["CBT"]	Manchester City	2025	England	54	73	76	71	74	71	72	68	66	68	68	66	60	52	61	68	60	61	62	71	78	67	58	69	50	71
Nico O'Reilly	19	193	82	L	B	AM	["AM","CM"]	Manchester City	2028	England	66	52	72	71	73	69	65	71	73	71	68	66	67	63	65	68	64	66	62	61	66	73	65	66	50	65
Mahamadou Susoho Sissoho	20	175	71	R	B	DM	["DM","CM"]	Manchester City	2025	Spain	67	65	69	71	68	68	67	71	69	66	71	67	66	63	61	68	62	61	64	66	67	72	67	70	50	69
Rico Henry Mark Lewis	20	169	70	R	B	SB	["SB","DM"]	Manchester City	2028	England	78	75	75	77	79	84	82	85	84	81	84	76	79	73	63	68	67	61	62	67	70	84	82	75	50	76
James John McAtee	22	180	72	L	B	WF	["WF","SM","CM","AM"]	Manchester City	2026	England	74	50	68	75	74	76	74	76	79	76	76	73	73	71	71	71	70	66	72	61	66	80	74	66	50	70
Joshua Darius Kamani Wilson-Esbrand	22	176	65	L	B	SB	["SB"]	Manchester City	2027	England	69	63	76	71	85	83	71	82	74	80	71	68	69	66	61	68	61	69	62	62	71	71	68	69	50	67
Altay Bayındır	26	198	88	R	B	GK	["GK"]	Manchester United	2027	Türkiye	31	81	83	71	62	62	82	70	58	55	61	66	64	66	33	76	43	61	49	55	76	65	50	72	79	69
Victor Jörgen Nilsson Lindelöf	30	187	80	R	B	CBT	["CBT","SB"]	Manchester United	2025	Sweden	69	80	79	76	66	66	85	67	79	67	83	79	78	72	62	76	66	64	72	80	79	81	82	78	50	75
Noussair Mazraoui نصير مزراوي	27	183	65	R	B	SB	["SB"]	Manchester United	2028	Morocco	84	77	75	81	77	85	85	87	87	81	86	79	82	77	76	73	72	63	74	73	81	87	83	79	50	81
Matthijs de Ligt	25	189	89	R	B	CBT	["CBT"]	Manchester United	2029	Netherlands	63	88	92	73	73	66	87	62	76	71	82	83	73	73	63	86	71	66	62	88	88	78	69	80	50	87
Jacob Harry Maguire	31	193	100	R	B	CBT	["CBT"]	Manchester United	2025	England	70	84	90	74	66	66	85	62	77	65	83	83	74	71	63	85	63	63	72	87	84	78	74	81	50	86
Lisandro Martínez	27	178	77	L	B	CBT	["CBT"]	Manchester United	2027	Argentina	71	89	83	81	73	78	88	79	83	76	86	81	83	78	64	77	72	66	80	81	91	85	77	87	50	91
Mason Tony Mount	26	181	74	R	B	CM	["CM","AM"]	Manchester United	2028	England	83	64	72	81	73	77	83	78	84	78	85	84	85	83	81	83	81	86	85	66	71	84	83	80	50	82
Bruno Miguel Borges Fernandes	30	179	69	R	B	AM	["AM","CM"]	Manchester United	2026	Portugal	90	68	73	95	73	76	92	79	88	79	91	89	89	86	88	88	88	86	87	73	74	89	92	92	50	91
Rasmus Winther Højlund	21	191	79	L	B	CF	["CF"]	Manchester United	2028	Denmark	82	40	89	81	88	86	81	78	80	84	78	82	59	67	82	86	76	61	66	76	92	80	81	83	50	80
Marcus Rashford	27	186	70	R	B	WF	["WF","SM","CF"]	Manchester United	2028	England	84	39	72	76	92	89	83	85	86	89	83	88	80	87	84	94	81	81	83	78	85	85	83	70	50	77
Joshua Orobosa Zirkzee	23	193	89	R	B	CF	["CF"]	Manchester United	2029	Netherlands	82	45	85	75	77	78	81	82	85	81	81	80	71	72	82	79	81	73	73	78	88	85	81	68	50	76
Tyrell Johannes Chicco Malacia	25	169	67	L	B	SB	["SB"]	Manchester United	2026	Netherlands	67	73	82	76	81	82	79	84	79	80	79	74	73	71	61	69	68	61	67	66	78	78	74	80	50	73
Christian Dannemann Eriksen	32	182	76	R	B	CM	["CM","DM"]	Manchester United	2025	Denmark	81	60	71	74	66	66	82	67	83	68	86	84	86	83	77	82	82	86	87	63	66	87	82	67	50	76
Leny Yoro	19	190	75	R	B	CBT	["CBT"]	Manchester United	2029	France	59	82	79	75	82	70	82	66	69	72	78	72	63	58	61	68	62	61	62	80	84	74	66	76	50	77
Amad Diallo Traoré	22	173	67	L	B	WF	["WF","SM","AM"]	Manchester United	2025	Côte d'Ivoire	77	32	77	72	85	90	75	91	83	84	76	78	74	79	78	81	72	68	80	61	68	83	75	65	50	72
Alejandro Garnacho Ferreyra	20	180	72	R	B	WF	["WF","SM"]	Manchester United	2028	Argentina	81	44	78	81	86	90	81	89	83	85	81	81	73	80	81	81	79	69	79	61	66	83	81	77	50	77
Carlos Henrique Casimiro	32	185	84	R	B	DM	["DM","CM"]	Manchester United	2026	Brazil	80	80	86	79	66	66	85	62	79	65	85	84	80	79	76	85	81	77	79	84	79	82	83	85	50	84
José Diogo Dalot Teixeira	25	183	76	R	B	SB	["SB"]	Manchester United	2028	Portugal	83	77	80	86	88	86	84	84	85	86	83	83	82	83	66	85	72	64	84	82	90	85	84	86	50	84
Antony Matheus dos Santos	24	172	63	L	B	WF	["WF","SM"]	Manchester United	2027	Brazil	79	49	79	80	81	88	79	89	85	82	79	77	75	76	76	77	76	77	86	63	73	85	79	84	50	82
Tom Heaton	38	188	85	R	B	GK	["GK"]	Manchester United	2025	England	31	76	78	71	62	62	76	66	58	55	61	66	64	66	34	74	43	61	49	55	72	65	46	68	76	66
Luke Paul Hoare Shaw	29	181	75	L	B	SB	["SB","CBT"]	Manchester United	2027	England	83	80	80	79	80	76	86	74	84	81	87	85	85	85	63	83	72	75	86	81	86	85	84	83	50	85
André Onana	28	190	93	R	B	GK	["GK"]	Manchester United	2028	Cameroon	31	85	85	72	66	68	88	78	59	60	68	74	72	74	36	89	45	63	49	56	84	66	55	80	84	78
Manuel Ugarte Ribeiro	23	182	77	R	B	DM	["DM","CM"]	Manchester United	2029	Uruguay	80	80	80	85	74	74	85	74	81	77	82	77	76	70	72	72	69	67	68	65	77	81	81	86	50	82
Jonathan Grant Evans	37	188	77	R	B	CBT	["CBT"]	Manchester United	2025	Northern Ireland	53	80	79	71	66	66	82	62	68	60	78	71	68	60	61	68	62	61	62	80	75	74	60	74	50	82
Ethan Joseph Wheatley	19	188	81	R	B	CF	["CF"]	Manchester United	2028	England	69	39	72	71	78	74	66	74	71	74	65	67	58	60	73	73	65	61	62	69	75	70	66	66	50	65
Kobbie Mainoo	19	181	80	R	B	DM	["DM","CM"]	Manchester United	2027	England	79	75	83	78	79	81	80	82	84	82	83	78	77	72	78	74	72	65	79	71	82	84	80	78	50	79
Harry John Amass	17	178	75	L	B	SB	["SB"]	Manchester United	2027	England	64	60	69	73	79	74	63	74	69	74	61	62	61	61	61	68	60	61	62	61	66	68	63	68	50	61
Tobias Christopher Collyer	21	180	65	R	B	DM	["DM"]	Manchester United	2027	England	64	69	74	71	75	72	68	72	71	72	72	68	67	62	61	68	61	61	67	66	73	70	68	73	50	74
Daniel Gore	20	173	65	R	B	CM	["CM","AM"]	Manchester United	2025	England	68	55	76	71	74	79	71	81	72	72	72	68	66	61	61	68	61	61	66	61	66	71	71	73	50	71
Martin Dúbravka	36	190	80	R	B	GK	["GK"]	Newcastle United	2025	Slovakia	31	80	79	71	62	62	82	67	58	55	62	68	70	69	34	81	43	62	49	56	75	66	50	72	80	71
Kieran John Trippier	34	173	71	R	B	SB	["SB"]	Newcastle United	2026	England	83	80	76	86	69	75	85	73	83	74	85	84	89	88	66	84	74	89	89	83	82	85	85	83	50	83
Sven Adriaan Botman	25	193	81	L	B	CBT	["CBT"]	Newcastle United	2027	Netherlands	63	87	91	77	74	66	85	62	76	71	83	76	70	61	63	70	64	63	62	85	85	80	68	82	50	84
Fabian Lukas Schär	33	188	84	R	B	CBT	["CBT"]	Newcastle United	2025	Switzerland	72	87	83	82	66	66	88	63	81	68	85	84	81	76	71	83	76	77	71	85	83	82	77	82	50	84
Jamaal Lascelles	31	188	83	R	B	CBT	["CBT"]	Newcastle United	2025	England	53	80	87	71	66	66	80	62	66	60	72	68	64	58	62	68	60	62	62	81	87	69	55	77	50	77
Joelinton Cassio Apolinário de Lira	28	186	81	R	B	CM	["CM","WF","SM"]	Newcastle United	2028	Brazil	85	80	91	90	84	74	88	74	87	85	86	86	80	81	80	86	73	63	64	85	91	88	88	90	50	87
Sandro Tonali	24	181	79	R	B	DM	["DM","CM"]	Newcastle United	2028	Italy	83	82	85	85	88	84	88	84	86	85	88	86	85	83	77	85	82	85	79	78	86	88	87	86	50	84
Callum Eddie Graham Wilson	32	180	66	R	B	CF	["CF"]	Newcastle United	2025	England	88	47	79	77	82	80	88	79	84	81	79	80	71	75	88	83	81	64	68	83	89	86	88	79	50	82
Anthony Michael Gordon	23	183	72	R	B	WF	["WF","SM"]	Newcastle United	2027	England	85	56	71	89	93	90	86	86	85	89	82	81	79	82	83	81	80	81	83	69	79	85	86	84	50	82
Harvey Lewis Barnes	27	185	72	R	B	WF	["WF","SM"]	Newcastle United	2028	England	85	50	78	79	87	86	85	84	84	85	82	83	77	81	83	85	81	76	82	62	76	85	85	72	50	77
Matthew Robert Targett	29	183	70	L	B	SB	["SB"]	Newcastle United	2026	England	72	75	71	73	69	71	79	70	77	72	78	74	77	76	61	70	64	74	80	68	74	78	76	72	50	70
Alexander Isak	25	192	77	R	B	CF	["CF"]	Newcastle United	2028	Sweden	88	43	80	83	89	85	88	84	89	89	82	82	73	79	89	85	84	73	79	83	90	89	88	76	50	80
Emil Henry ­Kristoffer Krafth	30	184	83	R	B	SB	["SB","CBT"]	Newcastle United	2025	Sweden	68	77	76	74	66	66	78	67	76	67	77	75	77	74	66	74	66	64	76	75	74	78	78	74	50	69
William Idamudia Daugaard Osula	21	192	81	R	B	CF	["CF"]	Newcastle United	2028	Denmark	74	32	75	71	74	74	73	69	73	73	66	70	58	61	74	76	65	61	62	72	78	71	73	64	50	67
Odysseas Vlachodimos Οδυσσέας Βλαχοδήμος	30	190	81	R	B	GK	["GK"]	Newcastle United	2026	Greece	31	79	81	71	62	62	78	73	58	55	61	65	63	65	34	71	43	61	49	55	77	65	51	71	78	67
Lewis Kieran Hall	20	179	71	L	B	SB	["SB"]	Newcastle United	2029	England	73	73	76	79	75	82	77	82	79	78	82	76	79	76	69	71	71	76	80	64	71	78	77	74	50	72
Valentino Francisco Livramento	22	181	71	R	B	SB	["SB"]	Newcastle United	2028	England	77	76	78	81	85	85	80	82	82	84	79	72	75	73	61	68	65	62	82	66	79	81	79	80	50	75
Nicholas David Pope	32	199	90	R	B	GK	["GK"]	Newcastle United	2026	England	31	85	87	72	62	62	88	69	59	55	63	67	67	67	37	77	43	63	49	56	81	66	54	78	86	73
Jacob Kai Murphy	29	179	74	R	B	WF	["WF","SM"]	Newcastle United	2027	England	80	65	76	83	85	85	80	82	82	84	76	80	74	82	73	85	71	73	79	61	74	81	80	74	50	75
Miguel Ángel Almirón Rejala	30	174	70	L	B	WF	["WF","SM"]	Newcastle United	2026	Paraguay	80	64	69	88	88	90	81	89	82	85	79	79	76	78	79	79	78	72	81	62	68	81	81	81	50	77
Lloyd Casius Kelly	26	190	86	L	B	CBT	["CBT","SB"]	Newcastle United	2029	England	69	76	84	77	74	69	78	65	76	73	78	71	72	65	61	68	64	61	62	79	85	78	76	78	50	71
John Ruddy	38	193	97	R	B	GK	["GK"]	Newcastle United	2025	England	31	75	81	71	62	62	75	63	58	55	61	65	63	65	31	73	43	61	49	55	71	65	51	69	76	64
Joseph George Willock	25	186	71	R	B	CM	["CM"]	Newcastle United	2027	England	80	73	74	78	83	78	80	80	83	84	82	80	76	75	78	79	75	61	73	76	79	82	79	77	50	79
Mark Gillespie	32	192	83	R	B	GK	["GK"]	Newcastle United	2025	England	31	72	77	71	62	62	73	62	58	55	61	64	62	64	37	68	43	61	49	55	69	65	43	63	71	61
Isaac Hayden	29	187	79	R	B	DM	["DM","CM","CBT"]	Newcastle United	2026	England	72	74	83	76	66	66	76	63	74	65	76	76	66	65	61	79	67	61	62	73	77	75	73	78	50	75
Daniel Johnson Burn	32	198	87	L	B	CBT	["CBT","SB"]	Newcastle United	2025	England	72	78	90	81	66	66	81	62	74	65	80	72	74	69	62	68	62	62	62	82	74	74	81	84	50	75
Garang Mawien Kuol	20	175	68	R	B	WF	["WF","SM"]	Newcastle United	2026	Australia	67	37	71	71	86	94	67	87	72	79	67	65	66	63	66	68	62	61	62	61	66	71	67	63	50	64
Sean David Longstaff	27	187	74	R	B	CM	["CM","DM"]	Newcastle United	2025	England	78	76	71	87	66	66	81	65	79	71	81	80	76	74	71	80	73	71	74	63	67	79	78	81	50	78
Alex Murphy	20	188	76	L	B	CBT	["CBT","SB"]	Newcastle United	2028	Republic of Ireland	63	66	79	71	71	68	70	67	66	66	68	65	67	64	61	68	60	61	62	68	75	67	67	72	50	66
Bruno Guimarães Rodrigues Moura	27	182	74	R	B	DM	["DM","CM"]	Newcastle United	2028	Brazil	85	79	84	90	73	74	88	77	88	80	90	85	86	81	79	82	81	72	84	75	80	88	88	90	50	87
Ben Parkinson	19	183	66	R	B	CF	["CF","WF","SM"]	Newcastle United	2025	England	63	41	73	71	79	75	63	72	67	71	61	62	60	62	68	68	62	61	62	61	66	66	56	63	50	64
Lewis Miley	18	189	68	R	B	CM	["CM"]	Newcastle United	2028	England	73	67	73	81	68	73	74	74	78	73	81	76	73	71	69	72	68	68	70	66	73	77	74	71	50	71
Felipe Rodrigues da Silva	23	192	88	L	B	CBT	["CBT","SB"]	Nottingham Forest	2029	Brazil	67	77	90	74	74	71	79	64	71	70	72	68	68	62	61	68	62	61	62	80	83	72	77	78	50	69
Murillo Santiago Costa dos Santos	22	180	75	L	B	CBT	["CBT"]	Nottingham Forest	2028	Brazil	58	82	91	76	76	78	81	74	74	74	77	75	70	67	61	74	66	66	62	79	85	76	65	79	50	82
Ibrahim Sangaré	27	191	77	R	B	DM	["DM","CM"]	Nottingham Forest	2028	Côte d'Ivoire	77	77	92	80	66	72	83	66	80	69	81	81	77	77	69	83	71	71	69	78	81	80	81	80	50	78
Neco Shay Williams	23	183	72	R	B	SB	["SB"]	Nottingham Forest	2026	Wales	72	75	73	78	79	76	79	76	78	78	78	71	76	70	61	68	64	65	64	73	83	78	76	76	50	71
Elliot Junior Anderson	22	179	71	R	B	CM	["CM","SM","DM"]	Nottingham Forest	2029	England	78	70	83	82	74	79	79	80	82	78	81	78	74	71	73	74	72	63	70	80	89	82	79	81	50	79
Taiwo Michael Awoniyi	27	183	84	R	B	CF	["CF"]	Nottingham Forest	2027	Nigeria	81	36	90	71	82	74	80	68	76	79	75	79	66	74	81	85	73	61	62	80	90	76	80	75	50	75
Morgan Anthony Gibbs-White	24	179	72	R	B	AM	["AM"]	Nottingham Forest	2027	England	81	63	77	82	77	80	82	83	83	80	83	82	82	81	79	80	78	77	80	68	78	83	82	78	50	79
Christopher Grant Wood	33	191	92	R	B	CF	["CF"]	Nottingham Forest	2025	New Zealand	84	45	89	76	66	66	83	62	79	68	79	83	63	73	83	87	80	72	74	86	85	81	83	78	50	79
Andrew Abiola Omobamidele	22	188	74	R	B	CBT	["CBT"]	Nottingham Forest	2028	Republic of Ireland	56	76	84	73	75	76	75	68	66	68	74	69	64	49	61	68	60	61	62	74	78	68	60	74	50	73
Callum James Hudson-Odoi	24	182	76	R	B	WF	["WF","SM"]	Nottingham Forest	2026	England	79	56	75	78	82	87	80	86	84	83	80	79	78	79	80	79	76	76	83	63	75	83	80	71	50	74
Harry Toffolo	29	183	71	L	B	SB	["SB"]	Nottingham Forest	2025	England	69	73	74	82	75	74	74	74	72	73	74	69	77	71	63	68	62	67	75	71	76	72	74	76	50	68
Nicolás Martín Domínguez	26	179	73	R	B	DM	["DM","CM"]	Nottingham Forest	2028	Argentina	74	72	77	89	72	76	78	80	79	75	83	79	74	71	71	76	70	63	74	74	78	81	78	88	50	79
Eric Emanuel da Silva Moreira	18	184	82	R	B	SM	["SM","SB","WB"]	Nottingham Forest	2028	Germany	63	58	69	71	77	81	63	79	70	73	68	66	65	62	61	68	61	61	62	61	70	69	61	65	50	64
James Michael Edward Ward-Prowse	30	173	66	R	B	CM	["CM","DM","AM"]	Nottingham Forest	2025	England	75	69	74	92	66	67	78	71	81	68	86	85	88	88	78	84	74	93	93	68	70	83	78	86	50	79
Alexandre Moreno Lopera	31	179	68	L	B	SB	["SB"]	Nottingham Forest	2025	Spain	81	77	74	80	81	83	82	84	81	81	81	74	78	75	73	68	73	66	74	71	78	81	82	79	50	80
João Pedro Ferreira Silva	25	179	77	R	B	WF	["WF","SM","CF"]	Nottingham Forest	2028	Portugal	81	47	74	85	86	85	80	83	81	83	77	77	73	76	78	79	74	63	72	78	85	81	80	83	50	80
Anthony David Junior Elanga	22	178	70	R	B	WF	["WF","SM"]	Nottingham Forest	2028	Sweden	78	46	79	79	90	90	78	88	81	86	78	75	72	75	77	74	74	69	74	73	85	81	78	72	50	73
Ryan James Yates	27	190	87	R	B	DM	["DM","CM"]	Nottingham Forest	2028	England	75	76	85	85	69	66	79	64	75	71	78	76	72	70	68	74	66	61	71	78	81	77	78	85	50	77
Ramón Sosa Acosta	25	179	75	R	B	WF	["WF","SM"]	Nottingham Forest	2029	Paraguay	77	54	70	78	85	84	76	82	80	83	77	75	74	73	75	74	68	61	68	61	69	78	76	74	50	75
Emmanuel Bonaventure Dennis	27	175	67	R	B	WF	["WF","SM","CF"]	Nottingham Forest	2026	Nigeria	76	48	78	73	87	86	80	88	78	82	74	78	69	77	76	83	74	70	68	80	91	77	80	74	50	72
Matz Willy Els Sels	32	188	75	R	B	GK	["GK"]	Nottingham Forest	2027	Belgium	31	82	81	71	62	62	82	67	58	55	62	68	68	70	38	82	43	62	49	56	76	66	55	76	81	71
Danilo dos Santos de Oliveira	23	176	69	L	B	DM	["DM","CM"]	Nottingham Forest	2029	Brazil	75	75	73	85	73	74	81	77	77	73	81	76	71	66	71	73	68	66	71	68	73	80	81	83	50	76
Willy-Arnaud Zobo Boly	33	195	97	R	B	CBT	["CBT"]	Nottingham Forest	2025	Côte d'Ivoire	60	81	92	71	66	66	80	62	69	60	74	69	67	60	61	68	61	61	62	81	81	71	66	74	50	81
Nikola Milenković	27	195	90	R	B	CBT	["CBT"]	Nottingham Forest	2029	Serbia	54	83	89	81	66	68	83	63	73	63	76	70	74	68	62	68	64	62	62	85	90	76	59	84	50	84
Carlos Miguel dos Santos Pereira	26	204	96	L	B	GK	["GK"]	Nottingham Forest	2028	Brazil	31	77	85	71	62	62	76	64	58	55	61	66	63	66	30	74	43	61	49	55	72	65	49	61	77	61
Temitayo Olufisayo Olaoluwa Aina	28	184	82	R	B	SB	["SB"]	Nottingham Forest	2025	Nigeria	76	73	79	80	89	92	78	85	79	84	78	77	76	78	64	77	69	61	66	72	86	78	78	78	50	75
Zach MacFarlane Abbott	18	180	70	R	B	CBT	["CBT"]	Nottingham Forest	2026	England	48	68	67	71	66	66	67	63	65	63	68	65	61	51	61	68	59	61	62	66	68	66	51	69	50	68
Alex McCarthy	35	193	79	R	B	GK	["GK"]	Southampton	2026	England	31	75	78	71	62	62	78	64	58	56	61	64	62	64	38	68	43	61	49	55	73	65	49	72	76	68
Kyle Leonardus Walker-Peters	27	173	62	R	B	SB	["SB"]	Southampton	2025	England	74	74	76	84	81	77	78	79	79	80	79	72	75	70	61	68	64	61	66	72	77	79	78	80	50	72
Ryan Phelim Manning	28	173	72	L	B	SB	["SB"]	Southampton	2027	Republic of Ireland	74	71	76	88	72	75	77	76	78	74	76	73	78	76	67	70	67	75	79	68	75	78	77	82	50	75
Flynn Downes	26	181	70	R	B	DM	["DM","CM"]	Southampton	2028	England	72	73	79	83	68	72	77	76	77	71	81	74	74	66	63	68	66	65	63	70	77	78	77	81	50	76
Jack Stephens	30	185	75	R	B	CBT	["CBT"]	Southampton	2025	England	60	79	81	73	66	66	78	66	73	64	76	71	66	58	61	68	63	67	62	78	75	75	65	75	50	74
Taylor Jay Harwood-Bellis	22	188	73	R	B	CBT	["CBT"]	Southampton	2028	England	56	80	79	78	73	69	79	68	74	71	80	73	68	57	61	68	64	61	62	78	83	77	62	79	50	79
Joseph Oluwaseyi Temitope Ayodele-Aribo	28	183	76	L	B	CM	["CM"]	Southampton	2026	Nigeria	78	68	82	83	77	79	78	80	79	78	80	77	75	72	71	74	70	68	72	72	83	79	78	79	50	77
William Anthony Patrick Smallbone	24	183	75	R	B	CM	["CM"]	Southampton	2026	Republic of Ireland	75	70	76	85	66	72	77	76	79	72	79	74	69	65	71	70	71	73	71	61	68	79	77	74	50	71
Adam James Armstrong	27	172	69	R	B	CF	["CF","WF","SM"]	Southampton	2027	England	81	41	75	74	75	86	80	84	77	76	77	79	68	75	81	82	76	68	72	75	82	77	80	78	50	79
Adam David Lallana	36	172	73	R	B	AM	["AM","CM"]	Southampton	2025	England	80	65	71	71	66	66	81	69	82	69	83	79	80	77	76	76	76	73	80	72	69	82	81	73	50	79
Ross Cameron Stewart	28	188	81	R	B	CF	["CF"]	Southampton	2026	Scotland	77	35	84	84	74	79	73	71	73	72	73	74	61	64	79	76	69	62	67	78	90	73	73	78	50	73
Ronnie Lee Edwards	21	180	76	R	B	CBT	["CBT"]	Southampton	2028	England	53	76	75	79	75	72	76	71	67	70	71	68	62	52	61	68	59	61	62	69	76	66	58	75	50	70
Joe Lumley	29	191	73	R	B	GK	["GK"]	Southampton	2025	England	31	75	78	71	62	62	77	64	58	55	61	67	65	67	34	78	43	61	49	55	73	65	50	58	74	65
James Bree	27	178	74	R	B	SB	["SB"]	Southampton	2026	England	70	71	73	77	72	74	73	72	74	71	74	69	73	69	61	68	63	74	68	68	75	75	73	70	50	66
Nathan Wood-Gordon	22	188	75	R	B	CBT	["CBT"]	Southampton	2028	England	50	76	80	71	87	70	73	64	65	74	73	68	60	51	61	68	60	61	62	72	79	67	52	72	50	74
Yukinari Sugawara 菅原 由勢	24	178	68	R	B	SB	["SB"]	Southampton	2028	Japan	78	74	75	82	85	83	79	83	77	80	79	74	82	76	61	70	65	80	82	64	82	77	79	78	50	76
Benjamin Anthony Brereton Díaz	25	188	75	R	B	WF	["WF","SM","CF"]	Southampton	2028	Chile	78	45	83	81	83	83	78	78	78	81	74	76	71	76	79	79	74	69	73	76	87	78	78	78	50	75
Mateus Gonçalo Espanha Fernandes	20	178	72	R	B	CM	["CM","AM","WF","SM"]	Southampton	2029	Portugal	80	61	76	71	78	80	78	83	82	80	82	78	74	70	70	74	74	71	76	66	75	81	78	69	50	76
Cameron Desmond Archer	23	176	72	R	B	CF	["CF"]	Southampton	2028	England	81	32	81	71	84	86	79	83	78	81	74	76	59	66	82	79	75	63	68	73	85	78	79	69	50	74
Kamaldeen Sulemana	22	175	70	R	B	WF	["WF","SM","CF"]	Southampton	2027	Ghana	72	38	77	72	95	93	71	91	78	86	73	72	68	70	72	72	71	61	77	61	72	77	71	67	50	68
Charlie Taylor	31	185	70	L	B	SB	["SB"]	Southampton	2026	England	70	74	80	80	66	70	77	71	75	67	75	71	74	72	61	68	66	69	73	76	80	76	76	81	50	74
Gnaly Maxwel Cornet	28	179	69	L	B	WF	["WF","SM","CF"]	Southampton	2025	Côte d'Ivoire	78	68	78	73	88	85	76	82	81	85	78	80	74	80	79	83	79	76	75	76	83	81	76	76	50	78
Ryan Fraser	30	163	70	R	B	WF	["WF","SM"]	Southampton	2026	Scotland	76	56	79	71	74	86	74	87	78	76	75	74	73	76	74	75	71	74	80	61	66	77	74	72	50	76
Lesley Chimuanya Ugochukwu	20	191	88	R	B	DM	["DM","CM"]	Southampton	2025	France	69	73	80	79	69	69	77	68	75	71	79	74	73	68	65	70	66	61	64	76	80	77	74	77	50	72
Samuel Christian Osaze Amo-Ameyaw	18	174	64	L	B	WF	["WF","SM"]	Southampton	2026	England	65	35	76	71	80	82	66	83	70	75	65	64	63	63	64	68	61	61	66	61	66	69	66	63	50	63
Juan Larios López	21	170	68	L	B	SB	["SB"]	Southampton	2027	Spain	65	61	75	71	70	80	63	76	69	68	68	65	63	64	61	68	61	61	62	61	66	69	63	67	50	63
Aaron Christopher Ramsdale	26	191	77	R	B	GK	["GK"]	Southampton	2028	England	31	83	80	72	62	62	86	71	59	55	66	72	71	73	37	87	43	63	49	56	78	66	56	77	84	76
Gavin Okeroghene Bazunu	22	189	78	R	B	GK	["GK"]	Southampton	2027	Republic of Ireland	31	77	77	71	62	62	80	69	58	55	61	67	66	67	29	78	43	61	49	55	74	65	46	62	78	67
Paul Ebere Onuachu	30	201	98	R	B	CF	["CF"]	Southampton	2026	Nigeria	80	46	93	73	70	66	79	62	76	71	75	77	64	65	83	81	74	61	66	86	84	77	79	77	50	78
Tyler-Jay Robert Dibling	18	178	72	L	B	WF	["WF","SM"]	Southampton	2026	England	69	34	71	71	79	82	69	81	74	77	68	68	68	71	69	71	64	63	73	61	66	73	69	63	50	67
Jan Kacper Bednarek	28	189	77	R	B	CBT	["CBT"]	Southampton	2027	Poland	51	79	85	72	66	66	80	63	65	60	76	70	62	57	61	68	61	61	62	81	83	69	55	77	50	74
Armel Bella-Kotchap	23	190	87	R	B	CBT	["CBT"]	Southampton	2026	Germany	50	77	89	71	85	72	78	67	65	74	73	68	65	51	61	68	60	61	62	77	87	68	54	71	50	69
Guglielmo Vicario	28	194	76	R	B	GK	["GK"]	Tottenham Hotspur	2028	Italy	31	87	82	72	62	62	89	74	59	55	68	71	70	70	31	82	46	63	49	56	81	66	55	79	85	78
Sergio Reguilón Rodríguez	28	178	68	L	B	SB	["SB"]	Tottenham Hotspur	2025	Spain	80	74	72	77	84	85	78	82	81	82	81	77	77	76	64	74	68	61	79	78	83	81	78	78	50	80
Radu Matei Drăgușin	22	191	80	R	B	CBT	["CBT"]	Tottenham Hotspur	2029	Romania	53	80	83	73	80	73	78	71	71	75	74	69	63	54	61	68	61	61	62	78	85	71	57	74	50	75
Heung-Min Son 손흥민 孙兴慜	32	183	78	R	B	CF	["CF","SM","WF"]	Tottenham Hotspur	2025	Korea Republic	92	48	76	90	90	88	92	86	89	89	87	88	83	88	92	90	88	81	89	79	85	88	92	81	50	84
Yves Bissouma	28	182	78	R	B	DM	["DM","CM"]	Tottenham Hotspur	2026	Mali	77	78	80	82	76	74	84	76	85	81	85	84	77	76	68	82	78	80	68	73	79	85	81	81	50	78
Richarlison de Andrade	27	184	71	R	B	CF	["CF","SM","WF"]	Tottenham Hotspur	2027	Brazil	86	54	79	83	79	82	85	83	85	81	82	83	75	81	85	85	81	73	79	87	90	85	85	85	50	85
James Daniel Maddison	28	175	73	R	B	AM	["AM","CM"]	Tottenham Hotspur	2028	England	86	64	76	83	71	80	84	83	89	79	88	87	87	85	84	85	85	88	88	63	66	90	84	80	50	85
Iyenoma Destiny Udogie	22	186	73	L	B	SB	["SB"]	Tottenham Hotspur	2030	Italy	83	78	81	86	90	88	85	85	85	88	83	80	79	80	73	78	71	63	69	76	87	85	83	85	50	83
Archie Gray	18	187	70	R	B	DM	["DM","SB"]	Tottenham Hotspur	2030	England	75	72	75	79	79	78	77	77	78	79	79	73	76	70	68	68	68	65	66	72	79	78	77	78	50	75
Lucas Erik Holger Bergvall	18	186	74	R	B	CM	["CM"]	Tottenham Hotspur	2029	Sweden	74	56	74	75	73	79	78	77	79	75	76	70	73	66	63	68	65	72	70	62	74	80	78	71	50	72
Timo Werner	28	180	76	R	B	WF	["WF","SM","CF"]	Tottenham Hotspur	2025	Germany	85	41	74	85	90	94	83	88	83	87	82	83	71	79	80	85	81	68	74	81	87	83	83	78	50	78
Cristian Gabriel Romero	26	185	79	R	B	CBT	["CBT"]	Tottenham Hotspur	2027	Argentina	63	88	85	78	73	72	88	72	73	69	82	73	68	56	63	68	63	63	62	85	88	76	69	84	50	88
Dominic Ayodele Solanke-Mitchell	27	187	80	R	B	CF	["CF"]	Tottenham Hotspur	2030	England	87	34	86	89	82	74	85	73	84	82	82	82	68	73	87	85	80	63	63	88	90	83	85	85	50	82
Fraser Forster	36	201	93	R	B	GK	["GK"]	Tottenham Hotspur	2025	England	31	78	87	71	62	62	79	65	58	55	61	65	63	65	35	72	43	61	49	55	74	65	49	69	77	66
Dejan Kulusevski Дејан Кулушевски	24	186	80	L	B	WF	["WF","SM","AM"]	Tottenham Hotspur	2028	Sweden	85	65	85	91	78	79	85	79	88	83	88	83	83	82	81	79	84	76	87	64	79	87	85	85	50	84
Brennan Price Johnson	23	186	73	R	B	WF	["WF","SM","CF"]	Tottenham Hotspur	2028	Wales	81	51	68	81	92	89	77	89	81	87	78	78	76	79	82	78	77	61	69	67	74	81	77	71	50	75
Pedro Antonio Porro Sauceda	25	173	69	R	B	SB	["SB"]	Tottenham Hotspur	2028	Spain	85	78	75	92	86	83	85	83	86	85	84	84	85	86	76	85	78	83	85	76	82	86	85	86	50	83
Diop Tehuti Djed-Hotep Spence	24	184	71	R	B	SB	["SB"]	Tottenham Hotspur	2028	England	69	70	69	74	88	88	76	85	78	84	73	69	70	69	61	68	64	61	63	62	75	77	76	66	50	63
Wilson Serge Eric Odobert	20	182	75	R	B	WF	["WF","SM","CF"]	Tottenham Hotspur	2029	France	76	39	72	73	87	89	74	87	81	85	73	71	69	71	73	71	72	62	62	61	66	81	74	66	50	71
Pape Matar Sarr	22	184	70	R	B	DM	["DM","CM"]	Tottenham Hotspur	2030	Senegal	80	77	76	85	73	76	83	77	82	77	83	79	79	75	72	74	72	61	66	67	77	82	82	82	50	80
Rodrigo Bentancur Colmán	27	187	73	R	B	CM	["CM","DM"]	Tottenham Hotspur	2026	Uruguay	81	80	78	85	71	73	85	73	87	79	87	81	84	77	76	75	77	76	75	73	78	88	83	84	50	82
Benjamin Thomas Davies	31	181	76	L	B	CBT	["CBT","SB"]	Tottenham Hotspur	2025	Wales	74	78	74	76	66	68	83	69	78	67	82	76	78	73	68	70	65	62	76	78	79	81	83	79	50	75
Micky van de Ven	23	193	86	L	B	CBT	["CBT"]	Tottenham Hotspur	2029	Netherlands	65	87	88	82	96	86	87	76	80	86	82	73	74	63	63	68	66	63	62	81	93	81	71	83	50	84
Brandon Anthony Austin	26	188	77	R	B	GK	["GK"]	Tottenham Hotspur	2029	England	31	73	75	71	62	62	70	63	58	55	61	62	60	62	32	66	43	61	49	55	71	65	38	60	73	57
Alfie Malik Whiteman	26	189	84	R	B	GK	["GK"]	Tottenham Hotspur	2025	England	31	71	74	71	62	62	76	63	58	55	61	62	60	62	32	66	43	61	49	55	70	65	38	58	71	57
Mikey Steven Danny Moore	17	180	74	R	B	WF	["WF","SM"]	Tottenham Hotspur	2027	England	69	44	73	71	79	79	69	79	74	76	71	68	69	68	69	68	66	65	70	62	68	73	69	63	50	67
Alfie Dorrington	19	192	78	R	B	CBT	["CBT"]	Tottenham Hotspur	2026	England	58	67	75	71	69	66	66	62	65	65	68	65	62	55	61	68	59	61	62	67	73	65	60	68	50	68
Łukasz Marek Fabiański	39	190	83	R	B	GK	["GK"]	West Ham United	2025	Poland	31	81	81	71	62	62	81	70	58	55	62	65	65	65	36	73	43	62	49	56	77	66	52	75	82	72
Aaron Cresswell	35	175	66	L	B	SB	["SB","CBT"]	West Ham United	2025	England	73	77	73	71	66	69	80	69	80	70	80	76	80	80	64	74	69	81	83	74	74	81	80	73	50	73
Carlos Soler Barragán	28	180	76	R	B	CM	["CM","AM"]	West Ham United	2025	Spain	81	71	75	82	78	79	81	79	83	80	84	82	82	80	80	80	77	81	83	66	77	83	81	77	50	79
Vladimír Coufal	32	175	76	R	B	SB	["SB"]	West Ham United	2025	Czechia	77	78	79	87	68	73	81	71	79	72	80	75	80	76	62	71	70	62	78	76	79	80	81	87	50	79
Crysencio Jilbert Sylverio Summerville	23	169	64	R	B	WF	["WF","SM"]	West Ham United	2029	Netherlands	77	49	76	78	91	94	76	92	81	87	77	76	67	74	80	75	70	72	73	61	70	80	76	69	50	72
Michail Gregory Antonio	34	180	82	R	B	CF	["CF"]	West Ham United	2025	Jamaica	83	56	88	76	82	78	84	74	81	82	79	79	78	79	80	81	76	69	71	86	94	81	84	81	50	82
Lucas Tolentino Coelho de Lima	27	180	72	L	B	SM	["SM","AM","CM"]	West Ham United	2027	Brazil	84	70	80	85	77	75	84	77	89	83	85	82	81	79	83	80	82	80	80	76	82	88	84	84	50	84
Niclas Füllkrug	31	188	83	R	B	CF	["CF"]	West Ham United	2028	Germany	87	49	88	76	68	68	86	69	82	73	83	86	71	80	87	90	82	76	76	90	90	83	86	81	50	85
Mohammed Kudus	24	177	70	L	B	WF	["WF","SM","AM"]	West Ham United	2028	Ghana	83	65	86	83	90	93	83	90	89	90	82	82	78	79	82	84	81	63	72	66	78	87	83	79	50	80
Konstantinos Mavropanos Κωνσταντίνος Μαυροπάνος	27	194	89	R	B	CBT	["CBT"]	West Ham United	2028	Greece	57	81	92	73	83	72	83	65	69	74	71	74	69	67	62	80	64	62	62	84	85	69	62	78	50	77
Luis Guilherme Lira dos Santos	18	175	71	L	B	WF	["WF","SM","AM"]	West Ham United	2029	Brazil	75	41	71	71	81	79	78	79	80	81	71	70	72	72	71	71	69	62	74	65	76	79	78	63	50	68
Daniel William John Ings	32	178	73	R	B	CF	["CF"]	West Ham United	2025	England	81	48	71	71	66	71	81	71	78	68	78	79	71	76	81	82	79	75	75	78	79	79	81	71	50	77
Edson Omar Álvarez Velázquez	27	187	73	R	B	DM	["DM","CM"]	West Ham United	2028	Mexico	72	80	88	89	71	71	85	68	80	74	83	79	77	74	68	78	68	63	62	85	84	81	82	89	50	77
Jarrod Bowen	28	175	70	L	B	WF	["WF","SM","CF"]	West Ham United	2030	England	86	52	77	86	79	82	86	82	85	82	83	82	79	82	87	83	81	77	79	85	87	85	86	79	50	80
Wesley Andrew Foderingham	34	185	75	L	B	GK	["GK"]	West Ham United	2026	England	31	78	79	71	62	62	79	73	58	55	61	66	64	66	35	76	43	61	49	55	76	65	49	68	77	68
Alphonse Francis Aréola	31	195	94	R	B	GK	["GK"]	West Ham United	2027	France	31	83	87	71	62	62	84	74	58	57	62	67	68	67	40	78	43	62	49	56	82	66	55	77	82	74
Guido Rodríguez	30	185	80	R	B	DM	["DM","CM"]	West Ham United	2026	Argentina	78	82	83	81	66	66	85	62	80	67	84	83	75	74	63	83	70	71	62	80	80	81	84	84	50	81
Jean-Clair Dimitri Roger Todibo	25	190	88	R	B	CBT	["CBT"]	West Ham United	2025	France	61	83	85	78	89	78	82	69	77	81	81	73	69	61	62	68	64	62	62	83	90	78	67	78	50	80
Maximilian William Kilman	27	194	89	L	B	CBT	["CBT"]	West Ham United	2031	England	61	81	87	74	72	66	81	62	74	71	79	72	72	61	61	68	63	61	62	74	79	76	68	76	50	77
Tomáš Souček	29	192	86	R	B	DM	["DM","CM"]	West Ham United	2027	Czechia	81	80	85	88	66	66	84	62	78	67	80	78	77	75	78	77	78	64	68	85	85	80	82	85	50	80
Aaron Wan-Bissaka	27	183	72	R	B	SB	["SB"]	West Ham United	2031	England	78	78	75	78	87	81	84	81	81	85	79	76	72	74	62	74	64	62	77	62	76	78	81	78	50	76
Emerson Palmieri dos Santos	30	176	79	L	B	SB	["SB"]	West Ham United	2026	Italy	77	75	72	81	82	81	81	79	83	82	81	82	80	82	63	83	73	83	84	69	75	83	80	77	50	75
Luiz Gustavo Oliveira da Silva	22	187	80	L	B	CBT	["CBT"]	West Ham United	2026	Brazil	57	73	79	71	66	68	76	70	65	63	64	63	59	57	61	68	59	61	62	72	79	65	61	75	50	74
Andrew Irving	24	190	78	L	B	CM	["CM","AM"]	West Ham United	2026	Scotland	73	66	84	81	66	66	71	69	77	69	78	76	75	74	76	76	74	76	71	70	79	78	70	77	50	75
Kaelan Casey	20	185	70	R	B	CBT	["CBT"]	West Ham United	2027	England	47	67	70	71	66	66	67	62	65	63	61	62	58	54	61	68	56	61	62	68	68	65	47	67	50	62
José Pedro Malheiro de Sá	32	192	84	R	B	GK	["GK"]	Wolverhampton Wanderers	2027	Portugal	31	82	84	71	62	62	83	74	58	57	62	66	64	66	37	74	43	62	49	56	79	66	54	69	81	68
Matthew James Doherty	33	185	80	R	B	SB	["SB","SM","WB"]	Wolverhampton Wanderers	2026	Republic of Ireland	77	73	75	80	71	73	78	72	75	72	76	77	76	78	71	79	67	61	69	78	82	76	78	79	50	76
Rayan Aït Nouri ريان آيت نوري	23	180	70	L	B	SB	["SB","SM","WB"]	Wolverhampton Wanderers	2026	Algeria	78	75	75	82	86	87	81	85	85	86	80	73	78	73	61	68	66	67	76	71	80	84	81	78	50	76
Santiago Ignacio Bueno Sciutto	26	190	76	R	B	CBT	["CBT"]	Wolverhampton Wanderers	2028	Uruguay	53	81	83	78	66	66	82	62	67	60	78	71	66	51	61	68	63	61	62	80	82	75	60	79	50	78
Mario René Junior Lemina	31	184	85	R	B	DM	["DM","CM"]	Wolverhampton Wanderers	2025	Gabon	77	78	79	86	75	72	83	73	81	77	83	82	79	79	68	83	76	73	80	83	85	81	82	85	50	79
Boubacar Traoré	23	183	67	R	B	DM	["DM","CM"]	Wolverhampton Wanderers	2027	Mali	71	68	77	75	75	72	74	74	76	75	79	76	72	68	61	73	65	61	62	66	75	77	74	77	50	75
André Trindade da Costa Neto	23	177	77	R	B	DM	["DM","CM"]	Wolverhampton Wanderers	2029	Brazil	65	74	85	90	66	66	80	67	76	67	79	73	72	66	61	68	65	63	62	67	74	76	72	87	50	75
João Victor Gomes da Silva	23	176	74	R	B	DM	["DM","CM"]	Wolverhampton Wanderers	2028	Brazil	75	76	77	81	77	72	82	75	79	77	81	80	76	74	68	79	72	71	66	76	77	80	79	83	50	79
Jørgen Strand Larsen	24	194	79	R	B	CF	["CF"]	Wolverhampton Wanderers	2025	Norway	82	38	87	85	83	77	81	74	76	77	74	76	61	66	83	79	76	61	63	79	89	79	81	81	50	78
Matheus Santos Carneiro da Cunha	25	183	76	R	B	AM	["AM","CF","SS"]	Wolverhampton Wanderers	2027	Brazil	83	49	77	83	88	85	83	85	86	87	83	84	79	82	83	85	82	72	80	75	84	85	83	81	50	81
Hee-chan Hwang 황희찬 黄喜灿	28	177	77	R	B	CF	["CF","WF","SM"]	Wolverhampton Wanderers	2028	Korea Republic	82	46	79	81	84	90	81	89	80	82	78	79	74	77	81	81	79	63	68	74	86	79	81	77	50	78
Yerson Mosquera Valdelamar	23	188	84	R	B	CBT	["CBT","SB"]	Wolverhampton Wanderers	2026	Colombia	66	72	81	74	83	79	76	76	65	72	72	68	61	53	61	68	61	61	62	76	85	71	74	77	50	67
Craig Dawson	34	188	85	R	B	CBT	["CBT"]	Wolverhampton Wanderers	2025	England	66	82	81	74	66	66	83	62	66	60	76	70	74	67	62	68	61	62	62	84	79	71	71	78	50	79
Saša Kalajdžić	27	200	90	R	B	CF	["CF"]	Wolverhampton Wanderers	2027	Austria	83	48	85	71	66	66	82	62	80	68	81	79	70	71	83	78	75	62	62	86	87	81	82	64	50	75
Rodrigo Martins Gomes	21	175	67	R	B	WF	["WF","SM"]	Wolverhampton Wanderers	2029	Portugal	76	57	73	74	84	83	78	84	78	81	76	74	70	70	78	74	67	61	62	63	66	78	78	68	50	70
Thomas Glyn Doyle	23	172	73	R	B	CM	["CM","DM"]	Wolverhampton Wanderers	2028	England	74	68	76	77	71	74	78	74	79	74	81	78	77	74	71	75	70	75	75	61	69	80	78	76	50	76
Pablo Sarabia García	32	174	70	L	B	AM	["AM","WF","SM"]	Wolverhampton Wanderers	2025	Spain	80	62	74	73	72	74	80	79	82	76	83	81	83	81	77	79	77	80	85	71	72	83	80	67	50	74
Nélson Cabral Semedo	31	177	69	R	B	SB	["SB","SM","WB"]	Wolverhampton Wanderers	2025	Portugal	78	76	76	82	83	82	81	82	82	82	81	78	77	78	62	77	68	62	68	68	78	83	81	82	50	77
Tote António Gomes	26	187	72	L	B	CBT	["CBT","SB"]	Wolverhampton Wanderers	2029	Portugal	71	77	84	73	83	80	81	75	72	76	75	70	73	65	61	68	62	61	62	76	86	73	80	76	50	72
Daniel Bentley	31	188	73	R	B	GK	["GK"]	Wolverhampton Wanderers	2025	England	31	77	79	71	62	62	78	68	58	55	61	66	63	66	34	74	43	61	49	55	74	65	51	71	76	68
Carlos Roberto Forbs Borges	20	169	58	L	B	WF	["WF","SM"]	Wolverhampton Wanderers	2025	Portugal	75	42	76	72	90	93	74	89	74	82	73	71	68	71	76	71	69	64	70	63	70	73	74	69	50	70
Jean-Ricner Bellegarde	26	170	70	R	B	CM	["CM","DM","WF","SM"]	Wolverhampton Wanderers	2028	France	79	71	80	83	84	83	80	84	82	82	81	77	77	72	70	74	71	75	65	70	79	83	80	81	50	79
Gonçalo Manuel Ganchinho Guedes	28	179	68	R	B	CF	["CF","WF","SM"]	Wolverhampton Wanderers	2027	Portugal	79	37	77	72	85	85	81	84	83	84	75	79	76	83	81	86	81	76	79	76	79	83	81	72	50	76
Enso David Gonzalez Medina	20	169	69	L	B	WF	["WF","SM","AM"]	Wolverhampton Wanderers	2029	Paraguay	63	43	75	71	80	87	63	83	74	78	71	67	66	61	62	68	63	61	62	61	66	73	63	63	50	66
Samuel Luke Johnstone	31	193	85	R	B	GK	["GK"]	Wolverhampton Wanderers	2028	England	31	82	82	71	62	62	83	72	58	55	62	66	64	66	34	74	43	62	49	56	78	66	51	70	83	67
Ndemeni Bastien Chefren Meupiyou Menadjou	18	191	80	L	B	CBT	["CBT"]	Wolverhampton Wanderers	2029	France	53	68	73	71	66	67	67	62	65	62	61	62	59	55	61	68	57	61	62	73	74	65	54	65	50	63
Luke James Cundle	22	170	62	R	B	CM	["CM","AM","DM"]	Wolverhampton Wanderers	2026	England	70	57	75	73	73	79	70	79	73	71	78	71	70	63	69	68	66	63	62	61	66	73	70	71	50	72
Pedro Henrique Cardoso de Lima	18	178	57	R	B	SB	["SB","SM","WB"]	Wolverhampton Wanderers	2029	Brazil	72	59	72	71	86	88	74	86	76	82	76	70	76	67	61	68	62	61	68	66	74	74	68	68	50	71
Thomas Lloyd King	29	194	80	R	B	GK	["GK"]	Wolverhampton Wanderers	2027	Wales	31	71	80	71	62	62	71	61	58	55	61	63	62	63	30	67	43	61	49	55	70	65	44	61	71	62
Leon Chiwome	19	186	75	R	B	CF	["CF","WF","SM"]	Wolverhampton Wanderers	2028	England	63	31	70	71	81	82	64	79	65	71	61	62	58	53	63	68	59	61	62	63	74	65	64	63	50	62
Carlens Jean Fedlaire Ruby Arcus	28	180	73	R	B	SB	["SB"]	Angers SCO	2026	Haiti	72	64	79	81	79	78	73	74	71	73	73	68	72	68	61	68	61	61	68	68	79	71	73	77	50	72
Jacques Ekomié	21	179	73	L	B	SB	["SB","CBT"]	Angers SCO	2027	Gabon	65	65	68	73	74	78	71	71	70	70	73	69	68	64	61	68	61	61	64	67	74	71	71	73	50	65
Halid Šabanović	25	182	75	R	B	SB	["SB"]	Angers SCO	2025	Bosnia and Herzegovina	64	66	69	71	70	68	68	65	69	69	66	65	64	64	61	68	60	61	62	67	70	68	68	71	50	67
Marius Courcoul	18	182	70	R	B	CBT	["CBT","DM"]	Angers SCO	2026	France	62	63	68	73	66	66	69	62	65	62	61	62	58	53	61	68	55	61	62	62	66	65	62	72	50	62
Jean-Eudes Pascal Aholou	30	186	71	L	B	CM	["CM","DM"]	Angers SCO	2026	Côte d'Ivoire	76	72	83	71	66	66	77	68	76	68	77	74	75	71	67	73	70	62	64	71	78	76	77	74	50	77
Ibrahima Niane	25	187	73	R	B	CF	["CF"]	Angers SCO	2025	Senegal	74	31	76	72	79	84	72	82	74	76	67	70	61	69	73	76	68	67	64	76	88	74	72	67	50	67
Joseph Romeric Lopy	32	181	68	R	B	DM	["DM","CM"]	Angers SCO	2025	Senegal	72	66	83	88	73	76	75	78	72	70	73	69	69	65	74	68	66	63	62	72	84	73	73	80	50	71
Loïs Diony	32	183	82	R	B	CF	["CF"]	Angers SCO	2025	France	75	31	80	71	71	72	74	70	75	71	74	76	68	76	77	79	74	61	63	74	80	76	74	71	50	74
Himad Abdelli حيماد عبدلي	25	185	81	R	B	AM	["AM","CM"]	Angers SCO	2026	Algeria	77	61	77	81	68	74	78	72	81	75	79	78	74	72	73	77	75	76	71	71	78	80	78	78	50	77
Sidiki Chérif	18	185	73	R	B	CF	["CF","SM","WF"]	Angers SCO	2028	France	70	39	66	71	76	73	69	69	75	75	67	66	63	68	70	68	64	61	62	66	68	74	69	63	50	66
Zinédine Ould Khaled	25	195	79	R	B	DM	["DM","CM"]	Angers SCO	2025	France	65	66	77	73	66	66	71	62	74	64	76	71	66	60	61	68	63	63	62	71	71	76	66	73	50	69
Yassin Belkhdim ياسين بلخديم	22	175	70	R	B	CM	["CM"]	Angers SCO	2025	France	67	64	69	71	66	66	72	66	73	65	76	70	69	63	61	68	63	62	65	64	66	74	71	72	50	71
Pierrick Capelle	37	181	73	L	B	DM	["DM","CM"]	Angers SCO	2025	France	76	70	68	72	66	66	77	68	77	68	78	77	78	78	75	77	78	79	78	63	66	78	77	74	50	76
Melvin Zinga	22	187	76	L	B	GK	["GK"]	Angers SCO	2025	France	31	69	74	71	62	62	73	61	58	55	61	63	61	63	31	66	43	61	49	55	68	65	36	49	71	58
Justin-Noël Kalumba	20	182	75	L	B	SB	["SB"]	Angers SCO	2026	France	67	60	68	71	66	74	71	75	73	68	72	68	70	65	63	68	62	62	63	61	66	73	71	67	50	65
Jim Émilien Ngowet Allevinah	29	172	70	R	B	WF	["WF","SM"]	Angers SCO	2027	Gabon	72	53	74	73	84	86	72	82	77	80	70	73	68	76	75	78	73	69	77	61	66	77	72	67	50	70
Estéban Lepaul	24	177	71	R	B	CF	["CF","AM","SS"]	Angers SCO	2027	France	74	40	72	83	74	80	71	78	75	74	71	69	59	60	76	69	75	64	68	68	77	76	71	71	50	69
Zinedine Ferhat	31	180	70	R	B	WF	["WF","SM"]	Angers SCO	2025	Algeria	72	39	74	76	78	78	71	79	77	77	76	73	75	74	71	72	68	74	76	68	76	76	71	67	50	70
Jordan Lefort	31	184	81	L	B	CBT	["CBT","SB"]	Angers SCO	2026	France	72	73	77	80	74	69	78	66	72	71	75	70	70	65	61	68	62	61	62	73	78	74	78	78	50	68
Cédric Hountondji	31	194	81	R	B	CBT	["CBT"]	Angers SCO	2026	Benin	52	77	83	71	66	66	78	62	67	60	73	68	63	58	61	68	62	61	62	77	76	74	57	71	50	74
Adrien Hunou	31	179	70	R	B	CF	["CF","CM"]	Angers SCO	2025	France	75	53	75	73	71	72	73	75	72	71	74	72	71	71	71	72	70	71	73	71	75	73	73	73	50	75
Emmanuel Junior Biumla Bayiha	19	185	75	R	B	CBT	["CBT"]	Angers SCO	2027	France	58	74	78	73	73	66	76	63	67	67	71	68	61	54	61	68	61	61	62	74	74	70	62	71	50	69
Abdoulaye Bamba	34	182	72	R	B	CBT	["CBT"]	Angers SCO	2025	Côte d'Ivoire	64	77	72	73	68	73	75	74	70	66	73	69	72	66	61	68	63	61	63	76	77	73	68	72	50	69
Florent Olivier Sylvain Hanin	34	177	73	L	B	SB	["SB"]	Angers SCO	2025	France	69	66	76	83	80	84	72	82	71	75	71	68	71	67	61	68	61	64	74	67	79	71	72	78	50	71
Lilian Raolisoa	24	178	70	R	B	SB	["SB","SM","WB"]	Angers SCO	2026	France	64	69	70	71	74	74	68	69	73	73	64	63	64	65	61	68	62	61	62	67	69	72	68	67	50	63
Farid El Melali	27	168	65	R	B	WF	["WF","SM"]	Angers SCO	2025	Algeria	74	55	79	71	76	80	75	82	81	80	74	69	69	65	76	68	65	70	69	61	66	78	75	63	50	69
Ousmane Camara	21	197	90	R	B	CBT	["CBT"]	Angers SCO	2026	France	55	72	90	72	66	66	72	62	69	60	72	69	64	58	61	68	62	61	62	73	75	72	59	72	50	72
Yahia Fofana	24	194	89	R	B	GK	["GK"]	Angers SCO	2026	Côte d'Ivoire	31	77	83	71	62	62	78	65	58	55	61	66	63	66	29	74	43	61	49	55	76	65	46	58	77	61
Haris Belkebla	30	177	68	R	B	DM	["DM","CM"]	Angers SCO	2026	Algeria	70	71	71	84	66	66	74	65	76	66	79	73	73	67	61	68	64	71	62	65	68	76	74	82	50	75
Cheikh Ahmadou Bamba Mbacké Dieng	24	178	72	R	B	CF	["CF"]	Angers SCO	2025	Senegal	76	36	73	71	82	83	75	77	76	78	71	77	65	77	76	86	75	65	62	76	81	76	75	63	50	70
Gabriel Jeremiah Adedayo Osho	26	185	70	R	B	CBT	["CBT"]	Auxerre	2025	Nigeria	58	77	81	76	75	73	76	69	71	71	72	68	67	62	61	68	62	61	62	76	84	72	63	75	50	71
Jubal Rocha Mendes Júnior	31	190	80	R	B	CBT	["CBT"]	Auxerre	2025	Brazil	52	78	85	73	66	66	77	63	66	60	74	69	58	51	61	68	61	61	62	78	78	71	58	76	50	73
Théo Pellenard	30	182	78	L	B	CBT	["CBT"]	Auxerre	2025	France	62	75	75	74	66	66	74	66	73	64	76	70	75	69	61	68	62	61	62	75	75	73	65	73	50	72
Saad Agouzoul	27	192	75	L	B	CBT	["CBT"]	Auxerre	2026	Morocco	57	76	80	71	66	66	77	62	65	60	71	67	61	56	61	68	60	61	62	75	74	67	62	71	50	75
Nathan Buayi-Kiala	20	177	75	R	B	CM	["CM"]	Auxerre	2026	France	66	62	71	71	69	68	70	66	71	68	73	69	68	62	65	68	61	65	65	67	67	71	70	68	50	67
Thelonius Alston Bradley Bair	25	191	96	R	B	CF	["CF"]	Auxerre	2028	Canada	75	34	93	72	77	77	75	72	72	73	68	69	58	62	76	73	69	61	62	76	91	73	75	72	50	69
Gaëtan Perrin	28	169	63	R	B	WF	["WF","SM"]	Auxerre	2026	France	73	47	78	83	82	85	71	85	77	79	77	74	72	72	76	73	70	67	70	70	79	77	71	72	50	69
Eros Maddy	23	177	71	R	B	WF	["WF","SM","CF"]	Auxerre	2026	Netherlands	66	35	71	71	85	89	68	85	72	77	65	64	62	64	66	68	62	61	62	61	66	72	68	63	50	64
Gideon Mensah	26	178	64	L	B	SB	["SB"]	Auxerre	2026	Ghana	73	66	74	79	79	80	73	78	75	76	73	71	72	72	63	70	65	61	71	69	75	75	73	79	50	72
Donovan Léon	32	187	94	R	B	GK	["GK"]	Auxerre	2025	France	31	75	81	71	62	62	77	64	58	55	61	67	65	67	39	78	43	61	49	55	75	65	49	66	74	63
Lassine Sinayoko	25	186	81	R	B	WF	["WF","SM","CF"]	Auxerre	2026	Mali	76	47	81	76	80	75	76	70	78	78	74	74	68	71	78	74	70	62	62	76	84	78	76	72	50	72
Assane Dioussé El Hadji	27	175	68	L	B	DM	["DM","CM"]	Auxerre	2026	Senegal	66	68	72	76	66	72	75	77	77	69	76	71	67	62	61	68	65	61	68	68	72	77	75	75	50	71
Florian Ayé	28	184	80	R	B	CF	["CF"]	Auxerre	2026	France	72	37	79	78	88	85	71	81	74	80	73	73	61	61	75	74	71	61	64	74	87	74	71	74	50	70
Sinaly Diomandé	23	184	74	R	B	CBT	["CBT"]	Auxerre	2027	Côte d'Ivoire	56	77	81	74	76	66	76	65	67	69	76	74	65	65	61	73	61	63	62	79	82	71	61	78	50	79
Lasso Coulibaly	22	176	70	R	B	WF	["WF","SM"]	Auxerre	2028	Côte d'Ivoire	72	42	75	71	92	92	72	89	76	84	71	68	65	62	68	68	63	61	62	61	72	75	72	72	50	71
Ki-Jana Delano Hoever	23	183	73	R	B	SB	["SB","SM","WB"]	Auxerre	2025	Netherlands	74	70	71	84	75	79	76	75	76	75	74	72	76	74	61	71	67	68	73	63	73	75	73	79	50	73
Ange Loïc N’Gatta	21	181	72	R	B	SB	["SB"]	Auxerre	2025	France	61	62	74	71	66	74	63	69	68	64	67	65	59	59	61	68	61	61	62	67	74	71	61	68	50	62
Hamed Junior Traoré	24	177	77	R	B	AM	["AM","CM","WF","SM"]	Auxerre	2025	Côte d'Ivoire	77	63	71	71	76	83	77	82	82	79	78	77	76	76	75	78	75	73	74	71	77	83	77	68	50	74
Paul Joly	24	182	75	R	B	SB	["SB"]	Auxerre	2026	France	65	73	78	81	69	73	78	65	68	66	75	70	74	68	61	68	61	61	62	76	82	70	71	74	50	62
Kévin Danois	20	183	72	R	B	CM	["CM"]	Auxerre	2028	France	69	65	67	71	68	66	74	65	75	70	76	71	69	61	64	68	65	61	62	66	66	76	71	68	50	69
Joseph Ben Viadère	19	176	68	R	B	CF	["CF"]	Auxerre	2026	France	66	31	70	71	71	73	63	74	70	70	66	68	62	67	70	73	66	64	70	66	66	69	63	63	50	64
Tom Negrel	21	192	75	R	B	GK	["GK"]	Auxerre	2026	France	31	69	75	71	62	62	70	58	58	55	61	63	61	63	28	66	43	61	49	55	64	65	37	55	68	57
Raphaël Adiceam	34	179	73	R	B	GK	["GK"]	Auxerre	2025	France	31	69	72	71	62	62	67	60	58	55	61	62	61	62	30	66	43	61	49	55	67	65	36	50	69	55
Théo De Percin	23	185	81	R	B	GK	["GK"]	Auxerre	2026	France	31	70	74	71	62	62	70	62	58	55	61	64	62	64	32	68	43	61	49	55	69	65	32	53	71	53
Elisha Owusu	27	182	72	R	B	DM	["DM","CM"]	Auxerre	2027	Ghana	69	70	74	78	66	69	76	71	74	67	76	74	70	67	61	72	64	61	62	61	67	75	76	76	50	71
Ado Onaiwu オナイウ 阿道	29	180	75	R	B	CF	["CF","SM","WF"]	Auxerre	2026	Japan	74	42	76	71	80	84	74	76	73	76	72	72	67	69	76	74	72	62	62	76	85	74	74	72	50	73
Aristide Zossou	19	178	68	R	B	WF	["WF","SM"]	Auxerre	2029	Côte d'Ivoire	65	41	68	71	79	80	66	80	70	74	66	65	65	63	64	68	61	61	62	61	66	69	66	63	50	64
Clément Akpa	23	183	68	L	B	SB	["SB"]	Auxerre	2027	Côte d'Ivoire	67	65	68	73	69	76	71	72	70	68	68	66	63	64	61	68	61	61	62	70	73	71	71	71	50	65
Rayan Ny Aina Arnaldo Raveloson	28	182	73	R	B	DM	["DM","CM"]	Auxerre	2025	Madagascar	71	70	78	85	77	78	73	79	77	76	78	76	70	68	71	76	72	66	62	81	88	77	73	79	50	71
Vito Mannone	36	189	77	R	B	GK	["GK"]	LOSC Lille	2025	Italy	31	77	80	71	62	62	76	64	58	58	61	65	63	65	37	73	43	61	49	55	74	65	50	71	75	69
Aïssa Mandi عيسى ماندي	33	184	78	R	B	CBT	["CBT","SB"]	LOSC Lille	2026	Algeria	74	77	79	71	66	69	79	71	74	65	80	73	77	68	61	68	63	61	72	81	85	76	79	74	50	75
Alexsandro Victor de Souza Ribeiro	25	189	82	L	B	CBT	["CBT"]	LOSC Lille	2028	Brazil	53	81	85	77	74	66	81	62	66	68	74	70	61	56	61	68	61	61	62	81	85	71	54	78	50	76
Gabriel Gudmundsson	25	180	74	L	B	SB	["SB","SM","WB"]	LOSC Lille	2026	Sweden	75	73	77	82	90	88	77	83	79	85	77	77	78	79	68	79	72	61	71	62	79	79	77	80	50	76
Nabil Bentaleb نبيل بن طالب	30	187	78	L	B	DM	["DM","CM"]	LOSC Lille	2026	Algeria	75	74	79	79	66	66	81	70	84	70	85	85	78	78	73	85	79	77	74	67	74	85	81	80	50	79
Hákon Arnar Haraldsson	21	180	73	R	B	WF	["WF","SM","AM"]	LOSC Lille	2028	Iceland	76	62	75	83	80	79	75	83	80	80	79	74	73	69	73	69	71	70	72	61	67	80	75	84	50	80
Adilson Angel Abreu de Almeida Gomes	24	168	56	R	B	AM	["AM","CM","DM"]	LOSC Lille	2025	England	78	73	80	83	79	80	81	85	82	80	83	79	76	73	76	74	76	74	74	70	77	83	81	79	50	79
Jonathan Christian David	25	175	70	R	B	CF	["CF"]	LOSC Lille	2025	Canada	89	38	80	90	86	83	87	81	84	85	81	81	76	77	88	82	81	68	65	82	89	85	87	80	50	80
Rémy Joseph Cabella	34	171	68	R	B	AM	["AM","SM","WF"]	LOSC Lille	2025	France	79	43	75	71	72	74	78	78	84	78	82	79	79	76	76	76	78	80	80	67	66	83	78	65	50	74
Osame Sahraoui	23	170	65	R	B	WF	["WF","SM"]	LOSC Lille	2029	Morocco	75	52	79	80	81	87	76	90	83	82	76	71	73	69	71	68	69	61	74	61	66	82	76	71	50	71
Thomas Andre A. Meunier	33	191	90	R	B	SB	["SB","SM","WB"]	LOSC Lille	2026	Belgium	80	74	86	84	74	71	80	69	79	76	75	77	83	84	77	83	78	67	79	84	89	78	79	83	50	80
Akim Zedadka	29	173	72	R	B	SB	["SB"]	LOSC Lille	2025	Algeria	71	70	72	85	83	81	74	80	73	77	75	70	73	70	66	68	62	61	68	61	69	73	73	77	50	68
Samuel Yves Umtiti	31	182	75	L	B	CBT	["CBT"]	LOSC Lille	2025	France	62	82	85	72	66	66	81	63	71	65	80	79	74	74	63	81	65	71	71	79	81	73	66	74	50	78
Marc-Aurèle Caillard	30	191	79	R	B	GK	["GK"]	LOSC Lille	2025	France	31	74	81	71	62	62	74	62	58	55	61	64	62	64	32	70	43	61	49	55	72	65	44	66	73	56
Ngal'ayel Mukau	20	188	72	L	B	DM	["DM","CM"]	LOSC Lille	2028	Congo DR	66	71	75	76	69	74	75	71	73	69	78	73	65	58	61	68	62	61	62	73	76	74	75	79	50	71
Bafodé Diakité	24	185	74	R	B	CBT	["CBT","SB"]	LOSC Lille	2028	France	74	76	79	81	82	74	79	74	76	77	77	72	71	69	61	68	64	61	62	83	87	78	79	82	50	74
Matias Fernandez-Pardo	19	183	72	R	B	WF	["WF","SM","CF"]	LOSC Lille	2029	Belgium	71	47	69	71	88	85	73	81	76	82	76	76	69	73	73	76	68	68	64	62	70	76	73	64	50	66
Mitchel Bakker	24	185	87	L	B	SB	["SB","SM","WB"]	LOSC Lille	2025	Netherlands	74	73	78	77	83	81	75	75	77	80	78	78	75	76	68	79	63	61	65	76	84	76	75	79	50	74
Benjamin André	34	180	76	R	B	DM	["DM","CM"]	LOSC Lille	2026	France	78	77	82	91	68	66	83	70	81	73	82	77	79	74	70	74	71	64	73	83	85	81	83	89	50	80
Tiago Carvalho Santos	22	175	67	R	B	SB	["SB"]	LOSC Lille	2028	Portugal	78	74	70	79	85	87	79	85	81	83	78	76	78	76	61	74	68	61	70	61	73	80	79	77	50	75
Edon Zhegrova	25	181	66	L	B	WF	["WF","SM"]	LOSC Lille	2026	Kosovo	81	38	77	75	85	93	81	92	86	87	80	80	78	81	75	81	77	78	85	61	72	84	81	69	50	75
André Filipe Tavares Gomes	31	188	84	R	B	DM	["DM","CM"]	LOSC Lille	2026	Portugal	77	72	78	71	66	66	78	64	81	68	82	80	77	75	71	79	76	74	83	73	70	83	78	75	50	80
Mohamed Lamine Bayo	26	188	76	R	B	CF	["CF"]	LOSC Lille	2027	Guinea	78	33	79	71	71	73	77	72	78	74	73	76	62	72	80	81	76	62	74	76	80	78	77	65	50	70
Rafael Tavares Gomes Fernandes	22	191	83	R	B	CBT	["CBT"]	LOSC Lille	2028	Portugal	51	69	71	71	66	66	69	63	65	60	68	66	63	55	61	68	58	61	62	73	72	65	54	71	50	66
Ethan Mbappé Lottin	18	176	70	L	B	CM	["CM","DM"]	LOSC Lille	2027	France	65	61	68	71	66	69	68	70	72	67	76	72	71	68	62	69	63	64	62	63	66	73	68	66	50	67
Lucas Chevalier	23	189	78	R	B	GK	["GK"]	LOSC Lille	2027	France	31	83	80	71	62	62	86	69	58	55	61	67	64	67	32	77	43	61	49	55	79	65	51	70	83	67
Ismaily Gonçalves dos Santos	35	177	82	L	B	SB	["SB"]	LOSC Lille	2025	Brazil	79	75	82	84	79	81	80	78	81	79	81	79	77	79	69	79	71	62	70	68	80	81	79	77	50	76
Ayyoub Bouaddi	17	186	72	R	B	CM	["CM","DM"]	LOSC Lille	2027	France	70	59	75	75	77	80	74	76	78	77	79	73	72	65	68	68	66	63	67	66	79	79	74	74	50	72
Aaron Malouda	19	180	75	R	B	AM	["AM"]	LOSC Lille	2026	France	67	43	70	71	79	75	64	74	74	76	69	67	63	62	63	68	63	68	64	61	66	74	64	63	50	66
Ousmane Touré	19	187	75	R	B	CBT	["CBT"]	LOSC Lille	2028	France	50	73	74	71	79	71	71	69	66	70	68	65	59	57	61	68	60	61	62	66	73	68	50	67	50	68
Mathieu Gorgelin	34	187	83	L	B	GK	["GK"]	Le Havre	2025	France	31	73	78	71	62	62	73	62	58	55	61	65	63	65	35	73	43	61	49	55	70	65	50	68	72	59
Gautier Lloris	29	191	87	L	B	CBT	["CBT"]	Le Havre	2026	France	55	79	86	76	66	66	79	63	66	60	72	68	63	57	61	68	61	61	62	79	79	71	61	76	50	76
Oussama Targhalline أسامة ترجملين	22	186	70	R	B	CM	["CM","DM"]	Le Havre	2025	Morocco	73	69	66	73	66	66	77	69	78	67	80	77	72	68	68	74	70	68	65	70	66	78	77	74	50	75
Etienne Ludovic Youté Kinkoué	23	195	91	R	B	CBT	["CBT"]	Le Havre	2026	France	52	76	89	71	70	66	75	65	65	66	72	68	62	51	61	68	59	61	62	75	81	66	57	75	50	76
Loïc Négo	34	181	71	R	B	SM	["SM","SB","WB"]	Le Havre	2025	Hungary	75	68	73	74	82	82	76	78	74	77	76	74	77	76	71	74	71	61	84	64	75	75	76	74	50	72
Yassine Kechta ياسين قشطة	22	174	68	L	B	CM	["CM","DM"]	Le Havre	2026	Morocco	74	67	74	82	66	68	76	73	78	69	79	74	73	68	68	69	67	69	68	61	66	78	76	78	50	75
Yann Kitala	26	186	83	L	B	CF	["CF"]	Le Havre	2025	France	68	31	85	71	76	74	66	73	71	71	68	70	58	58	73	74	67	61	62	72	83	73	66	68	50	64
Josué Casimir	23	180	72	R	B	CF	["CF","SM","WF"]	Le Havre	2025	France	76	48	75	76	86	84	76	78	78	82	75	73	67	72	76	73	72	61	62	71	81	78	76	69	50	70
Emmanuel Afriyie Mario Sabbi	27	178	70	R	B	WF	["WF","SM","CF"]	Le Havre	2027	United States	72	44	78	74	91	91	74	91	77	83	71	70	66	70	71	72	71	61	68	66	77	78	74	69	50	68
Mathéo Bodmer	20	177	70	R	B	DM	["DM"]	Le Havre	2026	France	64	68	71	71	66	66	69	69	69	64	73	68	65	59	61	68	61	61	65	68	66	70	69	66	50	66
Daler Kuzyaev Кузяев Далер Адьямович	32	182	74	R	B	CM	["CM","AM"]	Le Havre	2025	Russia	75	72	74	83	79	78	78	79	78	78	81	79	75	75	72	78	72	71	66	65	74	79	76	79	50	76
Oualid El Hajjam	33	181	72	R	B	SB	["SB"]	Le Havre	2026	Morocco	71	71	74	80	74	72	76	71	73	72	75	70	72	67	61	68	64	61	74	73	76	73	73	78	50	71
Yanis Zouaoui	26	183	75	L	B	SB	["SB"]	Le Havre	2027	France	66	63	66	78	69	74	71	74	72	69	71	68	70	67	62	68	62	61	64	67	69	73	71	72	50	66
Rassoul Ndiaye	23	179	70	R	B	DM	["DM","CM"]	Le Havre	2026	Senegal	72	67	77	80	73	78	74	78	74	71	78	71	68	60	63	68	64	61	62	71	79	76	74	77	50	73
Andy Elysée Logbo	20	188	75	L	B	CF	["CF"]	Le Havre	2025	France	72	31	79	71	70	66	71	68	71	68	66	67	58	62	73	72	69	61	62	73	76	72	71	68	50	67
Antoine Joujou	21	189	75	R	B	WF	["WF","SM"]	Le Havre	2025	France	74	31	66	71	74	74	73	71	76	74	73	72	68	71	73	73	70	61	62	64	67	76	73	63	50	69
Yoann Salmier	32	188	85	R	B	CBT	["CBT","SB"]	Le Havre	2025	France	67	73	86	73	66	66	77	62	68	60	73	69	68	67	61	68	62	61	62	77	78	72	77	74	50	68
Aloïs Confais	28	174	61	R	B	DM	["DM","CM","SB"]	Le Havre	2025	France	67	67	73	76	66	70	74	71	72	62	74	70	69	66	68	68	63	62	64	61	66	75	74	72	50	66
Christopher Téa Operi	27	183	78	L	B	SB	["SB"]	Le Havre	2026	Côte d'Ivoire	72	70	74	83	83	78	77	76	78	79	76	79	74	80	61	82	75	68	78	73	79	78	77	78	50	72
André Morgan Rami Ayew	35	176	72	L	B	CF	["CF","WF","SM"]	Le Havre	2025	Ghana	80	56	76	71	66	67	79	72	78	69	78	78	76	77	78	79	78	66	79	79	79	79	79	75	50	80
Samuel Grandsir	28	170	65	R	B	WF	["WF","SM"]	Le Havre	2025	France	72	51	80	71	87	91	73	91	75	81	73	72	70	71	69	73	67	68	76	64	79	73	73	71	50	71
Arthur Desmas	30	196	87	R	B	GK	["GK"]	Le Havre	2025	France	31	78	80	71	62	62	80	66	58	55	61	66	64	66	39	76	43	61	49	55	74	65	50	63	78	65
Timothée Joseph Pembélé	22	182	76	R	B	SB	["SB"]	Le Havre	2025	France	72	67	69	73	84	81	73	81	76	79	73	69	70	68	61	68	64	61	62	68	77	78	73	70	50	70
Ismaïl Bouneb	18	182	71	R	B	AM	["AM","CM"]	Le Havre	2028	France	65	44	67	71	70	72	68	74	73	71	71	67	66	63	64	68	62	68	72	61	66	73	68	64	50	66
Issa Soumaré	24	182	78	R	B	WF	["WF","SM","CF"]	Le Havre	2026	Senegal	72	31	78	73	85	85	71	77	74	79	71	68	66	66	72	68	68	61	62	70	82	74	71	65	50	68
Ilyes Housni إلياس حسني	19	172	68	R	B	CF	["CF"]	Le Havre	2025	Morocco	72	33	74	71	70	74	69	76	76	72	71	72	61	65	74	74	69	61	62	68	68	76	69	63	50	68
Paul Antoine Robin Stanislas Argney	18	186	73	R	B	GK	["GK"]	Le Havre	2027	France	31	68	70	71	62	62	71	59	58	55	61	63	61	63	31	66	43	61	49	55	65	65	40	58	68	58
Ruben Londja	18	190	75	L	B	WF	["WF","SM"]	Le Havre	2028	Switzerland	68	34	66	71	83	78	66	77	73	78	68	68	66	69	69	72	66	66	68	61	67	72	66	64	50	65
Steve Ngoura	19	193	75	R	B	CF	["CF"]	Le Havre	2026	France	72	31	74	71	70	67	71	68	73	71	71	71	58	56	72	73	69	61	62	73	75	73	71	65	50	65
Daren Nbenbege Mosengo	18	180	70	R	B	CM	["CM"]	Le Havre	2027	France	66	60	67	71	66	66	68	65	69	65	72	69	66	63	61	68	61	61	62	64	66	70	68	68	50	67
Arouna Sangante	22	189	76	R	B	CBT	["CBT","SB"]	Le Havre	2026	Senegal	67	73	81	76	68	66	77	64	68	65	73	69	67	62	61	68	61	61	62	78	79	71	77	77	50	70
Abdoulaye Touré	30	188	84	R	B	DM	["DM","CM"]	Le Havre	2025	Guinea	67	75	88	79	66	66	77	62	74	64	77	78	67	68	61	79	69	64	62	63	70	76	77	78	50	72
Denis Petrić	36	187	83	R	B	GK	["GK"]	Lens	2025	Slovenia	31	74	76	71	62	62	76	62	58	55	61	63	61	63	34	66	43	61	49	55	70	65	49	71	71	62
Ruben Aguilar	31	172	69	R	B	SB	["SB","SM","WB"]	Lens	2026	France	77	75	75	90	72	79	79	80	79	75	79	76	78	76	62	74	65	62	68	67	75	80	79	88	50	80
Deiver Andrés Machado Mena	31	180	75	L	B	SB	["SB","SM","WB"]	Lens	2026	Colombia	78	72	81	78	86	85	80	82	79	83	78	80	75	81	73	83	73	69	69	73	85	79	80	79	50	77
Kevin Danso	26	190	85	R	B	CBT	["CBT"]	Lens	2027	Austria	61	83	91	80	85	70	83	66	72	75	76	70	65	57	62	68	62	62	62	85	90	75	67	83	50	83
Florian Sotoca	34	187	77	R	B	CF	["CF"]	Lens	2026	France	83	53	83	88	79	74	83	74	78	77	81	80	78	79	80	79	77	71	73	82	88	80	83	83	50	81
Mbala N'Zola	28	185	91	L	B	CF	["CF"]	Lens	2025	Angola	81	32	91	79	91	88	81	79	79	85	75	77	66	70	81	81	71	61	69	77	94	80	81	77	50	73
Martín Adrián Satriano Costa	23	187	75	R	B	CF	["CF"]	Lens	2025	Uruguay	81	39	77	73	73	71	79	68	81	76	76	76	64	70	81	77	77	63	64	78	81	81	79	71	50	74
David Pereira da Costa	24	168	64	R	B	AM	["AM","WF","SM","CM"]	Lens	2026	Portugal	76	42	76	71	78	81	77	85	82	81	79	78	76	79	76	78	74	73	79	61	66	80	77	64	50	72
Angelo Fulgini	28	182	77	R	B	AM	["AM","CM","WF","SM"]	Lens	2027	France	79	68	73	82	76	74	78	76	83	79	81	77	79	77	77	74	74	80	79	74	76	83	78	79	50	78
Jhoanner Stalin Chávez Quintero	22	182	76	L	B	SB	["SB","SM","WB"]	Lens	2028	Ecuador	75	68	69	79	87	87	75	82	77	82	76	75	72	75	67	75	64	61	67	68	79	77	75	75	50	73
Facundo Axel Medina	25	184	77	L	B	CBT	["CBT"]	Lens	2028	Argentina	71	83	84	76	80	74	84	71	78	77	83	74	76	65	62	68	65	62	62	79	85	81	76	81	50	84
Hamzat-Basit Ojediran	21	179	79	R	B	DM	["DM","CM"]	Lens	2028	Nigeria	65	67	78	71	69	71	73	65	70	67	73	71	67	65	63	71	62	61	62	68	75	72	71	73	50	69
Kouakou Hervé Koffi	28	186	82	R	B	GK	["GK"]	Lens	2028	Burkina Faso	31	76	78	71	62	64	80	74	58	57	61	65	63	65	31	73	43	61	49	55	77	65	49	72	77	67
Andy Alune Diouf	21	187	81	L	B	CM	["CM","DM"]	Lens	2028	France	77	69	79	78	81	79	78	78	79	80	78	78	74	71	71	78	74	68	73	68	81	80	78	78	50	78
Jimmy Cabot	30	164	64	R	B	SB	["SB","SM","WB"]	Lens	2026	France	76	67	79	76	86	85	78	87	78	82	77	73	74	74	76	70	70	62	66	66	72	78	78	73	50	71
Malang Mamadou William Sarr	25	183	85	L	B	CBT	["CBT","SB"]	Lens	2026	France	66	73	80	71	66	66	76	67	71	66	76	71	71	68	61	68	62	63	63	76	77	72	73	72	50	70
Anass Zaroury أنس الزعروري	24	176	74	R	B	WF	["WF","SM","AM"]	Lens	2028	Morocco	74	32	77	78	85	88	73	87	79	82	75	74	73	75	73	74	72	63	74	63	74	78	73	71	50	71
Wesley Saïd	29	171	72	R	B	CF	["CF"]	Lens	2026	France	81	37	77	72	79	79	80	82	81	80	76	78	72	75	80	80	78	63	65	75	77	80	80	65	50	72
Neil El Aynaoui نييل العيناوي	23	185	77	R	B	CM	["CM"]	Lens	2027	Morocco	76	67	76	82	71	66	79	69	80	75	81	75	72	65	69	69	69	63	66	68	79	81	79	75	50	74
Jonathan Gradit	32	180	75	R	B	CBT	["CBT"]	Lens	2026	France	65	82	82	81	73	75	81	72	75	73	78	72	69	65	61	68	63	61	62	78	86	76	71	82	50	81
Abdukodir Khusanov	20	186	84	R	B	CBT	["CBT"]	Lens	2027	Uzbekistan	59	79	85	71	82	68	78	66	66	72	72	68	63	58	61	68	61	61	62	77	85	70	64	75	50	78
Nampalys Mendy	32	168	70	R	B	DM	["DM","CM"]	Lens	2025	Senegal	70	75	80	71	66	69	79	74	78	66	81	74	73	67	61	68	68	64	74	72	74	80	78	75	50	74
Sidi Bane	21	184	71	R	B	CBT	["CBT"]	Lens	2028	Senegal	54	71	75	71	74	72	71	65	65	68	71	68	65	60	61	68	59	61	62	68	76	66	58	71	50	71
Adrien Thomasson	31	175	72	R	B	CM	["CM","AM"]	Lens	2026	France	80	66	76	90	66	69	81	75	82	71	81	79	79	79	78	79	77	76	78	70	73	82	81	83	50	79
Przemysław Frankowski	29	175	70	R	B	SB	["SB","SM","WB"]	Lens	2028	Poland	80	72	76	86	90	94	82	86	81	85	81	79	80	79	77	77	77	71	75	68	82	81	82	81	50	78
Brice Lauriche Samba	30	187	90	L	B	GK	["GK"]	Lens	2028	France	31	84	85	72	66	62	87	68	59	60	63	69	67	70	34	83	43	63	49	56	80	66	54	79	85	73
Tom Tony Pouilly	21	180	70	R	B	SB	["SB","DM"]	Lens	2025	France	65	62	68	71	71	74	69	71	68	68	68	65	63	63	61	68	61	61	62	67	69	70	69	69	50	66
Rémy Labeau Lascary	21	184	72	R	B	CF	["CF"]	Lens	2028	France	75	35	68	71	76	76	73	70	75	75	71	70	64	69	76	71	71	64	63	72	76	76	73	63	50	70
Radosław Majecki	25	193	78	R	B	GK	["GK"]	Monaco	2028	Poland	31	80	80	71	62	62	81	67	58	55	61	66	64	66	39	75	43	61	49	55	76	65	51	67	79	65
Vanderson de Oliveira Campos	23	173	74	R	B	SB	["SB","SM","WB"]	Monaco	2028	Brazil	78	73	76	81	79	82	80	81	81	80	81	74	78	74	71	68	70	78	74	75	80	81	80	79	50	78
Jordan Teze	25	183	68	R	B	SB	["SB","CBT"]	Monaco	2029	Netherlands	71	78	84	78	82	79	81	77	73	76	78	73	79	74	61	68	62	61	62	79	83	74	81	79	50	73
Jan Thilo Kehrer	28	186	76	R	B	CBT	["CBT","SB"]	Monaco	2028	Germany	70	79	82	77	79	69	82	68	73	74	79	74	73	70	62	70	62	62	62	78	83	73	82	79	50	72
Denis Lemi Zakaria Lako Lado	28	190	81	R	B	DM	["DM","CM"]	Monaco	2028	Switzerland	77	80	89	84	88	76	84	74	83	85	85	83	79	78	73	83	71	63	68	75	85	84	84	87	50	81
Eliesse Ben Seghir إلياس بن صغير	19	178	72	R	B	WF	["WF","SM","AM","CF","SS"]	Monaco	2027	Morocco	78	34	74	75	80	79	78	82	81	81	79	78	72	75	78	78	77	67	74	65	74	81	78	68	50	73
Eliot Matazo	22	170	67	R	B	DM	["DM","CM"]	Monaco	2026	Belgium	73	69	85	76	69	76	75	78	79	74	79	76	73	70	67	73	68	61	69	64	79	78	74	77	50	76
Folarin Jolaoluwa Jerry Balogun	23	178	66	R	B	CF	["CF"]	Monaco	2028	United States	81	31	78	73	87	85	80	82	81	84	75	78	67	73	82	82	79	63	65	79	88	81	80	69	50	72
Aleksandr Golovin Головин Александр Сергеевич	28	178	69	R	B	WF	["WF","SM","AM"]	Monaco	2029	Russia	84	59	73	88	80	79	85	84	86	83	85	82	82	81	81	81	83	85	85	63	68	86	85	85	50	83
Maghnes Akliouche	22	183	63	L	B	WF	["WF","SM","AM"]	Monaco	2028	France	77	54	72	71	78	78	78	80	83	81	81	75	77	73	76	69	74	73	79	61	68	83	78	68	50	74
Caio Henrique Oliveira Silva	27	178	70	L	B	SB	["SB","SM","WB"]	Monaco	2027	Brazil	80	74	72	82	81	79	79	77	83	81	82	75	81	78	65	69	70	78	83	71	75	84	79	79	50	79
Christian Mawissa Elebi	19	180	75	L	B	CBT	["CBT"]	Monaco	2029	France	56	78	78	75	69	71	78	64	71	69	76	70	65	61	61	68	61	61	62	76	81	71	62	76	50	76
Lamine Camara	21	173	65	R	B	CM	["CM","DM"]	Monaco	2029	Senegal	78	69	74	81	79	85	79	80	79	79	83	79	81	79	72	76	69	74	74	61	66	80	79	77	50	76
Philipp François Köhn	26	190	80	R	B	GK	["GK"]	Monaco	2028	Switzerland	31	79	79	71	62	62	81	71	58	55	61	65	63	65	31	73	43	61	49	55	76	65	49	63	79	68
Wilfried Stephane Singo	24	190	79	R	B	CBT	["CBT","SB"]	Monaco	2028	Côte d'Ivoire	76	78	87	81	85	76	82	74	78	82	79	79	77	79	65	80	64	61	72	81	90	78	82	83	50	76
Takumi Minamino 南野 拓実	30	172	67	R	B	AM	["AM","SM","WF"]	Monaco	2026	Japan	81	44	77	78	78	86	81	88	83	81	82	79	75	75	80	75	79	75	79	63	74	83	81	75	50	78
Kassoum Ouattara	20	176	73	L	B	SB	["SB","SM","WB"]	Monaco	2028	France	69	66	74	79	81	79	72	76	74	77	75	70	72	68	61	68	62	61	64	65	75	74	72	76	50	68
George Osrzehmen Ilenikhena	18	185	76	L	B	CF	["CF"]	Monaco	2029	France	76	31	76	71	85	83	74	81	76	79	73	74	61	63	78	76	72	61	65	76	84	76	74	64	50	68
Mohamed Salisu Abdul Karim	25	191	85	L	B	CBT	["CBT"]	Monaco	2028	Ghana	54	81	89	73	72	66	82	62	65	67	76	71	62	57	61	68	61	61	62	77	85	70	60	78	50	78
Krépin Diatta	25	175	69	R	B	WF	["WF","SM"]	Monaco	2025	Senegal	75	56	73	85	90	91	76	91	81	86	74	75	72	74	74	77	76	67	68	70	81	79	76	76	50	72
Breel Donald Embolo	27	187	88	R	B	CF	["CF"]	Monaco	2026	Switzerland	82	54	87	75	85	77	80	74	80	82	80	82	74	77	81	86	78	68	73	78	89	80	80	79	50	81
Edan Diop	20	173	70	R	B	WF	["WF","SM","AM"]	Monaco	2028	France	70	50	69	71	76	78	69	77	74	75	72	71	70	70	68	71	65	68	66	61	66	73	69	65	50	68
Saïmon Bouabré	18	174	63	R	B	AM	["AM","SM","WF"]	Monaco	2026	France	61	47	75	71	74	78	63	81	74	75	76	76	67	69	61	76	63	61	70	61	66	72	58	66	50	67
Yann François Lienard	21	194	80	R	B	GK	["GK"]	Monaco	2027	France	31	69	78	71	62	62	70	60	58	55	61	63	61	63	31	66	43	61	49	55	66	65	40	58	69	58
Soungoutou Magassa	21	188	75	R	B	CBT	["CBT","DM"]	Monaco	2027	France	67	72	80	71	69	66	76	62	71	68	78	71	68	62	61	68	62	62	62	76	79	73	74	73	50	71
Belmin Dizdarević	23	189	80	R	B	GK	["GK"]	Montpellier	2028	Bosnia and Herzegovina	31	70	75	71	62	62	73	61	58	55	61	62	60	62	30	66	43	61	49	55	68	65	34	48	69	53
Issiaga Sylla	31	180	75	L	B	SB	["SB","SM","WB"]	Montpellier	2025	Guinea	74	68	73	86	73	74	76	73	74	73	76	72	73	72	71	70	66	66	74	71	75	73	74	81	50	73
Boubakar Kouyaté	27	192	78	R	B	CBT	["CBT"]	Montpellier	2026	Mali	50	77	83	76	66	72	78	71	67	62	71	69	61	62	61	69	61	61	62	81	88	69	54	77	50	74
Modibo Sagnan	25	187	85	L	B	CBT	["CBT"]	Montpellier	2026	Mali	51	78	82	73	79	66	76	62	67	70	77	71	70	62	61	68	62	61	62	78	80	73	57	77	50	76
Christopher Jullien	31	196	88	R	B	CBT	["CBT"]	Montpellier	2025	France	60	76	87	71	66	66	75	62	68	61	77	73	69	64	64	69	62	61	62	84	88	73	64	74	50	77
Arnaud Dominique Nordin	26	170	70	L	B	WF	["WF","SM","CF"]	Montpellier	2025	France	77	44	77	71	84	85	77	82	80	82	78	78	75	76	78	78	74	61	74	74	81	80	77	63	50	72
Akor Jerome Adams	24	190	92	R	B	CF	["CF"]	Montpellier	2026	Nigeria	78	36	85	78	85	82	78	77	76	79	71	74	59	68	79	79	76	64	63	75	88	78	78	73	50	71
Mousa Mohammad Mousa Sulaiman Al-Tamari موسى محمد موسى سليمان	27	178	75	L	B	WF	["WF","SM","CF"]	Montpellier	2026	Jordan	77	40	78	73	91	90	76	92	82	87	76	74	69	72	76	73	74	67	78	61	66	81	76	72	50	75
Wahbi Khazri	33	176	82	R	B	CF	["CF","SM","WF"]	Montpellier	2025	Tunisia	79	44	77	73	68	68	78	74	79	73	78	82	76	82	76	86	77	81	80	67	73	79	78	75	50	78
Téji Tedy Savanier	33	172	69	R	B	AM	["AM","CM"]	Montpellier	2026	France	80	70	81	74	66	70	81	77	84	73	87	84	86	84	78	81	82	84	85	62	68	85	81	79	50	84
Jordan Ferri	32	173	73	R	B	DM	["DM","CM"]	Montpellier	2026	France	78	73	79	83	66	66	81	70	79	67	83	81	78	76	69	80	72	66	75	64	68	81	81	85	50	81
Joris Chotard	23	179	70	R	B	DM	["DM","CM"]	Montpellier	2025	France	76	74	71	81	69	69	81	74	80	74	83	74	78	70	66	68	67	67	71	68	70	81	79	81	50	79
Othmane Maamma	19	180	78	R	B	WF	["WF","SM"]	Montpellier	2027	Morocco	65	36	81	71	74	71	63	69	71	71	66	65	60	62	67	68	62	61	62	63	74	72	62	64	50	64
Gabriel Julien Dominique Barès	24	187	70	L	B	CM	["CM","DM"]	Montpellier	2026	Switzerland	67	63	72	74	66	67	70	66	71	67	75	70	69	62	61	68	62	66	62	63	68	72	68	69	50	68
Dimitry Bertaud	26	180	85	R	B	GK	["GK"]	Montpellier	2025	Congo DR	31	78	77	71	62	62	80	65	58	57	61	66	64	66	36	76	43	61	49	55	76	65	49	67	77	60
Théo Sainte-Luce	26	176	69	L	B	SB	["SB"]	Montpellier	2027	France	69	69	70	75	79	75	74	76	74	76	73	68	68	66	61	68	63	61	65	61	67	75	71	69	50	64
Rabby Nzingoula	19	183	73	R	B	DM	["DM","CM"]	Montpellier	2025	Congo	63	65	70	78	71	74	71	71	69	70	73	68	62	54	61	68	60	61	62	63	70	68	67	75	50	66
Birama Touré	32	183	73	R	B	DM	["DM","CM"]	Montpellier	2026	Mali	65	72	80	87	66	66	75	67	74	63	76	74	72	71	61	73	69	66	62	73	71	78	73	81	50	71
Lucas Mincarelli Davin	21	180	65	L	B	SB	["SB","SM","WB"]	Montpellier	2027	France	72	73	68	71	73	77	76	74	73	72	74	69	71	66	61	68	62	61	66	68	69	73	75	73	50	71
Khalil Fayad خليل فياض	20	172	61	R	B	CM	["CM","DM"]	Montpellier	2027	Morocco	73	68	76	71	68	73	75	76	79	74	79	72	72	65	69	68	67	66	71	61	66	79	75	68	50	72
Bećir Omeragić	23	187	74	R	B	CBT	["CBT","DM"]	Montpellier	2028	Switzerland	71	76	78	74	81	75	79	74	74	76	78	72	72	62	61	68	64	61	62	77	84	76	78	77	50	70
Glenn Olivier Edwing Ngosso	21	178	69	R	B	CF	["CF"]	Montpellier	2027	Cameroon	67	31	74	71	68	69	68	65	68	66	65	64	58	58	70	68	62	61	62	70	72	68	68	63	50	63
Enzo Gianni Tchato Mbiayi	22	182	75	R	B	SB	["SB"]	Montpellier	2026	Cameroon	70	70	68	72	88	81	74	74	73	79	71	68	68	67	63	68	62	61	62	68	74	74	74	71	50	68
Axel Gueguin	19	172	58	L	B	WF	["WF","SM"]	Montpellier	2029	France	62	41	75	71	77	80	63	80	73	74	66	65	63	65	67	68	63	61	66	61	66	74	61	67	50	65
Yanis Ali Issoufou	18	182	72	L	B	SM	["SM","CM"]	Montpellier	2026	France	66	37	68	71	68	73	65	72	72	68	72	68	65	62	66	68	62	61	67	61	66	74	65	63	50	66
Benjamin Lecomte	33	186	78	L	B	GK	["GK"]	Montpellier	2027	France	31	80	79	71	62	62	81	66	58	55	62	68	66	68	34	79	43	62	49	56	76	66	50	74	80	68
Junior Ndiaye	19	182	75	L	B	CF	["CF","SM","WF"]	Montpellier	2027	United Arab Emirates	66	31	81	71	70	74	63	66	71	69	69	66	59	60	69	68	63	61	62	68	79	72	63	63	50	63
Théo Chennahi	19	182	72	R	B	AM	["AM"]	Montpellier	2027	France	65	49	68	71	66	66	67	67	71	67	72	68	67	62	64	68	62	61	62	61	66	71	67	63	50	65
Stefan Džodić Стефан Џодић	19	190	80	R	B	DM	["DM","CBT"]	Montpellier	2027	Serbia	64	67	74	73	72	68	68	64	66	67	70	67	62	56	61	68	60	61	62	66	72	67	68	72	50	64
Yaël Mouanga Boudzoumou	19	183	73	R	B	CBT	["CBT"]	Montpellier	2025	France	47	70	74	71	66	66	66	62	65	63	63	63	58	51	61	68	57	61	62	73	72	65	47	66	50	61
Nikola Maksimović	33	193	89	R	B	CBT	["CBT"]	Montpellier	2025	Serbia	50	73	88	71	66	66	76	62	65	60	64	63	59	57	61	68	59	61	62	73	76	66	55	75	50	77
Tanguy Coulibaly	23	179	78	L	B	WF	["WF","SM","CF"]	Montpellier	2026	France	71	52	76	71	80	84	67	85	81	81	73	69	67	69	74	68	67	61	73	61	68	80	67	71	50	72
Falaye Sacko	29	180	65	R	B	SB	["SB"]	Montpellier	2026	Mali	69	68	74	88	89	89	73	87	75	82	74	69	70	67	61	68	63	61	65	71	82	75	71	80	50	68
Alban Lafont	25	196	90	R	B	GK	["GK"]	Nantes	2027	France	31	80	83	71	62	62	84	72	58	55	65	67	66	66	31	74	43	62	49	56	76	66	46	73	78	71
Jean-Kévin Duverne	27	184	71	R	B	SB	["SB","CBT"]	Nantes	2027	Haiti	68	73	79	78	68	66	77	68	74	69	78	71	69	63	61	68	63	61	62	76	77	76	75	76	50	68
Nicolas Louis Marcel Cozza	26	178	72	L	B	SB	["SB","CBT"]	Nantes	2025	France	67	76	74	74	74	79	79	76	76	74	75	70	69	63	61	68	63	61	66	73	79	76	78	76	50	69
Nicolas Pallois	37	189	89	L	B	CBT	["CBT"]	Nantes	2025	France	51	78	88	71	66	66	79	62	66	62	73	76	69	71	61	82	64	61	62	78	78	65	52	78	50	79
Pedro Chirivella Burgos	27	178	66	R	B	DM	["DM","CM"]	Nantes	2026	Spain	71	72	70	90	66	66	82	71	77	66	79	75	76	71	62	73	68	62	68	63	66	81	82	85	50	74
Douglas Augusto Soares Gomes	28	173	68	L	B	CM	["CM","DM"]	Nantes	2027	Brazil	79	74	81	83	76	77	81	76	77	75	80	80	72	72	71	81	75	65	72	67	79	79	81	85	50	81
Ignatius Kpene Ganago	25	176	78	R	B	CF	["CF"]	Nantes	2027	Cameroon	75	41	80	71	83	82	73	81	78	80	73	77	67	75	76	82	72	66	65	72	84	78	73	65	50	68
Johann Lepenant	22	176	69	R	B	DM	["DM","CM","AM"]	Nantes	2025	France	72	72	76	82	73	74	76	78	77	74	80	74	72	65	67	69	70	69	73	63	71	78	76	79	50	74
Philana Tinotenda Kadewere	29	183	72	R	B	CF	["CF","SM","WF"]	Nantes	2027	Zimbabwe	76	44	75	71	77	76	76	79	77	76	76	77	70	74	77	79	74	66	72	75	81	78	76	69	50	73
Marcus Coco	28	184	78	R	B	SM	["SM","SB","WB"]	Nantes	2025	France	76	61	72	71	82	81	75	83	77	79	76	76	74	76	71	76	73	61	65	68	77	77	75	66	50	71
Jean-Philippe Gbamin	29	186	83	R	B	DM	["DM","CM","CBT"]	Nantes	2025	Côte d'Ivoire	72	70	82	71	77	70	73	70	73	73	74	76	74	76	61	79	68	68	68	74	81	74	73	75	50	76
Jean-Charles Victor Castelletto	29	186	78	R	B	CBT	["CBT"]	Nantes	2028	Cameroon	64	81	80	77	72	74	80	71	72	68	72	68	64	58	62	68	63	62	62	83	87	76	68	79	50	75
Benjamin Sorba William Thomas	25	185	75	R	B	WF	["WF","SM","CF"]	Nantes	2025	Wales	71	54	73	86	90	88	71	85	76	83	70	73	73	78	68	79	66	79	79	61	71	76	71	82	50	74
Florent Mollet	33	174	68	R	B	AM	["AM","CM","SM"]	Nantes	2025	France	73	58	78	82	68	74	76	76	78	72	80	80	80	81	73	81	77	83	80	61	66	78	76	78	50	74
Moses Daddy-Ajala Simon	29	168	69	R	B	WF	["WF","SM","CF"]	Nantes	2026	Nigeria	77	40	82	76	90	90	76	90	83	88	76	76	77	79	73	77	78	67	74	62	75	82	76	67	50	72
Fabien Centonze	29	182	75	R	B	SB	["SB"]	Nantes	2027	France	71	70	77	79	75	75	74	75	75	74	75	71	76	74	61	69	64	61	78	69	79	76	67	78	50	74
Patrik Ulf Anders Carlgren	33	188	84	R	B	GK	["GK"]	Nantes	2026	Sweden	31	74	77	71	62	62	76	66	58	55	61	65	63	65	37	73	43	61	49	55	72	65	51	71	74	70
Mostafa Mohamed Ahmed Abdalla مصطفى محمد	27	185	78	R	B	CF	["CF"]	Nantes	2027	Egypt	79	41	88	79	79	74	74	73	76	76	72	76	63	71	81	84	75	73	70	83	90	77	74	76	50	73
Matthis Abline	21	182	81	R	B	CF	["CF","SM","WF"]	Nantes	2028	France	76	40	74	73	79	85	70	82	79	79	73	74	61	63	78	76	75	61	66	74	81	78	70	65	50	70
Nathan Zézé	19	190	78	L	B	CBT	["CBT"]	Nantes	2028	France	52	76	71	73	67	72	78	65	65	64	71	68	58	53	61	68	61	61	62	76	79	71	57	72	50	68
Hugo Barbet	23	189	82	R	B	GK	["GK"]	Nantes	2025	France	31	69	74	71	62	62	71	60	58	55	61	63	61	63	31	66	43	61	49	55	67	65	42	58	69	58
Adel Mahamoud	21	178	68	R	B	WF	["WF","SM","CF"]	Nantes	2026	Comoros	65	31	74	71	76	74	63	79	76	76	64	63	60	62	70	68	69	61	62	61	66	75	62	63	50	64
Dehmaine Tabibou Assoumani	19	181	71	L	B	CM	["CM","AM"]	Nantes	2026	France	64	48	67	71	73	70	63	68	76	74	73	69	69	63	61	68	64	61	67	62	66	74	60	67	50	66
Bahereba Guirassy	18	186	70	R	B	WF	["WF","SM","CF"]	Nantes	2028	France	65	31	66	71	78	72	63	71	76	77	68	65	63	62	68	68	64	61	71	62	66	75	61	63	50	65
Louis Leroux	18	184	75	L	B	CM	["CM","DM"]	Nantes	2028	France	63	60	67	78	73	69	66	70	73	72	73	68	66	61	63	68	64	61	71	61	66	74	66	68	50	65
Kelvin Amian Adou	26	180	78	R	B	SB	["SB","CBT"]	Nantes	2028	France	71	72	82	84	81	80	76	78	72	76	72	73	69	73	61	76	62	61	74	73	85	72	69	81	50	71
Marcin Bułka	25	199	90	R	B	GK	["GK"]	Nice	2026	Poland	31	82	87	71	62	62	83	68	58	55	61	66	64	66	31	75	43	61	49	55	78	65	49	72	81	68
Ali Abdi	31	183	73	L	B	SB	["SB","SM","WB"]	Nice	2027	Tunisia	76	66	75	90	94	85	76	82	77	85	77	74	74	73	68	72	67	61	74	75	85	78	76	82	50	73
Dante Bonfim da Costa Santos	41	188	89	L	B	CBT	["CBT"]	Nice	2025	Brazil	61	86	88	75	66	66	86	62	76	62	83	75	75	66	63	68	66	66	62	83	79	82	66	78	50	83
Mohamed Abdelmonem محمد عبد المنعم	25	183	78	R	B	CBT	["CBT"]	Nice	2028	Egypt	60	79	80	74	72	70	78	70	68	68	78	72	71	62	61	68	61	61	64	81	86	70	64	77	50	79
Hicham Boudaoui هشام بوداوي	25	175	61	R	B	CM	["CM","DM"]	Nice	2027	Algeria	79	74	76	87	79	78	81	80	81	79	81	75	76	71	74	70	70	67	80	78	82	81	81	83	50	78
Jérémie Boga	28	172	68	R	B	WF	["WF","SM","CF"]	Nice	2027	Côte d'Ivoire	76	42	77	73	83	91	74	90	84	85	78	80	76	79	73	83	76	75	81	68	80	83	74	69	50	72
Pablo Paulino Rosario	28	188	73	R	B	DM	["DM","CM","CBT"]	Nice	2026	Netherlands	73	75	84	83	67	66	80	69	78	71	78	78	71	72	68	79	71	64	65	75	79	79	78	80	50	75
Terem Igobor Moffi	25	188	89	L	B	CF	["CF","WF","SM"]	Nice	2027	Nigeria	77	32	90	73	94	90	76	77	80	87	73	76	60	70	83	83	77	66	65	79	95	80	76	70	50	68
Sofiane Diop سفيان داودا ديوب	24	175	65	R	B	WF	["WF","SM","AM"]	Nice	2027	Morocco	80	60	76	81	73	77	79	80	84	79	81	79	78	80	75	79	76	79	80	62	66	84	79	78	50	79
Morgan Sanson	30	180	73	R	B	CM	["CM","AM"]	Nice	2027	France	80	72	76	83	67	74	81	76	81	73	82	82	81	80	77	82	77	75	79	73	78	81	81	81	50	80
Youssoufa Moukoko	20	179	72	L	B	CF	["CF"]	Nice	2025	Germany	84	40	80	78	76	85	81	86	83	79	77	78	60	68	83	81	79	62	73	76	83	84	81	71	50	72
Rareş Ilie	21	185	75	R	B	WF	["WF","SM","AM"]	Nice	2027	Romania	69	48	75	74	84	78	69	80	76	79	73	71	72	70	68	70	70	72	74	67	75	76	69	71	50	69
Badredine Bouanani بدر الدين بوعناني	20	177	68	L	B	WF	["WF","SM"]	Nice	2029	Algeria	72	39	73	71	75	76	67	76	77	76	77	73	73	72	73	70	68	65	70	61	66	76	67	63	50	70
Tom Alexis Louchet	21	178	66	R	B	SM	["SM","CM"]	Nice	2027	France	75	67	71	76	71	77	76	74	77	73	76	73	71	70	70	70	68	63	66	67	71	78	76	73	50	72
Tanguy Ndombélé Alvaro	28	181	76	R	B	CM	["CM","DM"]	Nice	2026	France	76	70	83	71	68	67	76	75	86	77	83	82	80	79	75	82	76	68	78	66	74	85	76	74	50	80
Gaëtan Laborde	30	181	78	L	B	WF	["WF","SM","CF"]	Nice	2026	France	83	45	79	89	74	75	82	79	83	78	83	84	79	82	83	85	83	68	79	86	90	84	82	83	50	81
Mohamed-Ali Cho	21	181	66	L	B	WF	["WF","SM","CF"]	Nice	2028	France	76	33	70	71	82	85	73	80	82	83	78	76	65	71	77	74	70	61	62	72	80	80	73	63	50	71
Melvin Michel Maxence Bard	24	173	65	L	B	SB	["SB","SM","WB"]	Nice	2028	France	76	77	80	83	82	80	80	79	78	79	78	76	77	76	61	74	65	61	74	68	79	79	79	82	50	76
Evann Guessand	23	188	79	R	B	CF	["CF","WF","SM"]	Nice	2028	Côte d'Ivoire	78	36	84	71	87	77	76	74	78	81	73	75	60	67	80	79	76	61	62	79	88	81	76	68	50	71
Maxime Dupé	31	188	88	R	B	GK	["GK"]	Nice	2026	France	31	78	80	71	62	62	78	66	58	55	61	66	64	66	33	76	43	61	49	55	77	65	48	70	79	63
Antoine Mendy	20	187	75	R	B	CBT	["CBT","SB"]	Nice	2028	France	69	73	76	75	72	71	76	70	70	69	74	69	63	62	61	68	61	61	62	73	78	71	73	76	50	66
Issiaga Camara	19	170	72	R	B	DM	["DM","CM"]	Nice	2028	Guinea	65	63	77	73	71	74	69	73	74	72	73	69	63	60	61	68	63	61	68	68	77	75	68	75	50	68
Amidou Doumbouya	17	182	72	L	B	CBT	["CBT"]	Nice	2026	France	47	67	69	71	66	66	63	62	65	61	68	65	59	52	61	68	59	61	62	70	71	66	49	69	50	64
Victor Orakpo	19	194	82	R	B	CF	["CF"]	Nice	2028	Nigeria	66	32	70	71	80	77	63	74	67	73	66	66	58	62	67	68	61	61	62	73	78	65	60	63	50	63
Youssouf Ndayishimiye	26	183	79	R	B	DM	["DM","CM","CBT"]	Nice	2027	Burundi	72	77	85	85	76	73	81	73	78	76	80	73	72	65	61	68	64	68	64	79	86	79	79	80	50	72
Moïse Bombito Lumpungu	24	191	81	R	B	CBT	["CBT"]	Nice	2028	Canada	64	77	84	71	92	93	74	75	73	81	76	70	65	60	65	68	63	61	62	78	89	75	68	73	50	75
Teddy Boulhendi	23	185	77	R	B	GK	["GK"]	Nice	2025	Algeria	31	70	74	71	62	62	71	63	58	55	61	64	62	64	32	68	43	61	49	55	68	65	43	56	70	58
Jonathan Clauss	32	178	69	R	B	SB	["SB","SM","WB"]	Nice	2026	France	81	74	74	85	92	87	85	86	82	86	81	80	80	83	75	80	72	81	80	71	79	83	85	79	50	78
Anthony Lopes	34	184	81	L	B	GK	["GK"]	Olympique Lyonnais	2025	Portugal	31	83	81	72	69	70	85	77	59	61	63	64	64	64	40	70	43	63	49	56	82	66	51	77	83	72
Nicolás Alejandro Tagliafico	32	172	65	L	B	SB	["SB"]	Olympique Lyonnais	2025	Argentina	77	76	82	86	78	81	82	81	80	77	80	74	79	74	68	70	65	63	71	82	89	81	80	85	50	79
Edgar Paul Akouokou	27	181	68	R	B	DM	["DM"]	Olympique Lyonnais	2027	Côte d'Ivoire	69	75	68	71	66	66	76	70	74	66	77	73	72	68	64	70	66	61	62	70	69	76	74	71	50	72
Maxence Caqueret	24	174	63	R	B	CM	["CM","DM"]	Olympique Lyonnais	2026	France	78	78	77	90	78	80	83	84	82	79	83	75	79	70	69	68	70	76	71	62	71	82	83	87	50	80
Jordan Marcel Gilbert Veretout	31	177	67	R	B	CM	["CM","DM"]	Olympique Lyonnais	2026	France	81	76	83	85	79	78	83	78	82	79	84	85	81	81	77	85	78	78	77	68	80	83	83	84	50	81
Corentin Tolisso	30	181	81	R	B	CM	["CM","DM"]	Olympique Lyonnais	2027	France	78	75	79	78	71	67	83	66	81	75	83	85	79	79	78	88	81	75	76	82	83	82	83	79	50	80
Gift Emmanuel Orban	22	178	70	R	B	CF	["CF"]	Olympique Lyonnais	2028	Nigeria	79	31	76	71	81	79	79	78	77	79	69	76	67	75	83	85	78	78	78	67	77	76	79	64	50	70
Alexandre Lacazette	33	175	73	R	B	CF	["CF"]	Olympique Lyonnais	2025	France	86	48	84	76	76	73	86	78	86	80	84	85	78	81	88	87	83	80	78	81	85	87	86	78	50	83
Malick Martin Fofana	19	170	60	R	B	WF	["WF","SM"]	Olympique Lyonnais	2028	Belgium	78	49	79	71	89	88	78	89	83	88	76	71	71	68	76	68	70	63	69	61	66	81	78	67	50	71
Dazet Wilfried Armel Zaha	32	180	66	R	B	WF	["WF","SM"]	Olympique Lyonnais	2025	Côte d'Ivoire	81	44	78	80	88	87	80	86	88	88	81	82	78	82	83	85	79	66	77	63	78	88	80	80	50	81
Francis Tanner James Tessmann	23	188	86	R	B	DM	["DM","CM"]	Olympique Lyonnais	2029	United States	74	72	86	82	66	69	77	71	77	70	79	76	73	69	61	74	67	68	64	69	80	78	77	76	50	73
Abner Vinícius da Silva Santos	24	182	74	L	B	SB	["SB"]	Olympique Lyonnais	2029	Brazil	76	70	72	75	86	83	73	82	78	82	79	77	79	78	65	76	65	61	79	64	74	78	73	75	50	75
Mohamed Saïd Benrahma محمد سعيد بن رحمة	29	172	67	R	B	WF	["WF","SM"]	Olympique Lyonnais	2027	Algeria	80	50	76	76	75	81	78	83	84	80	80	82	77	81	78	85	77	76	77	62	71	84	78	70	50	75
Mathis Rayan Cherki	21	177	71	L	B	WF	["WF","SM","AM"]	Olympique Lyonnais	2026	France	76	31	78	71	76	79	79	81	87	84	81	80	78	78	72	79	73	78	80	62	66	83	79	69	50	75
Moussa Niakhaté	28	190	85	L	B	CBT	["CBT"]	Olympique Lyonnais	2028	Senegal	63	81	85	73	82	66	81	62	72	76	78	71	72	65	62	68	61	62	62	80	78	72	68	78	50	82
Saël Kumbedi Nseke	19	175	63	R	B	SB	["SB"]	Olympique Lyonnais	2027	France	70	68	76	73	85	83	75	83	76	80	73	69	69	66	61	68	63	61	64	61	68	76	75	74	50	71
Clinton Mukoni Mata Pedro Lourenço	32	180	73	R	B	SB	["SB","CBT"]	Olympique Lyonnais	2026	Angola	75	76	77	87	83	79	78	80	77	79	77	79	73	74	63	81	68	76	75	76	85	77	78	83	50	74
Lucas Estella Perri	27	197	98	R	B	GK	["GK"]	Olympique Lyonnais	2028	Brazil	31	82	87	71	62	62	83	68	58	55	61	70	67	72	34	85	43	61	49	55	80	65	51	68	82	71
Warmed Omari	24	188	76	R	B	CBT	["CBT"]	Olympique Lyonnais	2025	Comoros	54	80	79	73	73	67	78	65	71	69	78	71	65	57	61	68	62	61	62	78	81	74	60	75	50	76
Enzo Anthony Honoré Molebe	17	178	68	R	B	CF	["CF"]	Olympique Lyonnais	2027	France	68	31	76	71	80	84	68	84	75	77	67	68	58	60	71	71	68	61	62	61	74	75	68	63	50	64
Justin Bengui Joao	19	190	80	R	B	GK	["GK"]	Olympique Lyonnais	2025	France	31	68	74	71	62	62	68	60	58	55	61	62	60	62	31	66	43	61	49	55	66	65	42	61	68	58
Nemanja Matić Немања Матић	36	194	85	L	B	DM	["DM","CM"]	Olympique Lyonnais	2026	Serbia	75	79	85	80	66	66	83	62	84	69	85	85	80	79	69	86	77	72	74	77	74	85	83	81	50	77
Mahamadou Diawara	19	187	78	L	B	CM	["CM"]	Olympique Lyonnais	2028	France	69	65	78	72	74	70	71	67	75	73	78	74	68	64	62	71	65	61	62	67	75	76	71	71	50	71
Ernest Nuamah Appiah	21	178	71	L	B	WF	["WF","SM","CF"]	Olympique Lyonnais	2028	Ghana	75	36	78	71	85	90	75	85	82	84	72	73	67	74	76	76	71	67	74	61	72	81	75	65	50	70
Rémy Descamps	28	196	82	L	B	GK	["GK"]	Olympique Lyonnais	2027	France	31	79	81	71	62	62	81	66	58	55	61	64	62	64	32	70	43	61	49	55	76	65	46	68	77	59
Irvyn Lomami	21	171	62	R	B	SB	["SB"]	Olympique Lyonnais	2025	France	64	63	76	71	80	80	67	81	68	73	68	66	67	64	61	68	60	61	63	66	75	68	66	68	50	65
Duje Ćaleta-Car	28	192	89	R	B	CBT	["CBT"]	Olympique Lyonnais	2027	Croatia	64	79	86	75	74	66	78	62	70	69	78	74	68	55	62	72	61	62	62	80	83	72	68	78	50	80
Georges Mikautadze გიორგი მიქაუტაძე	24	176	71	R	B	CF	["CF"]	Olympique Lyonnais	2028	Georgia	81	47	78	80	84	84	79	86	82	83	80	80	76	78	83	80	80	78	75	70	80	82	79	77	50	77
Ainsley Cory Maitland-Niles	27	180	71	R	B	SB	["SB"]	Olympique Lyonnais	2027	England	76	75	77	83	83	79	79	78	81	81	81	74	76	71	71	68	72	62	68	66	78	82	79	79	50	76
Gerónimo Rulli	32	189	84	R	B	GK	["GK"]	Olympique de Marseille	2027	Argentina	31	83	83	72	62	62	85	73	59	56	63	69	69	70	38	83	43	63	49	56	79	66	53	76	82	76
Quentin Merlin	22	174	68	L	B	SB	["SB","SM","WB"]	Olympique de Marseille	2028	France	78	75	75	78	75	79	80	77	80	78	79	76	78	77	61	74	74	76	78	69	74	79	80	77	50	77
Leonardo Julián Balerdi Rossa	25	187	85	R	B	CBT	["CBT"]	Olympique de Marseille	2026	Argentina	62	84	82	76	81	72	82	70	76	75	81	74	69	59	62	68	66	62	62	81	85	81	67	80	50	81
Ulisses Alexandre Garcia Lopes	29	182	73	L	B	SB	["SB"]	Olympique de Marseille	2028	Switzerland	68	68	79	82	83	81	72	79	74	79	76	70	73	69	61	68	62	61	74	66	81	72	72	77	50	68
Valentín Carboni	19	185	78	L	B	AM	["AM","CF","SM","SS","WF"]	Olympique de Marseille	2025	Argentina	77	54	69	71	68	66	79	67	79	73	80	78	76	75	76	77	75	76	77	73	66	79	79	68	50	74
Neal Maupay	28	171	65	R	B	CF	["CF"]	Olympique de Marseille	2025	France	81	46	79	78	68	79	81	79	77	71	78	80	70	76	80	83	78	65	69	78	84	79	81	81	50	80
Sepe Elye Wahi	22	181	77	R	B	CF	["CF"]	Olympique de Marseille	2029	France	81	36	79	76	86	86	80	85	82	84	78	79	71	76	84	83	83	69	71	74	83	82	80	72	50	74
Mason Will John Greenwood	23	181	70	L	B	WF	["WF","SM","CF"]	Olympique de Marseille	2029	England	80	40	72	73	85	85	77	86	84	85	81	84	77	82	83	88	81	79	81	71	79	83	77	67	50	74
Amine Harit أمين حاريث	27	180	67	R	B	CM	["CM","AM"]	Olympique de Marseille	2027	Morocco	81	63	71	79	79	83	85	83	84	82	81	74	77	71	71	69	73	73	79	66	68	83	85	76	50	78
Jeffrey de Lange	26	190	78	R	B	GK	["GK"]	Olympique de Marseille	2027	Netherlands	31	78	78	71	62	64	78	65	58	57	61	67	65	67	30	78	43	61	49	55	73	65	47	68	76	65
Derek Austin Cornelius	27	188	86	L	B	CBT	["CBT"]	Olympique de Marseille	2028	Canada	58	74	92	76	76	68	78	68	66	69	68	73	60	62	61	79	62	66	62	81	90	68	63	83	50	81
Faris Pemi Moumbagna	24	185	78	L	B	CF	["CF"]	Olympique de Marseille	2028	Cameroon	76	34	90	79	93	88	72	81	74	82	73	76	61	70	78	80	74	61	62	78	89	76	72	76	50	72
Jonathan David Henry Rowe	21	178	74	R	B	WF	["WF","SM"]	Olympique de Marseille	2025	England	79	43	77	71	86	85	80	84	78	82	73	76	65	75	76	81	73	63	74	71	80	78	80	71	50	74
Bamo Abdoul Meïté	23	183	75	R	B	CBT	["CBT"]	Olympique de Marseille	2028	Côte d'Ivoire	53	80	74	72	66	66	76	62	69	65	73	68	58	53	61	68	62	61	62	78	74	72	58	77	50	73
Geoffrey Edwin Kondogbia	31	188	76	L	B	DM	["DM","CBT"]	Olympique de Marseille	2027	Central African Republic	76	80	89	81	73	71	81	71	81	75	83	84	77	77	74	85	74	71	69	79	86	83	76	83	50	80
Lilian Brassier	25	186	78	L	B	CBT	["CBT"]	Olympique de Marseille	2025	France	63	83	81	76	75	71	80	68	76	74	78	72	70	65	61	68	64	61	62	81	85	78	69	78	50	78
Valentin Rongier	30	172	67	R	B	DM	["DM","CM"]	Olympique de Marseille	2026	France	76	77	84	80	68	71	83	74	81	74	82	78	76	73	68	75	75	68	72	64	74	83	82	80	50	78
Enzo Sternal	17	168	62	R	B	CF	["CF","AM","SS"]	Olympique de Marseille	2027	France	71	36	76	71	72	76	78	77	72	71	68	68	61	64	71	70	67	61	69	61	66	71	78	63	50	65
Pierre-Emile Kordt Højbjerg	29	187	84	R	B	DM	["DM","CM"]	Olympique de Marseille	2025	Denmark	79	78	81	83	66	66	85	65	82	68	85	85	80	80	76	87	77	80	74	73	75	83	83	86	50	81
Adrien Rabiot-Provost	29	191	80	L	B	CM	["CM","DM"]	Olympique de Marseille	2026	France	88	81	86	93	88	79	88	76	86	85	88	87	83	82	79	88	81	70	75	84	90	88	88	89	50	87
Pol Mikel Lirola Kosok	27	183	70	R	B	SB	["SB","CBT"]	Olympique de Marseille	2026	Spain	72	70	72	76	70	75	75	73	76	72	76	73	76	75	68	70	70	69	74	71	76	76	75	76	50	73
Bilal Nadir بلال نذير	21	179	62	L	B	CM	["CM"]	Olympique de Marseille	2026	Morocco	66	62	67	74	66	68	70	69	71	64	74	71	68	65	61	68	64	65	62	63	66	71	70	74	50	72
Rubén Blanco Veiga	29	188	70	R	B	GK	["GK"]	Olympique de Marseille	2026	Spain	31	79	77	71	62	62	78	71	58	56	61	67	64	67	39	77	43	61	49	55	77	65	48	69	79	64
Emran Soglo	19	178	68	L	B	SM	["SM","SB","WB"]	Olympique de Marseille	2025	England	68	62	69	71	77	79	71	79	73	74	72	68	69	67	64	68	63	61	67	61	66	73	71	66	50	67
François Régis Mughe	20	173	66	R	B	WF	["WF","SM"]	Olympique de Marseille	2028	Cameroon	66	41	76	71	89	90	66	87	69	78	66	67	66	68	67	71	62	66	62	62	69	69	66	68	50	66
Luis Henrique Tomaz de Lima	23	181	78	R	B	WF	["WF","SM"]	Olympique de Marseille	2028	Brazil	75	56	81	76	83	86	75	81	80	82	78	79	75	79	71	79	72	63	68	73	87	79	75	71	50	73
Yanis Sellami	18	178	64	R	B	CM	["CM"]	Olympique de Marseille	2025	France	61	49	68	71	67	68	63	71	72	67	74	69	69	65	61	68	63	65	69	61	66	73	60	63	50	65
Gaël Lafont	18	175	69	L	B	CM	["CM"]	Olympique de Marseille	2026	France	65	54	74	75	68	71	71	67	65	65	66	69	65	68	61	75	63	74	71	61	66	67	71	72	50	68
Keyliane Hikram Abdallah	18	185	70	L	B	WF	["WF","SM"]	Olympique de Marseille	2026	France	66	35	66	71	80	78	66	76	71	75	67	65	64	63	66	68	62	61	68	61	66	71	66	63	50	65
Ismaël Kenneth Jordan Koné	22	188	76	R	B	CM	["CM"]	Olympique de Marseille	2029	Canada	75	68	74	79	84	78	78	76	77	80	78	76	71	69	68	75	70	61	76	63	74	78	78	74	50	73
Michael Amir Murillo Bermúdez	28	184	78	R	B	SB	["SB"]	Olympique de Marseille	2026	Panama	74	70	76	80	85	83	76	79	76	79	74	73	76	76	66	73	64	67	78	72	83	78	74	78	50	75
Chancel Mbemba Mangulu	30	182	81	R	B	CBT	["CBT"]	Olympique de Marseille	2025	Congo DR	70	83	83	79	77	73	81	72	75	74	79	79	73	74	66	79	64	62	62	81	86	78	75	81	50	81
Gianluigi Donnarumma	25	196	90	R	B	GK	["GK"]	Paris Saint Germain	2026	Italy	31	90	88	73	62	62	92	77	60	57	63	66	66	66	36	76	43	63	49	57	86	67	56	81	89	77
Achraf Hakimi Mouh أشرف حكيمي	26	181	73	R	B	SB	["SB"]	Paris Saint Germain	2026	Morocco	84	76	78	93	94	90	85	87	84	88	85	85	83	85	81	85	80	84	80	76	85	85	85	87	50	82
Presnel Kimpembe	29	189	80	L	B	CBT	["CBT"]	Paris Saint Germain	2026	France	62	84	88	72	79	76	83	73	76	74	81	76	74	70	63	74	64	63	62	83	90	81	67	80	50	86
Marcos Aoás Corrêa	30	183	75	R	B	CBT	["CBT"]	Paris Saint Germain	2028	Brazil	76	92	82	87	84	79	91	76	81	79	88	78	82	71	70	70	66	63	64	90	90	84	81	86	50	87
Fabián Ruiz Peña	28	189	70	L	B	CM	["CM","DM"]	Paris Saint Germain	2027	Spain	82	74	72	86	66	66	85	68	85	71	87	84	81	78	80	80	80	70	79	75	74	86	85	81	50	81
Gonçalo Matias Ramos	23	185	82	R	B	CF	["CF"]	Paris Saint Germain	2028	Portugal	85	51	82	86	79	80	83	80	81	79	77	80	69	74	83	85	77	61	69	83	90	81	83	84	50	79
Masour Ousmane Dembélé	27	178	67	L	B	WF	["WF","SM","AM"]	Paris Saint Germain	2028	France	85	49	75	77	92	95	86	95	90	91	87	85	86	87	79	85	82	73	86	69	76	90	86	72	50	80
Marco Asensio Willemsen	29	182	76	L	B	WF	["WF","SM","CF","CM"]	Paris Saint Germain	2026	Spain	84	48	74	80	78	81	84	81	87	82	85	84	85	84	82	84	86	81	86	68	75	88	84	69	50	77
Désiré Doué	19	181	79	R	B	WF	["WF","SM","CM"]	Paris Saint Germain	2029	France	76	58	74	73	81	82	79	81	84	84	81	79	74	73	76	77	74	68	71	61	68	83	79	71	50	74
Vítor Machado Ferreira	24	172	64	R	B	CM	["CM","DM"]	Paris Saint Germain	2027	Portugal	84	76	78	85	74	79	88	85	89	81	90	85	85	80	82	79	81	76	84	64	71	89	88	83	50	84
Kang-in Lee 이강인	23	173	66	L	B	AM	["AM","CM","WF","SM"]	Paris Saint Germain	2028	Korea Republic	81	53	77	78	78	79	81	83	85	81	83	82	83	82	80	82	80	81	85	73	75	85	81	78	50	81
Lucas François Bernard Hernández Pi	28	184	79	L	B	CBT	["CBT","SB"]	Paris Saint Germain	2028	France	79	84	81	74	81	74	88	74	78	76	83	74	78	74	65	68	65	63	65	85	87	82	88	83	50	81
Randal Kolo Muani	26	187	73	R	B	CF	["CF"]	Paris Saint Germain	2028	France	85	41	78	79	91	91	84	89	85	88	82	83	72	77	85	85	81	71	74	84	91	85	84	69	50	77
Senny Mayulu	18	183	69	L	B	CM	["CM","AM"]	Paris Saint Germain	2027	France	72	55	70	71	74	79	72	77	79	76	76	78	71	74	69	81	67	64	77	61	66	79	72	69	50	69
Nuno Alexandre Tavares Mendes	22	180	70	L	B	SB	["SB"]	Paris Saint Germain	2026	Portugal	83	78	82	85	94	92	85	88	85	89	83	82	82	83	63	83	71	69	77	78	88	85	85	82	50	80
Bradley Barcola	22	186	70	R	B	WF	["WF","SM"]	Paris Saint Germain	2028	France	85	44	68	79	90	90	83	90	86	89	83	80	76	78	84	78	79	69	83	76	80	85	83	74	50	80
Warren Zaïre-Emery	18	178	68	R	B	CM	["CM","DM"]	Paris Saint Germain	2029	France	81	75	82	85	81	83	82	80	83	82	85	82	79	76	73	79	72	63	71	73	83	84	82	83	50	81
Ayman Kari	20	176	71	R	B	CM	["CM","AM"]	Paris Saint Germain	2025	France	71	62	73	71	72	78	73	73	79	75	78	73	70	65	62	68	65	61	71	67	75	80	73	69	50	71
Lucas Lopes Beraldo	21	182	78	L	B	CBT	["CBT","SB"]	Paris Saint Germain	2028	Brazil	67	77	79	71	76	68	79	66	75	74	81	73	70	61	61	68	64	61	64	80	85	77	79	77	50	72
Milan Škriniar	29	188	80	R	B	CBT	["CBT"]	Paris Saint Germain	2028	Slovakia	61	87	89	74	67	66	86	62	75	68	78	71	68	57	63	68	63	63	62	83	85	77	67	79	50	83
Matvey Safonov Сафонов Матвей Евгеньевич	25	192	82	R	B	GK	["GK"]	Paris Saint Germain	2029	Russia	31	81	81	71	62	62	83	71	58	55	61	67	65	68	31	79	43	61	49	55	77	65	47	71	80	70
Yoram Zague	18	168	58	R	B	SB	["SB"]	Paris Saint Germain	2027	France	65	63	74	71	74	81	71	77	72	72	71	68	67	65	61	68	61	61	65	62	70	71	71	69	50	66
Naoufel El Hannach	18	183	75	R	B	CBT	["CBT","SB"]	Paris Saint Germain	2026	Morocco	61	67	67	71	77	69	65	70	65	69	71	68	60	60	61	68	59	61	62	68	69	66	61	67	50	61
Willian Joel Pacho Tenorio	23	188	81	L	B	CBT	["CBT"]	Paris Saint Germain	2029	Ecuador	57	83	86	75	82	81	82	75	68	72	78	72	67	58	61	68	62	61	62	77	90	74	64	78	50	83
Arnau Tenas Ureña	23	185	85	R	B	GK	["GK"]	Paris Saint Germain	2026	Spain	31	77	76	71	62	62	81	71	58	55	61	69	66	70	29	83	43	61	49	55	73	65	49	72	77	71
João Pedro Gonçalves Neves	20	174	66	R	B	CM	["CM","DM"]	Paris Saint Germain	2029	Portugal	81	75	82	90	83	85	83	85	83	83	84	81	78	74	74	77	75	63	76	74	85	83	83	87	50	81
Adrien Truffert	23	176	72	L	B	SB	["SB","SM","WB"]	Rennes	2026	France	77	74	74	83	79	79	79	76	81	79	78	75	80	77	63	74	67	64	71	68	75	81	77	78	50	75
Christopher Maurice Wooh	23	191	92	R	B	CBT	["CBT"]	Rennes	2026	Cameroon	62	76	84	72	80	66	78	63	72	74	73	68	65	63	61	68	62	61	62	80	85	74	66	76	50	76
Azor Matusiwa	26	173	72	R	B	DM	["DM","CM"]	Rennes	2028	Netherlands	75	76	80	85	67	68	82	73	75	69	81	75	71	65	62	70	64	62	62	68	76	77	80	86	50	78
Albert Grønbæk Erlykke	23	176	65	R	B	AM	["AM","CM"]	Rennes	2029	Denmark	77	66	78	88	80	81	76	85	80	80	78	75	76	73	76	72	73	70	74	65	76	80	76	81	50	78
Baptiste Santamaria	29	183	81	R	B	DM	["DM","CM"]	Rennes	2026	France	75	76	74	84	66	66	78	69	81	68	84	82	76	74	73	81	72	68	67	70	68	81	78	81	50	77
Arnaud Kalimuendo Muinga	23	175	79	R	B	CF	["CF"]	Rennes	2027	France	82	38	82	71	81	85	81	82	82	81	75	76	62	69	83	79	79	66	72	78	87	82	81	71	50	76
Amine Ferid Gouiri	24	181	80	R	B	CF	["CF"]	Rennes	2027	Algeria	81	50	77	78	78	82	81	81	83	80	82	82	77	80	81	84	81	81	81	75	83	83	81	74	50	77
Ludovic Blas	27	180	77	L	B	WF	["WF","SM","AM"]	Rennes	2027	France	78	58	74	77	74	80	78	81	83	78	82	83	78	80	79	85	82	76	80	68	76	83	78	71	50	75
Mikayil Ngor Faye	20	186	81	L	B	CBT	["CBT","SB"]	Rennes	2028	Senegal	65	66	82	73	81	79	73	74	67	71	73	76	68	74	61	80	66	71	62	73	85	70	73	75	50	67
Jordan Anthony James	20	182	68	R	B	CM	["CM","AM","DM"]	Rennes	2028	Wales	73	66	76	75	71	73	72	73	73	71	76	75	69	68	73	75	69	63	63	61	70	74	72	73	50	73
Mahamadou Aboubakar Nagida	19	176	63	L	B	SB	["SB"]	Rennes	2028	Cameroon	67	63	74	71	81	78	71	79	70	75	68	66	65	67	61	68	61	61	62	61	66	70	71	67	50	64
Henrik Wendel Meister	21	193	83	R	B	CF	["CF"]	Rennes	2028	Denmark	71	38	84	71	76	73	68	71	70	71	67	69	60	62	72	74	66	61	62	73	83	71	68	73	50	73
Carlos Andrés Gómez Hinestroza	22	171	61	R	B	WF	["WF","SM"]	Rennes	2029	Colombia	76	40	68	72	81	82	77	82	79	80	74	71	69	69	78	68	73	66	68	61	69	78	77	65	50	70
Lorenz Assignon	24	181	77	R	B	SB	["SB"]	Rennes	2028	France	72	72	74	80	80	75	76	75	78	79	74	69	70	71	61	68	64	61	68	67	74	77	74	74	50	69
Gauthier Gallon	31	187	80	R	B	GK	["GK"]	Rennes	2027	France	31	78	78	71	62	62	79	65	58	55	61	66	64	66	36	76	43	61	49	55	74	65	49	69	77	67
João Pedro Neves Filipe	25	175	67	R	B	WF	["WF","SM"]	Rennes	2027	Portugal	75	41	77	71	90	86	74	88	84	86	77	76	76	76	75	77	78	78	76	69	77	85	74	68	50	72
Glen Adjei Kamara	29	181	73	R	B	DM	["DM","CM"]	Rennes	2028	Finland	74	72	82	87	79	76	78	79	80	79	82	77	71	68	65	73	69	61	69	68	78	81	78	81	50	74
Steve Mandanda	39	187	86	R	B	GK	["GK"]	Rennes	2025	France	31	81	79	72	62	62	83	68	59	55	70	70	66	67	36	78	43	63	49	56	76	66	52	76	81	74
Naouirou Mohamed Ahamada	22	183	73	R	B	CM	["CM","AM","SM"]	Rennes	2025	France	73	63	74	71	72	78	76	78	78	75	78	76	69	70	70	76	66	61	62	66	72	76	76	73	50	75
Hans Hateboer	31	187	72	R	B	SB	["SB","SM","WB"]	Rennes	2026	Netherlands	80	75	79	77	79	80	81	76	81	79	80	77	80	78	72	76	70	63	63	81	89	82	81	79	50	80
Alidu Seidu	24	173	68	R	B	CBT	["CBT","SB"]	Rennes	2028	Ghana	68	76	75	71	66	72	80	70	76	66	74	70	71	69	61	68	64	61	62	76	81	77	79	74	50	69
Djaoui Cissé	20	188	73	R	B	CM	["CM"]	Rennes	2027	France	66	51	66	71	66	72	64	67	72	67	74	69	65	56	66	68	64	61	62	64	68	73	64	66	50	66
Geoffrey Lembet	36	186	80	L	B	GK	["GK"]	Rennes	2025	Central African Republic	31	72	77	71	62	62	76	65	58	55	61	64	62	64	36	68	43	61	49	55	70	65	41	51	71	57
Abdelhamid Ait Boudlal عبد الحميد أيت بودلال	18	190	78	R	B	CBT	["CBT"]	Rennes	2028	Morocco	48	68	76	71	77	67	66	62	65	69	67	65	60	55	61	68	57	61	62	75	78	65	50	68	50	67
Leo Skiri Østigård	25	182	80	R	B	CBT	["CBT"]	Rennes	2027	Norway	54	75	85	72	69	68	76	70	68	67	70	67	62	59	61	68	61	61	62	80	87	69	60	79	50	77
Mohamed Kader Meïté	17	192	80	R	B	CF	["CF"]	Rennes	2028	France	65	31	81	71	68	66	63	63	67	65	66	67	58	57	67	71	65	61	63	75	75	69	63	63	50	63
Doğan Alemdar	22	189	73	R	B	GK	["GK"]	Rennes	2027	Türkiye	31	76	79	71	62	62	75	64	58	55	61	66	63	66	31	74	43	61	49	55	72	65	46	70	75	66
Brice Maubleu	35	192	83	R	B	GK	["GK"]	Saint-Étienne	2026	France	31	75	78	71	62	62	76	63	58	55	61	65	63	65	35	71	43	61	49	55	71	65	49	65	74	65
Mickaël Nadé	25	188	80	L	B	CBT	["CBT"]	Saint-Étienne	2028	France	55	76	92	78	66	66	76	62	65	60	65	64	58	53	61	68	60	61	62	74	76	67	60	79	50	76
Pierre-Emmanuel Ekwah Elimby	23	189	78	L	B	CM	["CM","DM"]	Saint-Étienne	2025	France	73	70	79	76	69	66	75	62	75	71	78	77	71	71	71	78	70	64	62	63	73	75	75	75	50	73
Yunis Abdelhamid يونس عبد الحميد	37	190	83	L	B	CBT	["CBT"]	Saint-Étienne	2025	Morocco	57	80	85	73	66	66	79	62	72	62	78	71	67	56	62	68	62	62	64	81	79	74	62	78	50	80
Benjamin Bouchouari بنيامين بوشواري	23	165	65	R	B	CM	["CM","DM"]	Saint-Étienne	2026	Morocco	73	59	74	74	66	73	74	74	76	70	78	71	70	62	63	68	66	64	64	61	66	76	74	68	50	70
Thomas Monconduit	33	184	83	R	B	DM	["DM","CM"]	Saint-Étienne	2025	France	70	71	79	77	66	66	73	67	73	64	73	72	73	71	61	72	68	71	75	73	73	76	73	76	50	72
Dennis Appiah	32	179	68	R	B	SB	["SB","CBT"]	Saint-Étienne	2025	France	66	75	73	89	75	73	78	75	71	71	70	67	67	64	61	68	62	61	66	67	73	73	73	83	50	70
Ibrahim Sissoko	29	192	89	R	B	CF	["CF"]	Saint-Étienne	2026	Mali	74	44	85	80	80	73	69	70	75	76	71	76	58	66	78	83	74	71	63	78	86	76	69	69	50	68
Florian Tardieu	32	181	70	R	B	DM	["DM","CM"]	Saint-Étienne	2026	France	66	70	73	87	66	66	74	68	74	64	77	74	74	72	70	73	67	73	70	72	68	75	74	83	50	73
Benjamin Craig Old	22	173	73	L	B	SM	["SM","AM","CM"]	Saint-Étienne	2028	New Zealand	70	49	79	77	85	85	68	85	73	79	73	68	67	65	70	68	62	63	62	61	69	72	68	78	50	74
Louis Mouton	22	180	75	R	B	CM	["CM","DM"]	Saint-Étienne	2025	France	72	63	69	78	70	72	73	70	74	71	75	70	67	59	61	68	63	61	62	63	68	76	73	75	50	71
Boubacar Fall	23	198	80	L	B	GK	["GK"]	Saint-Étienne	2025	Senegal	31	70	78	71	62	62	72	61	58	55	61	64	62	64	31	68	43	61	49	55	68	65	38	51	71	56
Pierre Cornud	28	177	73	L	B	SB	["SB"]	Saint-Étienne	2026	France	68	65	73	83	76	76	71	75	75	74	74	73	75	76	62	74	70	76	81	68	75	76	71	79	50	71
Mathieu Cafaro	27	178	74	R	B	WF	["WF","SM"]	Saint-Étienne	2025	France	75	52	76	83	75	83	76	84	78	77	76	75	75	76	72	76	73	78	75	61	70	77	76	75	50	72
Léo Pétrot	27	188	81	L	B	SB	["SB","CBT"]	Saint-Étienne	2025	France	65	72	84	75	71	69	75	68	67	66	71	67	65	64	61	68	61	61	62	74	82	69	73	74	50	65
Augustine Boakye	24	178	70	L	B	WF	["WF","SM","AM"]	Saint-Étienne	2028	Ghana	70	38	75	77	89	87	70	87	77	83	71	67	64	65	72	68	64	61	62	61	66	76	70	67	50	68
Buduka Dylan Batubinsika	28	188	84	R	B	CBT	["CBT"]	Saint-Étienne	2026	Congo DR	51	75	86	71	74	70	75	65	65	68	71	68	64	53	61	68	60	61	62	78	86	68	53	77	50	76
Zuriko Davitashvili ზურიკო დავითაშვილი	23	175	63	R	B	WF	["WF","SM"]	Saint-Étienne	2028	Georgia	74	34	73	76	89	83	72	81	78	83	76	71	71	69	71	68	65	70	77	61	66	78	72	67	50	71
Anthony Briançon	30	185	79	R	B	CBT	["CBT"]	Saint-Étienne	2026	France	59	75	88	76	66	66	76	62	65	60	73	73	65	60	61	74	62	61	62	78	85	67	63	79	50	78
Ibrahima Wadji	29	175	74	R	B	CF	["CF"]	Saint-Étienne	2025	Senegal	70	34	79	75	90	90	68	88	74	82	68	69	63	69	73	72	68	61	63	63	79	73	68	71	50	67
Lamine Fomba	26	188	68	R	B	DM	["DM","CM"]	Saint-Étienne	2026	France	71	70	83	85	74	69	76	77	76	74	74	72	69	68	61	72	63	61	63	75	81	76	73	80	50	71
Yvann Maçon	26	176	74	R	B	SB	["SB"]	Saint-Étienne	2025	France	72	67	76	83	85	87	73	85	77	81	72	71	68	72	61	72	64	61	70	68	80	77	73	79	50	72
Igor Miladinović Игор Миладиновић	21	166	59	R	B	AM	["AM"]	Saint-Étienne	2028	Serbia	62	42	71	71	76	84	63	85	73	72	76	70	68	60	62	68	63	63	73	61	66	76	56	63	50	65
Aïmen Moueffek أيمن موفق	23	179	71	R	B	CM	["CM","DM"]	Saint-Étienne	2028	Morocco	73	69	71	72	68	73	75	77	77	72	75	70	70	65	65	68	66	61	62	68	74	78	75	74	50	75
Gautier Larsonneur	27	181	70	R	B	GK	["GK"]	Saint-Étienne	2026	France	31	77	76	71	62	62	79	71	58	57	61	66	64	66	39	76	43	61	49	55	74	65	52	69	77	61
Lucas Frédéric Stassin	20	183	71	R	B	CF	["CF"]	Saint-Étienne	2028	Belgium	76	39	69	71	74	73	76	75	74	73	73	73	69	71	79	74	71	67	68	66	68	74	76	67	50	70
Antoine Gauthier	20	176	66	L	B	CM	["CM"]	Saint-Étienne	2025	France	66	51	70	71	67	71	67	70	69	67	74	69	67	62	65	68	63	65	65	65	67	69	67	65	50	64
Marwann Nzuzi	20	175	65	R	B	SB	["SB"]	Saint-Étienne	2025	France	65	63	71	71	73	71	67	68	69	69	68	66	66	63	61	68	61	61	62	66	68	70	67	67	50	65
Mathis Amougou	19	177	65	R	B	CM	["CM"]	Saint-Étienne	2026	France	67	65	73	71	73	79	72	78	74	73	73	69	68	60	61	68	62	61	62	61	68	74	72	70	50	69
Ayman Aiki	19	178	75	R	B	WF	["WF","SM"]	Saint-Étienne	2026	France	68	36	69	71	73	77	68	73	73	72	66	64	61	62	66	68	62	61	62	61	66	72	68	63	50	65
Jibril Othman	20	177	67	R	B	CF	["CF"]	Saint-Étienne	2027	Tunisia	66	31	68	71	72	75	63	75	76	73	63	63	58	55	69	68	68	61	64	67	68	77	63	63	50	63
Kévin Pedro	18	183	72	R	B	CBT	["CBT"]	Saint-Étienne	2027	France	48	68	72	71	71	68	64	65	66	66	63	63	58	54	61	68	60	61	62	69	73	67	49	67	50	64
Bradley Locko Banzouzi	22	180	65	L	B	SB	["SB"]	Stade Brestois 29	2027	France	69	75	73	79	81	75	79	74	79	79	77	71	73	71	61	68	66	61	66	76	80	80	76	77	50	67
Abdoulaye Niakhate Ndiaye	22	185	75	L	B	CBT	["CBT"]	Stade Brestois 29	2025	Senegal	51	76	79	71	74	66	74	62	65	68	71	67	60	50	61	68	58	61	62	76	81	65	53	72	50	74
Brendan Chardonnet	30	181	74	R	B	CBT	["CBT"]	Stade Brestois 29	2027	France	63	82	85	74	66	66	82	64	69	60	76	70	64	57	61	68	63	61	62	82	82	75	69	76	50	76
Edimilson Fernandes Ribeiro	28	187	77	R	B	DM	["DM","CBT"]	Stade Brestois 29	2025	Switzerland	71	76	79	73	74	74	83	73	78	75	79	80	77	76	68	81	72	71	74	72	79	79	79	68	50	66
Kenny Lala	33	178	78	R	B	SB	["SB"]	Stade Brestois 29	2025	France	77	75	75	81	82	79	78	75	78	79	78	77	78	77	68	77	65	76	79	74	81	78	76	79	50	76
Hugo Magnetti	26	172	75	R	B	DM	["DM","CM"]	Stade Brestois 29	2027	France	72	72	82	76	66	66	77	66	80	68	81	76	72	66	61	73	66	61	65	61	68	81	76	80	50	77
Kamory Doumbia	21	170	53	R	B	AM	["AM","CM"]	Stade Brestois 29	2029	Mali	77	60	76	76	73	74	76	79	79	76	78	77	73	72	72	76	73	61	69	65	67	79	76	72	50	75
Romain Del Castillo	28	172	65	L	B	WF	["WF","SM"]	Stade Brestois 29	2027	France	81	45	76	73	90	82	78	87	84	87	83	82	81	81	79	81	79	76	85	71	78	83	78	74	50	80
Axel Camblan	21	168	60	R	B	WF	["WF","SM"]	Stade Brestois 29	2025	France	67	46	77	71	77	82	66	86	71	72	72	68	67	63	65	68	62	61	65	61	66	71	66	64	50	66
Tolikpaley Luck Evrad Zogbé	19	178	70	R	B	SB	["SB"]	Stade Brestois 29	2027	Côte d'Ivoire	63	67	67	73	70	76	68	70	66	66	68	65	63	63	61	68	60	61	62	63	68	68	68	68	50	61
Mama Samba Baldé	29	176	69	R	B	CF	["CF","WF","SM"]	Stade Brestois 29	2027	Guinea-Bissau	77	51	79	80	89	85	77	84	76	82	73	76	71	76	76	80	72	61	77	78	90	75	77	79	50	76
Abdallah Dipo Sima	23	188	74	R	B	WF	["WF","SM"]	Stade Brestois 29	2025	Senegal	77	45	77	78	93	87	77	83	77	85	74	76	72	77	80	80	74	62	73	79	90	76	77	74	50	74
Ludovic Ajorque	30	196	93	L	B	CF	["CF"]	Stade Brestois 29	2027	France	81	50	95	73	66	66	80	62	77	69	75	77	61	69	81	80	78	62	63	82	79	79	80	79	50	81
Pierre Lees-Melou	31	186	70	R	B	DM	["DM","CM"]	Stade Brestois 29	2025	France	81	76	76	90	67	69	83	73	82	74	83	82	82	81	76	80	76	76	81	68	74	83	82	84	50	80
Romain Faivre	26	180	69	L	B	WF	["WF","SM"]	Stade Brestois 29	2025	France	79	63	73	79	72	79	80	82	84	78	81	79	79	79	78	78	78	83	84	70	77	83	80	74	50	76
Massadio Haïdara	32	179	76	L	B	SB	["SB","CBT","SM","WB"]	Stade Brestois 29	2025	Mali	70	73	81	82	80	78	77	76	76	77	76	78	72	78	65	82	65	67	62	76	86	76	77	81	50	71
Jordan Kévin Amavi	30	176	70	L	B	SB	["SB"]	Stade Brestois 29	2025	France	68	70	74	71	72	71	75	70	74	72	76	75	74	76	65	76	68	67	68	73	76	75	73	73	50	69
Julien Le Cardinal	27	184	74	R	B	CBT	["CBT","SB"]	Stade Brestois 29	2027	France	67	72	79	80	72	70	77	66	72	70	74	69	72	68	61	68	62	61	62	75	79	74	77	77	50	69
Mathias Pereira Lage	28	180	69	R	B	WF	["WF","SM","CM"]	Stade Brestois 29	2025	Portugal	76	64	73	88	92	82	75	81	78	85	80	80	78	79	75	80	77	72	76	73	79	78	75	73	50	72
Jonas Martin	34	184	77	R	B	DM	["DM","CM"]	Stade Brestois 29	2025	France	76	73	70	71	66	66	78	62	74	65	78	76	76	73	66	74	72	73	76	68	66	74	78	73	50	77
Grégoire Coudert	25	188	83	L	B	GK	["GK"]	Stade Brestois 29	2027	France	31	72	76	71	62	62	74	63	58	55	61	63	61	63	31	66	43	61	49	55	70	65	46	57	72	58
Ibrahim Salah ابراهيم صلاح	23	186	70	R	B	WF	["WF","SM","CF"]	Stade Brestois 29	2025	Morocco	78	38	75	72	80	73	75	73	78	79	73	72	63	69	78	74	71	61	62	65	74	78	75	71	50	72
Marco Bizot	33	193	88	R	B	GK	["GK"]	Stade Brestois 29	2026	Netherlands	31	83	82	71	62	62	83	70	58	55	62	66	65	66	37	76	43	62	49	56	78	66	53	70	82	70
Soumaula Coulibaly	21	191	73	L	B	CBT	["CBT"]	Stade Brestois 29	2025	France	51	75	85	76	90	85	77	84	72	79	78	72	68	53	61	68	62	61	62	77	92	73	55	78	50	77
Mahdi Camara	26	178	69	R	B	CM	["CM","AM"]	Stade Brestois 29	2026	France	80	77	77	83	81	73	83	76	81	81	83	78	76	71	75	74	71	61	72	75	79	81	82	81	50	80
Noah Jauny	20	194	81	R	B	GK	["GK"]	Stade Brestois 29	2025	Republic of Ireland	31	70	76	71	62	62	69	61	58	55	61	61	59	61	32	66	43	61	49	55	68	65	36	51	70	55
Joseph Stanley Okumu	27	193	75	R	B	CBT	["CBT"]	Stade de Reims	2028	Kenya	59	77	83	78	89	72	78	71	71	76	69	66	68	63	61	68	62	61	62	81	87	74	64	77	50	74
Maxime Busi	25	182	78	R	B	SB	["SB"]	Stade de Reims	2026	Belgium	69	68	71	73	74	74	74	74	75	73	76	70	72	68	61	68	63	61	68	76	76	76	74	72	50	67
Emmanuel Elysee Djedje Agbadou Badobre	27	192	86	R	B	CBT	["CBT"]	Stade de Reims	2028	Côte d'Ivoire	65	80	91	74	75	66	80	62	69	71	72	68	65	61	62	68	61	61	62	81	86	71	70	80	50	81
Valentin Atangana Edoa	19	173	68	R	B	DM	["DM","CM"]	Stade de Reims	2026	France	72	70	74	71	66	66	75	68	77	68	79	72	69	62	64	68	65	61	62	68	67	77	75	73	50	74
Junya Ito 伊東 純也	31	176	66	R	B	WF	["WF","SM","CF"]	Stade de Reims	2026	Japan	79	61	73	88	86	91	78	89	82	84	80	76	77	76	76	73	76	73	77	62	72	81	78	80	50	78
Mohamed Hassouni Daramy	23	180	71	R	B	WF	["WF","SM","CF"]	Stade de Reims	2028	Denmark	76	36	81	81	87	90	75	88	81	85	75	72	69	70	75	71	70	61	68	66	82	79	75	74	50	73
Teddy Teuma	31	176	73	L	B	CM	["CM","AM"]	Stade de Reims	2027	Malta	80	75	78	83	71	73	80	74	82	76	82	85	82	85	78	89	82	80	82	62	73	83	80	83	50	82
Amine Salama	24	192	78	R	B	CF	["CF","SM","WF"]	Stade de Reims	2027	France	73	31	76	71	81	72	73	68	74	77	68	68	64	66	74	71	70	62	64	73	79	75	73	64	50	67
Reda Jousef Khadra	23	180	72	R	B	AM	["AM","SM","WF"]	Stade de Reims	2027	Germany	76	54	79	74	86	89	77	87	80	84	76	75	72	73	73	75	71	71	71	66	79	78	77	73	50	74
Marshall Nyasha Munetsi	28	188	83	R	B	CM	["CM","AM"]	Stade de Reims	2027	Zimbabwe	80	74	83	90	77	68	81	65	80	78	81	80	74	73	75	80	72	62	67	82	86	81	81	83	50	78
Ludovic Butelle	41	188	84	L	B	GK	["GK"]	Stade de Reims	2025	France	31	73	79	71	62	62	72	61	58	55	61	64	62	64	34	68	43	61	49	55	68	65	46	68	73	63
Keito Nakamura 中村 敬斗	24	180	75	R	B	WF	["WF","SM"]	Stade de Reims	2028	Japan	78	47	73	83	79	82	76	82	81	79	76	78	73	77	77	81	78	76	81	63	74	81	76	76	50	75
Sergio Akieme Rodríguez	27	175	74	L	B	SB	["SB"]	Stade de Reims	2028	Spain	69	72	78	79	81	80	76	78	77	77	77	73	68	73	61	70	66	61	62	75	80	79	74	78	50	67
Gabriel Silva Moscardo de Salles	19	185	73	R	B	DM	["DM","CM"]	Stade de Reims	2025	Brazil	67	72	83	74	73	68	76	70	77	74	77	73	67	62	61	69	66	61	62	71	85	78	71	77	50	71
Alexandre Olliero	28	193	85	R	B	GK	["GK"]	Stade de Reims	2026	France	31	74	81	71	62	62	76	63	58	55	61	65	63	65	38	71	43	61	49	55	73	65	47	67	72	59
Cédric Kipré	28	193	90	R	B	CBT	["CBT"]	Stade de Reims	2027	Côte d'Ivoire	52	78	95	73	75	69	78	63	66	68	69	66	60	55	61	68	61	61	62	77	88	69	57	79	50	79
Oumar Diakité	21	182	75	R	B	CF	["CF"]	Stade de Reims	2028	Côte d'Ivoire	76	31	78	71	83	80	75	76	76	79	71	74	62	71	77	79	72	61	65	76	86	76	75	71	50	72
Aurélio Gabriel Ulineia Buta	27	172	66	R	B	SB	["SB","SM","WB"]	Stade de Reims	2025	Portugal	78	71	77	79	88	90	78	89	80	84	77	76	76	77	64	75	68	61	68	61	71	80	78	79	50	77
Thibault De Smet	26	183	65	L	B	SB	["SB"]	Stade de Reims	2026	Belgium	69	70	73	83	74	70	76	68	75	72	77	74	73	74	61	73	66	61	65	75	76	78	76	80	50	69
Nhoa Ryan Sangui	18	178	67	L	B	SB	["SB"]	Stade de Reims	2026	France	64	63	71	71	74	77	69	72	72	72	72	68	67	66	61	68	62	61	62	63	66	73	69	69	50	66
Mohamed Bamba	20	188	75	L	B	CM	["CM"]	Stade de Reims	2027	Côte d'Ivoire	64	49	71	71	67	71	63	65	67	65	73	68	63	54	61	68	60	61	62	66	71	68	60	68	50	65
Mamadou Diakhon	19	180	75	R	B	WF	["WF","SM"]	Stade de Reims	2026	France	69	41	72	71	78	80	71	79	73	75	68	68	65	67	67	70	65	63	62	61	66	72	71	64	50	66
Yaya Kader Fofana	20	180	68	R	B	CM	["CM"]	Stade de Reims	2028	Côte d'Ivoire	70	65	69	76	76	74	72	77	76	75	77	71	67	60	65	68	64	61	62	62	66	78	72	73	50	71
Amadou Koné	19	185	75	L	B	DM	["DM","CM"]	Stade de Reims	2029	Côte d'Ivoire	68	65	74	71	68	66	72	65	69	67	75	70	65	59	63	68	62	61	62	65	71	71	72	70	50	69
Niama Pape Sissoko	19	186	72	R	B	CF	["CF"]	Stade de Reims	2028	Mali	67	31	76	71	78	69	66	65	68	72	63	63	58	54	71	68	62	61	62	67	74	67	66	63	50	64
Abdoul Koné	19	191	80	R	B	SB	["SB","CBT"]	Stade de Reims	2025	France	64	66	74	71	68	66	71	62	68	65	70	67	65	62	61	68	61	61	62	70	70	70	70	70	50	66
Yehvann Diouf	25	190	74	R	B	GK	["GK"]	Stade de Reims	2027	France	31	80	79	71	62	62	81	67	58	55	61	67	64	67	31	77	43	61	49	55	77	65	49	68	80	65
Đorđe Petrović Ђорђе Петровић	25	194	88	R	B	GK	["GK"]	Strasbourg	2025	Serbia	31	81	84	71	62	62	83	68	58	55	61	67	66	67	34	77	46	61	49	55	79	65	53	76	82	71
Thomas Delaine	32	180	71	L	B	SB	["SB","SM","WB"]	Strasbourg	2025	France	76	69	74	78	87	80	76	80	76	82	77	72	75	71	61	68	63	61	73	71	79	76	76	78	50	76
Saïdou Sow	22	185	75	R	B	CBT	["CBT"]	Strasbourg	2028	Guinea	57	75	80	71	67	67	75	63	69	66	71	68	63	57	61	68	61	61	62	76	79	71	61	71	50	73
Abakar Loubadhe Sylla	22	188	80	L	B	CBT	["CBT"]	Strasbourg	2028	Côte d'Ivoire	53	75	81	76	75	73	75	74	74	74	75	70	64	57	61	68	62	61	62	74	81	74	59	79	50	79
Félix Lemaréchal	21	180	73	R	B	AM	["AM","CM","SM"]	Strasbourg	2029	France	72	65	70	76	67	74	74	68	79	73	81	75	76	72	64	69	69	65	68	63	70	79	74	77	50	76
Diego Manuel Jadon da Silva Moreira	20	179	73	L	B	SM	["SM","SB","WB"]	Strasbourg	2029	Portugal	71	58	76	73	84	88	73	87	78	82	73	71	68	69	68	71	70	61	68	61	70	77	73	72	50	70
Andrey Nascimento dos Santos	20	180	75	R	B	CM	["CM","DM"]	Strasbourg	2025	Brazil	77	73	79	78	77	80	77	80	81	79	81	79	72	69	71	76	70	61	71	76	86	81	77	79	50	79
Miloš Luković Милош Луковић	19	184	76	R	B	CF	["CF"]	Strasbourg	2028	Serbia	70	31	84	71	72	67	66	65	73	71	64	68	58	63	75	75	68	63	62	73	81	74	66	69	50	69
Emmanuel Esseh Emegha	21	195	82	L	B	CF	["CF"]	Strasbourg	2028	Netherlands	77	35	83	74	87	79	75	76	76	80	70	73	60	66	78	78	74	63	68	76	85	78	75	73	50	72
Moïse Orell Dion Sahi	23	175	70	L	B	CF	["CF","AM","SS"]	Strasbourg	2026	Côte d'Ivoire	74	35	74	71	78	79	71	75	77	77	73	72	62	67	78	74	74	63	63	68	78	76	71	63	50	69
Caleb Ryan Wiley	20	178	73	L	B	SB	["SB"]	Strasbourg	2030	United States	71	66	71	73	81	77	73	78	77	79	73	70	71	69	61	68	65	61	68	61	70	77	73	72	50	70
Sékou Mara	22	183	74	R	B	CF	["CF"]	Strasbourg	2029	France	74	31	77	72	78	79	71	76	74	76	72	71	58	60	76	72	70	61	62	78	87	73	71	66	50	67
Algot Sebastian Nanasi	22	178	71	R	B	WF	["WF","SM","AM"]	Strasbourg	2029	Sweden	76	42	78	82	73	80	76	84	82	77	81	74	73	69	73	68	73	67	73	61	67	81	76	74	50	75
Robin Risser Birckel	20	193	82	R	B	GK	["GK"]	Strasbourg	2027	France	31	71	78	71	62	62	75	63	58	55	61	64	62	64	31	69	43	61	49	55	71	65	45	61	75	61
Pape Daouda Diong	18	190	77	R	B	DM	["DM","CM"]	Strasbourg	2029	Senegal	62	59	76	72	67	67	65	65	66	64	73	69	65	59	61	68	60	61	62	71	76	67	63	72	50	66
Junior Mwanga	21	184	80	R	B	DM	["DM","CM"]	Strasbourg	2027	France	69	72	75	80	73	72	76	69	75	72	78	71	66	54	62	68	64	61	62	75	79	77	76	77	50	72
Mouhamadou Habib Diarra	21	179	74	R	B	CM	["CM","DM","SM"]	Strasbourg	2028	Senegal	75	70	74	79	70	76	77	76	78	74	81	81	71	72	67	81	68	63	66	67	75	79	76	77	50	75
Óscar Andrés Perea Abonce	19	180	68	R	B	WF	["WF","SM"]	Strasbourg	2029	Colombia	72	35	78	71	83	86	71	82	79	81	71	67	65	65	68	68	65	61	62	61	74	78	71	63	50	68
Guéla Doué	22	187	84	R	B	SB	["SB","CBT"]	Strasbourg	2029	Côte d'Ivoire	70	73	79	73	78	73	77	71	77	76	76	71	70	68	61	68	64	61	65	75	81	77	75	72	50	70
Mamadou Sarr	19	194	77	R	B	CBT	["CBT","DM"]	Strasbourg	2029	France	64	67	78	71	73	66	71	62	65	67	71	67	59	55	61	68	60	61	62	73	75	67	70	69	50	67
Yoni Gomis	19	186	70	R	B	CBT	["CBT"]	Strasbourg	2029	France	55	71	71	71	66	68	71	63	66	61	69	66	61	57	61	68	60	61	62	70	73	68	59	68	50	69
Dilane Bakwa	22	179	77	L	B	WF	["WF","SM"]	Strasbourg	2027	France	74	37	74	78	90	84	74	85	82	87	78	76	73	75	74	75	74	71	80	61	72	82	74	68	50	72
Marvin Senaya	23	179	65	R	B	SB	["SB","SM","WB"]	Strasbourg	2027	France	66	70	71	77	74	74	74	71	73	73	71	67	68	66	61	68	62	61	63	67	72	74	74	71	50	63
Ismaël Landry Doukouré	21	183	80	R	B	DM	["DM","CM","CBT"]	Strasbourg	2026	France	69	73	79	75	74	68	78	65	72	71	78	71	66	59	61	68	63	61	62	75	78	75	76	72	50	68
Karl-Johan Anton Johnsson	34	188	84	R	B	GK	["GK"]	Strasbourg	2026	Sweden	31	75	78	71	62	62	75	63	58	55	61	65	63	65	34	72	43	61	49	55	71	65	47	63	74	63
Tidiane Amadou Diallo	18	176	65	R	B	WF	["WF","SM","AM"]	Strasbourg	2027	France	60	34	68	71	73	79	63	80	72	72	67	65	63	60	63	68	61	61	62	61	66	71	58	63	50	63
Alaa Bellaarouch علاء بلعروش	22	188	75	R	B	GK	["GK"]	Strasbourg	2025	Morocco	31	75	76	71	62	64	75	64	58	56	61	66	64	66	30	74	43	61	49	55	73	65	42	62	73	58
Nolan Martin Ferro	19	183	72	R	B	DM	["DM","CM"]	Strasbourg	2026	France	61	56	67	76	67	71	63	70	69	66	73	68	65	59	62	68	61	61	62	63	66	70	59	72	50	67
Jeremy Sebas Jérémy Sebas	21	187	82	R	B	WF	["WF","SM","CF"]	Strasbourg	2026	France	71	34	72	71	72	80	68	74	77	74	71	70	66	66	71	70	66	61	64	65	77	78	68	63	50	66
Abdoul Guemissongui Ouattara	19	178	68	R	B	AM	["AM"]	Strasbourg	2026	Côte d'Ivoire	65	45	73	71	73	78	65	75	71	71	70	67	62	56	65	68	61	61	62	61	69	69	65	69	50	67
Mohamed Bechikh	19	183	75	R	B	CF	["CF"]	Strasbourg	2027	France	66	31	68	71	76	72	63	69	66	70	66	64	58	60	68	68	63	61	62	68	71	66	60	63	50	64
Samir El Mourabet سمير المرابط	19	175	65	L	B	CM	["CM"]	Strasbourg	2027	Morocco	62	54	67	71	70	66	63	70	67	68	69	66	63	59	61	68	59	61	62	61	66	66	61	67	50	65
Walid Hasbi وليد حسبي	21	188	79	R	B	GK	["GK"]	Strasbourg	2026	Morocco	31	71	72	71	62	62	70	62	58	55	61	62	60	62	32	66	43	61	49	55	69	65	39	55	71	58
Eduard Sobol	29	186	73	L	B	SB	["SB","SM","WB"]	Strasbourg	2026	Ukraine	72	69	72	76	79	77	73	75	75	76	73	75	73	76	67	79	74	78	74	72	78	76	71	76	50	74
Rasmus Schmidt Nicolaisen	27	191	81	L	B	CBT	["CBT"]	Toulouse	2026	Denmark	62	81	86	78	66	66	78	63	70	60	79	72	67	55	62	68	62	62	62	84	85	75	66	80	50	81
Mark Alexander McKenzie	25	184	83	R	B	CBT	["CBT"]	Toulouse	2027	United States	57	78	83	79	85	82	78	78	70	75	77	71	66	49	61	68	62	61	62	75	86	73	62	79	50	77
Charlie Richard Cresswell	22	191	77	R	B	CBT	["CBT"]	Toulouse	2028	England	51	78	82	72	66	66	75	62	66	60	74	69	64	54	61	68	61	61	62	80	84	71	54	75	50	77
Denis Genreau	25	175	75	R	B	CM	["CM","AM","DM"]	Toulouse	2025	Australia	76	69	71	81	66	71	77	70	75	67	78	75	72	70	72	72	65	61	62	61	66	76	77	79	50	77
Ümit Akdağ	21	192	72	L	B	CBT	["CBT","SB"]	Toulouse	2025	Romania	63	65	68	73	66	69	70	63	68	65	70	67	67	63	61	68	60	61	62	73	74	68	67	71	50	66
Zakaria Aboukhlal زكرياء أبو خلال	24	179	74	L	B	WF	["WF","SM","AM"]	Toulouse	2026	Morocco	77	55	77	88	84	86	76	86	79	82	78	77	72	74	79	78	71	63	74	61	77	78	76	81	50	76
Vincent Olivier Sierro	29	185	79	R	B	CM	["CM","DM","AM"]	Toulouse	2026	Switzerland	77	74	76	86	66	70	79	69	78	70	81	76	78	74	73	71	70	77	81	61	70	79	79	81	50	76
Frank Mario Magri	25	178	75	R	B	CF	["CF","SM","WF"]	Toulouse	2026	Cameroon	74	31	76	77	80	81	72	79	78	79	76	76	61	68	78	77	75	65	65	74	81	79	72	67	50	68
Yann-Alexandre Gboho Gnantin	24	178	63	R	B	AM	["AM","SM","WF"]	Toulouse	2026	France	79	44	74	73	80	84	80	83	82	82	80	76	71	71	78	74	71	67	68	63	74	82	80	71	50	75
Warren Håkon Christofer Kamanzi	24	177	70	R	B	SB	["SB","SM","WB"]	Toulouse	2026	Norway	74	70	73	79	85	82	76	82	76	80	74	69	72	68	63	68	63	61	65	68	76	76	76	77	50	73
Joshua Christian Kojo King	33	184	82	R	B	CF	["CF","SM","WF"]	Toulouse	2025	Norway	77	43	81	74	85	80	76	80	79	82	78	78	73	76	78	79	77	64	76	74	85	79	76	75	50	77
Nicolas Wasbauer	20	186	75	R	B	CBT	["CBT"]	Toulouse	2025	France	48	70	74	71	69	66	67	63	65	65	70	67	61	49	61	68	59	61	62	68	72	65	51	69	50	68
Aron Leonard Dønnum	26	178	73	L	B	WF	["WF","SM"]	Toulouse	2027	Norway	73	57	80	76	83	86	75	87	79	81	71	70	71	72	70	72	69	73	75	63	79	79	75	75	50	74
Mathys Sauveur Niflore	17	188	74	R	B	GK	["GK"]	Toulouse	2029	France	31	70	74	71	62	62	71	61	58	55	61	64	62	64	32	68	43	61	49	55	68	65	37	58	71	62
Gabriel Alonso Suazo Urbina	27	178	72	L	B	SB	["SB","SM","WB"]	Toulouse	2026	Chile	76	73	75	83	75	74	78	76	76	75	77	74	74	73	68	72	64	73	62	63	74	77	78	82	50	76
Djibril Sidibé	32	183	80	R	B	CBT	["CBT","SB"]	Toulouse	2025	France	76	75	79	74	73	69	79	67	74	72	77	73	73	71	65	69	66	74	76	75	79	74	79	76	50	75
Niklas Uwe Schmidt	26	184	89	R	B	CM	["CM","AM"]	Toulouse	2027	Germany	73	65	81	71	70	66	76	67	80	75	79	82	77	81	71	85	74	76	74	61	69	81	76	66	50	72
Miha Zajc	30	178	72	R	B	CM	["CM","AM"]	Toulouse	2025	Slovenia	78	67	74	80	71	71	76	76	78	74	79	80	78	79	78	81	78	78	81	71	73	78	76	72	50	74
Rafik Messali	21	177	65	R	B	SB	["SB","SM","WB"]	Toulouse	2026	Algeria	66	61	70	74	74	76	67	71	68	69	74	69	67	64	61	68	60	61	65	63	71	68	64	71	50	65
Cristian Sleiker Cásseres Yépes	25	176	68	R	B	DM	["DM","CM"]	Toulouse	2027	Venezuela	73	76	77	86	80	81	77	79	76	77	78	76	71	71	71	74	68	75	76	71	79	77	75	84	50	75
Ylies Aradj	19	179	68	L	B	SB	["SB"]	Toulouse	2026	France	65	61	71	71	66	70	68	65	68	66	70	67	65	62	61	68	60	61	64	63	66	68	68	68	50	63
Jaydee Canvot	18	188	75	R	B	DM	["DM","CBT"]	Toulouse	2029	France	63	67	72	73	77	73	68	65	66	69	72	68	63	57	61	68	60	61	62	71	75	67	67	73	50	67
Alejandro Domínguez Romero	26	186	82	R	B	GK	["GK"]	Toulouse	2027	Spain	31	75	76	71	62	62	77	68	58	55	61	64	62	64	31	70	43	61	49	55	72	65	46	65	75	62
Noah Edjouma	19	181	73	R	B	WF	["WF","SM"]	Toulouse	2026	France	66	38	68	71	75	74	65	70	72	73	69	69	65	67	66	71	63	61	62	61	66	72	65	64	50	64
Edhy Yvan Zuliani	20	175	68	L	B	AM	["AM"]	Toulouse	2025	Algeria	65	43	74	74	77	79	66	79	74	75	72	68	71	67	61	68	62	61	70	61	66	73	66	67	50	64
Mathis Saka	18	172	63	R	B	CM	["CM","AM"]	Toulouse	2029	France	65	51	75	71	71	74	63	76	73	71	72	68	68	65	61	68	62	61	64	61	66	73	63	66	50	66
Justin Lacombe	21	192	81	R	B	GK	["GK"]	Toulouse	2026	France	31	71	76	71	62	62	73	61	58	55	61	64	62	64	29	68	43	61	49	55	68	65	36	55	70	54
Guillaume Restes	19	188	82	L	B	GK	["GK"]	Toulouse	2028	France	31	81	80	71	62	62	83	67	58	55	62	69	67	70	32	83	43	61	49	55	77	65	49	71	80	71
Shavy Warren Babicka	24	179	75	R	B	WF	["WF","SM","AM"]	Toulouse	2027	Gabon	73	41	76	74	86	85	73	80	75	79	76	71	73	70	75	68	66	61	64	70	84	76	73	67	50	70
Lukáš Hrádecký	35	192	85	R	B	GK	["GK"]	Bayer 04 Leverkusen	2026	Finland	31	87	81	72	62	62	88	70	59	55	63	66	65	66	35	74	43	63	49	56	80	66	54	72	86	71
Piero Martín Hincapié Reyna	23	184	77	L	B	CBT	["CBT","SB"]	Bayer 04 Leverkusen	2027	Ecuador	71	80	80	83	81	82	83	80	78	78	82	74	72	62	62	68	64	62	62	82	90	79	83	85	50	72
Jonathan Glao Tah	28	195	94	R	B	CBT	["CBT"]	Bayer 04 Leverkusen	2025	Germany	59	89	93	76	88	66	87	62	72	77	83	74	67	57	63	68	63	63	62	89	88	75	66	81	50	85
Jonas Hofmann	32	176	72	R	B	AM	["AM","CF","SS"]	Bayer 04 Leverkusen	2027	Germany	86	68	76	89	76	78	87	80	85	79	85	81	83	79	84	78	84	81	80	63	71	86	87	83	50	84
Robert Andrich	30	186	85	R	B	DM	["DM","CM","CBT"]	Bayer 04 Leverkusen	2028	Germany	79	84	86	82	66	66	87	67	81	68	84	85	80	81	80	86	80	81	83	80	83	81	86	87	50	82
Florian Richard Wirtz	21	177	71	R	B	AM	["AM","SM","WF"]	Bayer 04 Leverkusen	2027	Germany	88	59	77	90	84	84	90	86	92	88	93	87	89	84	84	81	85	81	85	63	69	92	90	81	50	84
Martin Terrier	27	184	71	R	B	CF	["CF","SM","WF"]	Bayer 04 Leverkusen	2029	France	81	42	79	80	85	84	81	80	84	84	82	82	78	79	85	82	83	68	80	80	88	85	81	73	50	77
Edmond Fayçal Tapsoba	25	192	84	R	B	CBT	["CBT"]	Bayer 04 Leverkusen	2028	Burkina Faso	57	87	85	76	79	77	88	74	77	75	84	80	72	63	68	78	64	63	62	86	85	80	63	79	50	83
Arthur Augusto de Matos Soares	21	174	69	R	B	SB	["SB","SM","WB"]	Bayer 04 Leverkusen	2028	Brazil	68	65	72	71	84	76	74	78	74	77	75	70	70	70	61	68	63	61	66	68	70	75	74	69	50	65
Patrik Schick	28	191	87	L	B	CF	["CF"]	Bayer 04 Leverkusen	2027	Czechia	87	47	85	76	78	78	86	81	84	81	83	83	73	77	85	85	83	67	81	87	92	84	86	74	50	80
Matěj Kovář	24	196	89	R	B	GK	["GK"]	Bayer 04 Leverkusen	2027	Czechia	31	80	81	71	62	62	80	65	58	55	61	68	67	69	32	81	43	61	49	55	74	65	47	72	79	70
Nathan Adewale Temitayo Tella	25	173	68	R	B	WF	["WF","SM","AM"]	Bayer 04 Leverkusen	2028	Nigeria	76	45	76	79	84	91	72	89	82	83	78	80	73	80	78	83	70	61	69	67	75	81	72	72	50	73
Alejandro Grimaldo García	29	171	68	L	B	SM	["SM","SB","WB"]	Bayer 04 Leverkusen	2027	Spain	86	77	78	92	75	80	89	83	89	81	90	88	91	90	76	86	81	91	90	72	77	89	89	84	50	83
Amine Adli أمين عدلي	24	174	72	L	B	CF	["CF","SM","AM","SS","WF"]	Bayer 04 Leverkusen	2028	Morocco	81	49	79	82	83	89	80	88	84	84	79	80	72	76	82	82	77	63	77	78	93	84	80	80	50	78
Victor Okoh Boniface	24	190	91	R	B	CF	["CF"]	Bayer 04 Leverkusen	2028	Nigeria	85	44	91	75	79	74	83	74	86	82	81	85	66	74	85	92	83	68	74	83	90	85	83	79	50	83
Nordi Mukiele Mulere	27	187	84	R	B	SB	["SB","CBT"]	Bayer 04 Leverkusen	2025	France	72	80	82	83	81	79	84	75	78	78	78	74	76	74	62	72	65	62	73	78	87	79	78	84	50	76
Aleix García Serrano	27	173	68	R	B	CM	["CM","DM"]	Bayer 04 Leverkusen	2029	Spain	85	79	79	83	71	73	85	76	88	79	88	85	88	83	82	81	81	84	86	63	70	89	85	78	50	82
Exequiel Alejandro Palacios	26	178	69	R	B	CM	["CM","DM"]	Bayer 04 Leverkusen	2028	Argentina	85	81	77	83	73	75	88	78	86	79	88	85	82	79	79	84	79	66	77	75	77	86	87	85	50	85
Artem Stepanov Степанов Артем Романович	17	192	88	R	B	CF	["CF"]	Bayer 04 Leverkusen	2027	Ukraine	65	31	74	71	66	66	64	62	68	65	61	63	58	59	70	69	62	61	62	72	73	68	64	67	50	65
Jeremie Agyekum Frimpong	24	172	65	R	B	SM	["SM","SB","WB"]	Bayer 04 Leverkusen	2028	Netherlands	85	78	79	88	92	96	87	93	87	90	83	74	79	76	74	68	68	63	80	64	77	87	87	85	50	82
Othniël Raterink	18	182	73	R	B	SB	["SB","DM"]	Bayer 04 Leverkusen	2027	Netherlands	66	60	66	71	76	73	66	68	67	71	61	62	61	62	61	68	59	61	62	61	66	66	66	67	50	64
Granit Xhaka	32	186	80	L	B	DM	["DM","CM"]	Bayer 04 Leverkusen	2028	Switzerland	84	80	81	87	66	66	89	62	83	68	91	91	87	86	76	91	78	83	83	76	74	87	89	90	50	87
Niklas Lomb	31	186	83	R	B	GK	["GK"]	Bayer 04 Leverkusen	2027	Germany	31	72	76	71	62	62	76	64	58	55	61	64	62	64	38	69	43	61	49	55	71	65	44	62	71	59
Francis-Ikechukwu Onyeka	17	186	72	L	B	AM	["AM"]	Bayer 04 Leverkusen	2027	Germany	63	52	66	71	73	66	65	71	70	70	71	68	66	60	68	68	63	63	62	65	66	70	65	63	50	65
Jeanuël Belocian	19	182	73	L	B	CBT	["CBT","SB"]	Bayer 04 Leverkusen	2029	France	65	72	76	71	74	70	74	71	72	71	76	71	72	64	61	68	62	61	69	75	79	74	73	72	50	69
Kerim-Sam Alajbegović	17	178	65	R	B	WF	["WF","SM","AM"]	Bayer 04 Leverkusen	2025	Bosnia and Herzegovina	63	44	68	71	74	74	63	67	67	70	64	63	63	61	65	68	60	61	62	61	66	66	60	65	50	64
Sadik Fofana	21	192	78	R	B	CBT	["CBT","DM"]	Bayer 04 Leverkusen	2025	Togo	63	66	84	71	76	71	68	65	69	70	73	68	63	58	61	68	61	61	62	73	82	71	68	71	50	68
Gregor Kobel	27	195	88	R	B	GK	["GK"]	Borussia Dortmund	2028	Switzerland	31	90	89	73	62	62	91	71	60	56	63	67	67	67	35	77	43	63	49	57	84	67	56	82	89	78
Yan Bueno Couto	22	168	60	R	B	SB	["SB","SM","WB"]	Borussia Dortmund	2025	Brazil	79	75	76	83	85	88	79	88	84	85	82	76	82	78	69	70	69	61	80	62	72	84	79	78	50	77
Waldemar Anton Рипцов-Антон Владимир Александрович	28	189	86	R	B	CBT	["CBT","SB"]	Borussia Dortmund	2028	Germany	70	83	87	83	79	67	84	67	74	74	83	74	68	58	62	68	63	62	62	82	86	76	84	84	50	75
Nico Cedric Schlotterbeck	25	191	86	L	B	CBT	["CBT"]	Borussia Dortmund	2027	Germany	69	88	86	80	79	81	86	77	79	79	83	80	76	69	63	79	70	63	62	88	92	78	75	83	50	84
Ramy Bensebaini رامي بن سبعيني	29	187	82	L	B	SB	["SB","CBT"]	Borussia Dortmund	2027	Algeria	76	77	81	77	82	75	81	74	81	82	80	76	77	76	78	74	71	71	72	81	88	80	81	80	50	76
Giovanni Alejandro Reyna	22	185	79	R	B	WF	["WF","SM","AM"]	Borussia Dortmund	2026	United States	78	43	78	76	80	80	78	82	83	82	79	79	73	77	77	81	79	72	81	62	74	81	78	71	50	74
Felix Kalu Nmecha	24	194	80	R	B	CM	["CM","DM"]	Borussia Dortmund	2028	Germany	80	74	88	81	85	80	81	80	84	85	82	82	73	74	75	83	75	61	72	84	95	83	81	82	50	81
Serhou Yadaly Guirassy	28	187	82	R	B	CF	["CF"]	Borussia Dortmund	2028	Guinea	90	45	87	79	75	72	88	72	85	79	85	86	71	76	90	89	85	75	76	86	89	87	88	80	50	85
Julian Brandt	28	185	83	R	B	AM	["AM","SM","CM"]	Borussia Dortmund	2026	Germany	86	54	81	88	81	74	88	79	88	84	89	87	86	85	84	85	85	81	83	66	74	89	88	73	50	79
Pascal Groß	33	181	78	R	B	DM	["DM","CM","SB"]	Borussia Dortmund	2026	Germany	85	77	73	88	66	66	88	69	86	70	89	86	88	85	82	83	80	83	87	65	67	88	88	86	50	85
Maximilian Beier	22	185	72	R	B	CF	["CF","WF","SM"]	Borussia Dortmund	2029	Germany	83	33	73	85	90	90	82	88	82	87	77	79	70	76	84	83	80	62	74	73	78	82	82	73	50	73
Julien Dienda M. Duranville	18	170	67	R	B	WF	["WF","SM"]	Borussia Dortmund	2027	Belgium	64	32	77	71	84	90	67	90	78	82	70	68	65	65	69	69	67	65	68	61	66	76	67	63	50	64
Marcel Sabitzer	30	178	76	R	B	CM	["CM","AM","DM"]	Borussia Dortmund	2027	Austria	88	77	80	88	78	81	88	81	86	81	87	88	84	85	85	90	87	83	80	70	76	87	88	85	50	85
Donyell Malen	26	176	68	R	B	WF	["WF","SM","CF"]	Borussia Dortmund	2026	Netherlands	86	40	82	82	88	94	85	91	88	88	83	85	76	83	87	88	82	71	79	75	86	88	85	78	50	80
Emre Can	31	186	86	R	B	DM	["DM","CBT"]	Borussia Dortmund	2026	Germany	79	80	88	84	88	72	84	71	81	83	83	85	76	78	80	87	79	73	80	85	90	82	83	88	50	82
Niklas Süle	29	195	99	R	B	CBT	["CBT","SB"]	Borussia Dortmund	2026	Germany	70	82	94	72	81	66	88	62	75	75	84	82	73	68	63	81	69	63	62	81	82	77	85	77	50	75
Julian Ryerson	27	183	82	R	B	SB	["SB"]	Borussia Dortmund	2028	Norway	74	79	82	85	77	81	81	80	81	79	81	79	78	79	71	77	69	62	65	71	78	81	81	86	50	76
Karim-David Adeyemi	23	180	77	L	B	WF	["WF","SM","CF"]	Borussia Dortmund	2027	Germany	81	38	78	83	96	96	81	92	84	90	79	79	75	77	78	79	78	71	72	76	91	83	81	76	50	76
Alexander Niklas Meyer-Schade	33	195	88	R	B	GK	["GK"]	Borussia Dortmund	2026	Germany	31	78	85	71	62	62	80	65	58	55	61	68	66	70	31	82	43	61	49	55	75	65	49	65	77	64
Marcel Laurenz Lotka	23	191	85	R	B	GK	["GK"]	Borussia Dortmund	2025	Poland	31	74	79	71	62	62	76	63	58	55	61	62	60	62	34	66	43	61	49	55	70	65	46	60	73	59
William Cole Campbell	18	175	68	L	B	WF	["WF","SM"]	Borussia Dortmund	2028	United States	66	34	73	71	90	83	66	84	74	82	71	67	67	66	70	68	64	61	62	61	66	73	66	63	50	64
Kjell-Arik Wätjen	18	184	72	R	B	CM	["CM","DM"]	Borussia Dortmund	2028	Germany	66	58	72	72	73	79	70	80	73	72	77	71	71	61	65	68	63	61	62	61	66	73	70	66	50	67
Filippo Calixte Mané	19	188	77	R	B	CBT	["CBT"]	Borussia Dortmund	2025	Italy	50	68	74	71	74	71	69	70	65	68	67	65	59	47	61	68	59	61	62	68	74	66	53	68	50	62
Almugera Raouf Mohammed Kabar	18	181	74	L	B	SB	["SB","SM","WB"]	Borussia Dortmund	2025	Germany	65	60	77	71	85	79	67	79	69	76	71	68	71	66	61	68	60	61	65	64	78	68	67	71	50	67
Jamie Jermaine Bynoe-Gittens	20	179	77	R	B	WF	["WF","SM"]	Borussia Dortmund	2028	England	76	34	76	76	90	95	78	93	84	89	74	74	67	73	78	75	70	61	75	61	69	82	78	67	50	69
Tyler Meiser	17	189	79	R	B	CBT	["CBT"]	Borussia Dortmund	2026	Germany	48	67	71	71	68	66	66	66	65	65	64	63	58	51	61	68	59	61	62	70	71	65	51	68	50	62
Jonas Omlin	31	190	85	R	B	GK	["GK"]	Borussia Mönchengladbach	2027	Switzerland	31	81	82	71	62	62	85	68	58	56	62	68	66	68	39	79	43	62	49	56	81	66	53	72	82	68
Fabio Cristian Chiarodia	19	186	78	L	B	CBT	["CBT"]	Borussia Mönchengladbach	2027	Italy	50	72	73	71	72	69	71	71	65	67	68	65	63	60	61	68	58	61	62	70	74	65	53	68	50	67
Ko Itakura 板倉 滉	27	188	80	R	B	CBT	["CBT","DM"]	Borussia Mönchengladbach	2026	Japan	68	77	79	75	74	80	81	77	76	74	79	75	67	58	62	72	63	62	62	76	84	76	79	77	50	71
Marvin Friedrich	29	193	84	R	B	CBT	["CBT"]	Borussia Mönchengladbach	2026	Germany	52	79	82	71	73	66	78	62	65	67	72	68	66	58	61	68	59	61	62	82	77	66	58	73	50	76
Kevin Stöger	31	175	74	L	B	AM	["AM","CM"]	Borussia Mönchengladbach	2027	Austria	79	68	75	78	66	68	83	75	81	68	85	82	83	79	76	78	77	83	83	62	66	83	83	70	50	75
Julian Weigl	29	186	77	R	B	DM	["DM","CM"]	Borussia Mönchengladbach	2028	Germany	77	75	73	83	66	70	82	74	80	68	87	80	78	69	73	73	70	62	77	73	75	81	82	82	50	78
Franck Honorat	28	180	70	R	B	WF	["WF","SM"]	Borussia Mönchengladbach	2028	France	78	56	72	86	83	83	78	82	82	82	79	84	84	90	79	90	80	69	83	68	73	82	78	77	50	75
Florian Christian Neuhaus	27	185	77	R	B	CM	["CM","AM"]	Borussia Mönchengladbach	2027	Germany	76	69	76	79	74	69	79	75	81	76	81	79	78	76	77	79	76	68	79	66	71	82	79	78	50	77
Tim Kleindienst	29	194	85	L	B	CF	["CF"]	Borussia Mönchengladbach	2028	Germany	83	44	88	91	77	66	81	62	77	75	68	74	62	70	83	83	82	62	62	87	90	81	81	88	50	79
Shio Fukuda 福田 師王	20	178	70	R	B	CF	["CF"]	Borussia Mönchengladbach	2026	Japan	68	31	70	71	74	74	71	77	70	72	66	65	58	56	71	68	65	61	62	71	69	68	71	63	50	65
Alassane Alexandre Pléa	31	181	82	R	B	CF	["CF","AM","SM","SS","WF"]	Borussia Mönchengladbach	2025	France	82	41	79	76	66	79	82	81	83	73	83	82	82	82	81	82	82	78	85	78	85	83	82	75	50	80
Philipp Sander	26	185	77	R	B	CM	["CM","DM"]	Borussia Mönchengladbach	2028	Germany	73	70	75	81	78	76	77	77	79	78	80	75	75	71	66	70	68	61	68	73	78	80	77	74	50	72
Nathan Ngoumou Minpole	24	183	74	R	B	WF	["WF","SM"]	Borussia Mönchengladbach	2027	France	75	45	72	78	90	85	75	79	77	84	73	76	68	73	74	80	73	61	68	61	74	77	75	68	50	69
Luca Netz	21	184	83	L	B	SB	["SB","SM","WB"]	Borussia Mönchengladbach	2026	Germany	73	73	72	74	80	79	76	79	77	79	78	71	76	73	61	68	64	74	62	68	77	77	75	74	50	72
Tobias Sippel	36	183	80	R	B	GK	["GK"]	Borussia Mönchengladbach	2025	Germany	31	73	76	71	62	62	73	64	58	55	61	67	65	67	34	78	43	61	49	55	71	65	51	65	73	62
Stefan Lainer	32	175	73	R	B	SB	["SB","SM","WB"]	Borussia Mönchengladbach	2026	Austria	76	75	79	80	72	78	78	78	71	70	73	74	75	75	68	75	70	61	70	71	80	72	77	81	50	76
Robin Hack	26	178	72	R	B	WF	["WF","SM","CF"]	Borussia Mönchengladbach	2029	Germany	77	41	77	83	79	86	77	88	81	80	78	78	73	76	81	79	77	78	73	61	72	81	77	71	50	71
Lukas Ullrich	20	180	73	L	B	SB	["SB"]	Borussia Mönchengladbach	2027	Germany	68	63	72	72	71	73	68	74	73	71	70	67	67	65	61	68	62	61	63	62	68	73	68	68	50	64
Rocco Reitz	22	176	72	R	B	CM	["CM","DM"]	Borussia Mönchengladbach	2028	Germany	77	74	74	82	79	74	77	79	80	79	81	78	76	73	77	74	72	63	70	73	71	80	77	82	50	78
Grant-Leon Ranos	21	180	73	R	B	CF	["CF"]	Borussia Mönchengladbach	2027	Armenia	70	35	70	71	66	70	66	73	72	68	66	66	59	63	73	69	69	63	74	65	70	72	66	63	50	65
Joseph Michael Scally	22	184	80	R	B	SB	["SB","CBT"]	Borussia Mönchengladbach	2027	United States	72	72	77	78	74	82	76	81	76	75	75	70	72	69	61	68	63	61	66	71	82	75	76	77	50	71
Nico Elvedi	28	189	84	R	B	CBT	["CBT"]	Borussia Mönchengladbach	2027	Switzerland	64	81	82	73	80	73	81	71	73	74	77	71	71	66	62	68	62	62	62	80	85	75	68	74	50	76
Tomáš Čvančara	24	190	86	R	B	CF	["CF"]	Borussia Mönchengladbach	2028	Czechia	80	32	85	74	82	78	79	75	77	79	75	75	72	74	78	76	75	68	68	80	85	78	79	76	50	76
Moritz Nicolas	27	193	89	R	B	GK	["GK"]	Borussia Mönchengladbach	2029	Germany	31	78	82	71	62	62	81	67	58	55	61	66	64	66	32	74	43	61	49	55	76	65	43	59	79	61
Yvandro Borges Sanches	20	175	68	R	B	WF	["WF","SM"]	Borussia Mönchengladbach	2026	Luxembourg	66	58	74	71	81	79	63	77	69	76	73	69	72	66	66	68	62	71	68	64	66	65	63	73	50	69
Jan Jakob Olschowsky	23	184	83	R	B	GK	["GK"]	Borussia Mönchengladbach	2027	Germany	31	76	76	71	62	62	75	64	58	55	61	66	64	66	30	75	43	61	49	55	72	65	40	57	76	61
Kevin Christian Trapp	34	189	84	R	B	GK	["GK"]	Eintracht Frankfurt	2026	Germany	31	84	84	72	62	62	87	69	59	55	63	68	67	68	36	79	43	63	49	56	81	66	55	79	85	73
Arthur Nicolas Theate	24	185	78	L	B	CBT	["CBT","SB"]	Eintracht Frankfurt	2025	Belgium	67	78	86	77	79	70	82	68	70	71	73	73	66	68	61	74	64	61	62	78	85	73	78	80	50	70
Robin Leon Koch	28	192	85	R	B	CBT	["CBT"]	Eintracht Frankfurt	2027	Germany	65	84	82	76	77	66	83	66	74	71	81	73	68	56	62	68	64	62	62	83	83	78	71	79	50	83
Aurèle Florian Amenda	21	194	90	R	B	CBT	["CBT"]	Eintracht Frankfurt	2029	Switzerland	54	75	91	76	76	75	73	66	65	69	73	69	65	55	61	68	59	61	62	68	85	66	59	78	50	76
Oscar Winther Højlund	20	184	76	R	B	CM	["CM","DM"]	Eintracht Frankfurt	2029	Denmark	72	64	74	75	76	79	72	81	71	72	72	68	67	61	66	68	63	61	62	66	76	71	72	74	50	72
Omar Khaled Mohamed Marmoush	25	183	81	R	B	CF	["CF","WF","SM"]	Eintracht Frankfurt	2027	Egypt	85	37	79	81	92	88	83	90	87	90	84	84	72	76	86	85	83	87	80	75	83	87	83	80	50	83
Farès Chaïbi فارس شايبي	22	183	79	R	B	AM	["AM","WF","SM","CF","SS"]	Eintracht Frankfurt	2028	Algeria	79	70	75	83	79	78	80	77	81	80	81	78	80	77	78	74	70	74	80	72	80	81	80	78	50	78
Igor Matanović	21	194	90	R	B	CF	["CF"]	Eintracht Frankfurt	2029	Croatia	76	40	83	83	69	68	75	64	77	72	74	75	60	61	78	77	69	61	62	78	84	77	75	77	50	71
Hugo Ekitiké	22	189	70	R	B	CF	["CF"]	Eintracht Frankfurt	2029	France	82	35	74	73	90	85	81	82	84	87	78	79	64	69	82	80	78	61	66	78	85	84	81	72	50	76
Rasmus Nissen Kristensen	27	187	70	R	B	SB	["SB","CBT"]	Eintracht Frankfurt	2025	Denmark	77	75	78	85	78	68	79	68	77	77	74	76	75	78	68	79	71	66	69	78	81	77	79	82	50	76
Ellyes Joris Skhiri إلياس صخيري	29	185	74	R	B	DM	["DM","CM"]	Eintracht Frankfurt	2027	Tunisia	82	80	73	91	66	70	88	74	81	71	83	80	80	75	81	79	74	66	76	81	79	81	86	87	50	80
Hugo Emanuel Larsson	20	187	74	R	B	CM	["CM","DM"]	Eintracht Frankfurt	2029	Sweden	77	69	74	85	77	76	81	78	79	77	82	79	68	64	74	75	74	61	69	66	74	81	81	82	50	77
Mahmoud Dahoud محمود داوود	29	178	68	R	B	CM	["CM","DM"]	Eintracht Frankfurt	2026	Germany	75	70	76	81	66	79	80	83	84	72	83	83	77	77	69	83	77	64	80	62	66	84	79	81	50	78
Jean-Mattéo Bahoya Négoce	19	180	76	R	B	WF	["WF","SM","AM"]	Eintracht Frankfurt	2029	France	72	48	71	71	90	81	72	82	76	82	71	69	64	65	73	69	67	62	64	61	68	76	72	63	50	68
Can Yılmaz Uzun	19	186	70	R	B	AM	["AM","CF","CM","SS"]	Eintracht Frankfurt	2029	Türkiye	76	31	75	79	70	79	76	81	79	75	76	75	67	68	78	76	74	68	79	63	74	79	76	68	50	71
Nathaniel Brown	21	180	60	L	B	SB	["SB","CM"]	Eintracht Frankfurt	2029	Germany	67	64	74	84	90	85	71	85	74	82	71	67	67	68	61	68	62	63	70	61	66	73	71	73	50	63
Timothy Chandler	34	187	84	R	B	SB	["SB","SM","WB"]	Eintracht Frankfurt	2025	United States	76	73	82	74	66	66	78	63	76	65	78	79	80	81	72	81	74	61	74	83	85	76	78	78	50	76
Krisztián Lisztes	19	183	72	R	B	AM	["AM","CF","SS"]	Eintracht Frankfurt	2029	Hungary	76	48	67	72	75	79	74	78	76	76	71	71	71	68	76	74	70	62	62	66	74	76	74	74	50	75
Éric Junior Dina Ebimbe	24	184	80	R	B	SM	["SM","CM","SB","WB"]	Eintracht Frankfurt	2027	France	74	73	80	84	88	86	80	83	80	83	81	78	75	74	73	75	67	61	65	68	84	81	80	82	50	76
Mario Götze	32	176	72	R	B	AM	["AM","CM","SM"]	Eintracht Frankfurt	2026	Germany	85	61	79	87	66	73	85	77	87	71	88	83	84	80	79	79	82	78	84	63	68	89	85	78	50	81
Niels Patrick Nkounkou	24	180	77	L	B	SB	["SB","SM","WB"]	Eintracht Frankfurt	2028	France	72	70	78	83	80	82	75	80	79	80	78	72	78	72	61	68	64	61	75	65	79	78	75	77	50	72
Jens Grahl	36	192	88	R	B	GK	["GK"]	Eintracht Frankfurt	2026	Germany	31	73	81	71	62	62	74	63	58	55	61	62	61	62	34	66	43	61	49	55	73	65	47	67	72	61
Pharrell Nnamdi Collins	21	191	84	R	B	CBT	["CBT"]	Eintracht Frankfurt	2028	Germany	51	70	81	71	87	83	68	76	65	74	69	66	61	59	61	68	60	61	62	70	85	68	54	69	50	67
Lucas Silva Melo	25	185	81	R	B	CBT	["CBT"]	Eintracht Frankfurt	2026	Brazil	63	82	82	76	77	73	82	73	79	76	81	73	74	65	62	68	65	62	62	79	85	81	68	78	50	81
Ansgar Knauff	23	180	73	R	B	WF	["WF","SM","AM"]	Eintracht Frankfurt	2028	Germany	78	60	73	85	94	90	78	86	80	86	81	77	71	76	78	75	72	62	74	62	72	80	78	80	50	77
Kauã Morais Vieira dos Santos	21	196	84	R	B	GK	["GK"]	Eintracht Frankfurt	2030	Brazil	31	72	78	71	62	62	75	63	58	55	61	64	62	64	29	68	43	61	49	55	70	65	45	60	73	60
Jérôme Junior Onguéné	27	186	78	R	B	CBT	["CBT"]	Eintracht Frankfurt	2027	Cameroon	50	71	79	71	76	69	73	71	65	69	72	69	62	55	61	68	60	61	62	76	80	67	52	71	50	69
Nils Ramming	17	194	80	R	B	GK	["GK"]	Eintracht Frankfurt	2025	Sweden	31	68	76	71	62	62	68	60	58	55	61	64	62	64	31	68	43	61	49	55	66	65	43	54	68	57
Fenyő Noah Gabriel	18	182	73	R	B	DM	["DM","CM","CBT"]	Eintracht Frankfurt	2029	Hungary	67	59	68	71	73	69	66	67	70	70	74	73	65	62	64	73	64	63	65	64	67	71	66	68	50	67
Finn Gilbert Dahmen	26	188	80	R	B	GK	["GK"]	FC Augsburg	2026	Germany	31	77	77	71	62	62	81	68	58	55	61	67	65	68	31	79	43	61	49	55	74	65	49	63	75	67
Robert Gumny	26	182	71	R	B	SB	["SB","CBT"]	FC Augsburg	2025	Poland	72	69	75	81	79	80	76	80	74	75	74	69	67	66	61	68	63	61	62	63	75	76	74	72	50	67
Mads Pedersen	28	174	72	L	B	SB	["SB","SM","WB"]	FC Augsburg	2027	Denmark	76	71	74	78	82	87	76	86	77	79	76	73	72	72	61	71	64	61	62	61	72	76	76	81	50	78
Reece Joel Oxford	26	193	86	R	B	CBT	["CBT"]	FC Augsburg	2025	England	54	79	83	71	66	66	78	67	69	63	73	68	62	53	61	68	61	61	62	78	83	70	60	73	50	75
Chrislain Iris Aurel Matsima	22	193	80	R	B	CBT	["CBT"]	FC Augsburg	2025	France	56	75	84	71	85	68	75	62	66	73	71	68	60	51	61	68	60	61	62	79	85	68	61	72	50	75
Jeffrey Gouweleeuw	33	188	83	R	B	CBT	["CBT"]	FC Augsburg	2025	Netherlands	68	82	80	71	73	70	83	70	71	69	75	74	74	71	62	76	69	65	62	78	77	73	73	75	50	80
Yusuf Karhan Kabadayı	20	186	75	R	B	SM	["SM","CM"]	FC Augsburg	2028	Germany	69	31	70	76	90	86	71	85	76	83	68	69	62	67	72	72	66	61	68	62	74	74	71	67	50	65
Elvis Rexhbeçaj	27	182	78	L	B	CM	["CM","DM"]	FC Augsburg	2026	Kosovo	77	71	74	82	66	68	78	72	78	70	81	83	76	79	68	85	71	62	62	67	73	78	78	84	50	80
Arne Maier	26	187	84	R	B	CM	["CM","SM","DM"]	FC Augsburg	2025	Germany	79	73	80	83	66	71	81	72	80	71	82	80	78	77	68	79	70	63	62	61	73	81	81	76	50	76
Marius Wolf	29	188	81	R	B	SB	["SB","SM","WB"]	FC Augsburg	2027	Germany	80	72	79	83	81	79	80	75	79	80	78	77	76	79	78	79	74	76	74	67	79	78	80	83	50	80
Dimitris Giannoulis	29	175	71	L	B	SB	["SB"]	FC Augsburg	2028	Greece	73	69	71	78	86	82	77	81	76	81	73	72	69	72	61	73	63	61	74	68	75	76	77	75	50	71
Masaya Okugawa 奥川 雅也	28	177	68	L	B	WF	["WF","SM","AM"]	FC Augsburg	2026	Japan	76	51	75	76	79	81	76	83	77	78	76	70	72	66	72	68	74	68	68	68	66	77	76	67	50	70
Steve Michel Mounié	30	190	83	R	B	CF	["CF"]	FC Augsburg	2027	Benin	81	47	88	73	76	66	78	65	79	76	76	78	69	74	81	81	76	66	62	88	89	81	78	78	50	79
Rubén Estephan Vargas Martínez	26	177	70	R	B	WF	["WF","SM","AM"]	FC Augsburg	2025	Switzerland	78	61	79	83	81	88	78	90	81	81	78	76	73	74	75	76	76	70	65	73	81	81	78	72	50	71
Kristijan Jakić	27	181	75	R	B	DM	["DM","CM","CBT"]	FC Augsburg	2028	Croatia	69	76	79	81	66	79	77	75	74	68	77	79	69	71	63	82	72	61	62	75	84	76	76	85	50	75
Tim Breithaupt	22	186	70	R	B	DM	["DM","CM"]	FC Augsburg	2028	Germany	65	74	75	77	66	66	73	65	69	60	78	71	66	55	61	68	64	61	62	68	69	71	71	72	50	68
Ogochukwu Frank Onyeka	27	183	70	R	B	CM	["CM","DM"]	FC Augsburg	2025	Nigeria	76	73	78	80	87	73	80	77	77	81	78	76	71	68	71	74	67	61	66	71	78	78	78	81	50	78
Alexis Claude-Maurice	26	175	62	R	B	CM	["CM","WF","SM"]	FC Augsburg	2027	France	77	71	75	74	81	77	76	83	83	82	80	79	73	74	75	79	75	75	83	68	74	83	76	74	50	77
Phillip Tietz	27	190	86	R	B	CF	["CF"]	FC Augsburg	2027	Germany	81	39	86	81	71	69	79	69	75	71	73	76	60	64	80	81	76	66	62	78	85	78	79	77	50	75
Nediljko Labrović	25	196	91	R	B	GK	["GK"]	FC Augsburg	2029	Croatia	31	78	85	71	62	62	80	65	58	55	61	64	62	64	32	68	43	61	49	55	76	65	47	65	76	64
Maximilian Bauer	24	189	84	R	B	CBT	["CBT"]	FC Augsburg	2027	Germany	53	81	82	71	66	66	78	62	65	61	72	68	62	51	61	68	59	61	62	76	80	66	56	74	50	70
Hans Fredrik Jensen	27	183	78	R	B	AM	["AM","SM","CM"]	FC Augsburg	2025	Finland	79	59	78	81	73	73	79	74	79	76	81	79	75	76	74	79	75	61	67	66	75	78	79	76	50	76
Daniel Klein	23	191	84	R	B	GK	["GK"]	FC Augsburg	2025	Germany	31	69	74	71	62	62	71	60	58	55	61	62	60	62	31	66	43	61	49	55	66	65	43	56	69	59
Samuel Emmanuel Essende Mbongu	26	192	87	R	B	CF	["CF"]	FC Augsburg	2028	Congo DR	78	33	90	84	78	77	73	72	76	76	70	71	58	59	81	74	70	61	62	78	90	76	73	78	50	72
Keven Schlotterbeck	27	189	86	L	B	CBT	["CBT"]	FC Augsburg	2027	Germany	53	82	86	71	70	66	78	63	65	66	75	70	65	49	61	68	60	61	62	82	86	67	58	71	50	74
Mert Kömür	19	183	77	R	B	AM	["AM","CM"]	FC Augsburg	2027	Germany	67	48	71	71	72	68	68	72	76	74	71	71	65	65	68	74	66	63	68	61	66	75	68	64	50	65
Noahkai Dominic Banks	18	193	80	R	B	CBT	["CBT"]	FC Augsburg	2027	United States	50	69	76	71	68	66	68	65	65	65	66	64	60	54	61	68	56	61	62	68	74	65	54	68	50	65
Mahmut Kücüksahin	20	177	70	R	B	DM	["DM","CM"]	FC Augsburg	2027	Türkiye	63	60	71	71	66	68	67	70	66	62	70	67	63	55	61	68	59	61	62	62	66	66	67	68	50	65
Henri Koudossou	25	180	76	R	B	SM	["SM","SB","WB"]	FC Augsburg	2025	Germany	70	55	68	71	70	66	71	62	69	69	73	69	70	69	61	68	60	61	62	61	66	67	71	72	50	71
Manuel Peter Neuer	38	193	93	R	B	GK	["GK"]	FC Bayern München	2025	Germany	31	88	88	73	62	62	87	71	60	55	71	77	76	75	37	91	46	63	49	57	83	67	55	81	86	80
Dayotchanculle Oswald Upamecano	26	186	90	R	B	CBT	["CBT"]	FC Bayern München	2026	France	64	85	89	82	86	79	86	75	79	81	83	75	72	62	63	69	64	63	62	85	87	81	70	86	50	85
Min-jae Kim 김민재 金敏在	28	190	81	R	B	CBT	["CBT"]	FC Bayern München	2028	Korea Republic	64	88	88	81	81	78	88	74	72	72	81	72	66	53	63	68	62	63	62	85	86	76	70	84	50	81
Joshua Walter Kimmich	29	177	75	R	B	SB	["SB","DM","CM"]	FC Bayern München	2025	Germany	86	81	79	90	68	80	90	83	87	76	90	85	93	87	76	81	82	84	87	79	82	88	90	90	50	87
Serge David Gnabry	29	176	77	R	B	WF	["WF","SM","CF"]	FC Bayern München	2026	Germany	86	51	82	74	80	86	85	87	87	84	86	87	81	84	87	88	84	71	78	63	73	85	85	71	50	80
Leon Christoph Goretzka	29	189	82	R	B	CM	["CM","DM"]	FC Bayern München	2026	Germany	85	77	89	82	73	77	87	77	85	79	86	85	83	82	83	85	80	77	79	88	87	84	87	84	50	84
Harry Edward Kane	31	188	86	R	B	CF	["CF"]	FC Bayern München	2027	England	95	52	88	82	71	69	95	70	89	78	90	91	88	89	96	95	90	78	85	93	89	90	95	84	50	90
Leroy Aziz Sané	29	183	80	L	B	WF	["WF","SM"]	FC Bayern München	2025	Germany	86	43	78	83	92	90	87	90	89	90	86	87	82	86	87	89	86	85	85	73	76	88	87	79	50	82
Kingsley Junior Coman	28	181	75	R	B	WF	["WF","SM"]	FC Bayern München	2027	France	85	38	79	76	89	93	87	93	89	89	84	84	82	84	80	85	82	77	85	71	82	89	87	67	50	77
Eric Jeremy Edgar Dier	31	191	91	R	B	CBT	["CBT"]	FC Bayern München	2025	England	62	85	91	71	75	66	81	62	73	73	78	80	76	75	63	84	68	74	71	85	84	73	66	78	50	82
João Maria Lobo Alves Palhinha Gonçalves	29	190	83	R	B	DM	["DM","CM"]	FC Bayern München	2028	Portugal	79	83	91	89	66	66	88	62	83	69	83	83	77	75	74	84	72	63	71	85	86	84	83	91	50	83
Michael Akpovie Olise	23	184	73	L	B	WF	["WF","SM","AM"]	FC Bayern München	2029	France	83	59	76	79	79	85	83	88	87	84	86	83	84	82	85	80	79	83	84	63	66	86	83	77	50	82
Daniel Peretz	24	190	89	R	B	GK	["GK"]	FC Bayern München	2028	Israel	31	74	78	71	62	62	78	65	58	55	61	66	63	66	31	74	43	61	49	55	74	65	47	62	78	63
Alphonso Boyle Davies	24	185	77	L	B	SB	["SB","SM","WB"]	FC Bayern München	2025	Canada	84	72	82	84	96	96	87	92	87	91	85	81	82	82	73	78	73	63	76	76	94	87	87	81	50	81
Arijon Ibrahimović	19	176	69	R	B	WF	["WF","SM","AM"]	FC Bayern München	2027	Germany	67	31	72	71	66	69	63	72	74	67	68	68	62	66	68	70	70	65	69	66	66	74	63	64	50	66
Hiroki Ito 伊藤 洋輝	25	188	84	L	B	CBT	["CBT","SB"]	FC Bayern München	2028	Japan	73	81	81	76	79	81	85	76	78	76	81	81	79	77	62	81	69	62	62	79	88	81	85	77	50	72
Raphaël Adelino José Guerreiro	31	170	71	L	B	SB	["SB","CM"]	FC Bayern München	2026	Portugal	85	79	79	83	66	81	90	86	90	74	90	86	85	85	83	82	86	85	87	63	66	90	90	71	50	78
Sacha Boey	24	178	76	R	B	SB	["SB"]	FC Bayern München	2028	France	77	80	82	85	83	87	83	87	79	81	78	76	73	72	61	74	70	61	66	68	84	80	82	85	50	76
Thomas Müller	35	185	76	R	B	AM	["AM","CF","SS"]	FC Bayern München	2025	Germany	92	56	72	82	66	66	92	69	84	74	87	84	85	84	87	81	84	69	84	83	77	85	92	77	50	84
Sven Ulreich	36	192	87	R	B	GK	["GK"]	FC Bayern München	2025	Germany	31	78	79	71	62	62	82	66	58	55	61	64	62	64	34	68	43	61	49	55	74	65	49	68	77	65
Konrad Laimer	27	180	72	R	B	DM	["DM","CM","SB"]	FC Bayern München	2027	Austria	82	83	78	85	82	85	89	82	82	80	85	81	83	79	76	78	73	63	74	75	83	83	87	88	50	84
Tarek Buchmann	19	188	86	R	B	CBT	["CBT"]	FC Bayern München	2026	Germany	48	70	79	71	66	66	66	62	65	63	61	62	58	49	61	68	55	61	62	65	72	65	50	66	50	65
Nestory Irankunda	18	175	74	R	B	WF	["WF","SM"]	FC Bayern München	2028	Australia	69	45	88	71	95	96	74	94	72	84	67	77	68	79	73	90	68	76	70	67	88	71	74	75	50	73
Max Joseph Schmitt	19	189	76	R	B	GK	["GK"]	FC Bayern München	2029	Germany	31	68	74	71	62	62	71	59	58	55	61	63	62	63	31	67	43	61	49	55	65	65	37	50	68	57
Mathys Henri Tel	19	183	77	R	B	CF	["CF","SM","WF"]	FC Bayern München	2029	France	77	34	76	73	89	87	71	85	81	85	74	81	67	76	83	90	80	66	73	76	83	81	71	67	50	73
Jamal Musiala	21	184	72	R	B	AM	["AM","SM","CM"]	FC Bayern München	2026	Germany	89	66	80	83	85	88	90	91	91	90	88	85	80	77	88	83	82	70	79	68	76	88	90	77	50	82
Josip Stanišić	24	187	77	R	B	SB	["SB","CBT"]	FC Bayern München	2026	Croatia	69	78	79	76	80	73	81	72	76	76	78	72	73	69	61	68	64	61	72	80	85	78	80	78	50	70
Aleksandar Pavlović	20	188	75	R	B	DM	["DM","CM"]	FC Bayern München	2029	Germany	67	73	71	79	70	78	77	76	81	75	84	77	80	72	71	69	69	73	74	73	77	81	77	72	50	69
Adam Aznou Ben Cheikh آدم أزنو	18	178	70	L	B	SB	["SB","SM","WB"]	FC Bayern München	2027	Morocco	68	60	70	71	71	72	68	74	76	73	69	66	67	67	61	68	63	61	62	61	66	76	68	66	50	67
Frederik Riis Rønnow	32	188	81	R	B	GK	["GK"]	FC Union Berlin	2028	Denmark	31	83	81	71	62	62	85	68	58	55	62	66	64	66	33	74	43	62	49	56	79	66	53	65	83	68
Kevin Vogt	33	194	87	R	B	CBT	["CBT"]	FC Union Berlin	2027	Germany	66	81	85	74	79	66	82	63	75	75	81	80	77	74	62	79	63	71	62	79	77	77	71	75	50	79
Diogo Filipe Monteiro Pinto Leite	25	188	83	L	B	CBT	["CBT"]	FC Union Berlin	2027	Portugal	53	81	81	79	66	66	81	67	71	63	76	70	66	52	61	68	62	61	62	81	83	74	60	78	50	75
Danilho Raimundo Doekhi	26	190	86	R	B	CBT	["CBT"]	FC Union Berlin	2027	Netherlands	62	82	88	74	66	66	80	68	72	65	76	71	66	60	61	68	63	61	62	85	88	75	68	77	50	79
Yorbe Vertessen	24	176	71	R	B	CF	["CF","WF","SM","AM","SS"]	FC Union Berlin	2028	Belgium	77	47	76	76	86	95	77	87	79	82	76	80	71	78	78	85	72	68	73	73	81	78	77	73	50	73
Rani Khedira	30	189	86	R	B	DM	["DM","CM"]	FC Union Berlin	2025	Germany	68	81	85	77	66	66	82	63	71	62	75	69	65	57	62	68	63	62	62	80	82	75	80	82	50	74
Ivan Prtajin	28	189	89	R	B	CF	["CF"]	FC Union Berlin	2027	Croatia	76	34	85	76	69	70	73	66	72	69	68	71	61	60	78	76	68	61	62	78	86	73	73	73	50	74
Kevin Volland	32	179	85	L	B	CF	["CF","AM","SS"]	FC Union Berlin	2026	Germany	80	48	83	81	74	74	79	75	81	77	81	83	79	83	80	87	82	81	82	78	85	82	79	82	50	82
Woo-yeong Jeong 정우영	25	179	71	R	B	AM	["AM","CF","SS"]	FC Union Berlin	2025	Korea Republic	76	42	76	82	81	81	75	85	81	81	78	71	71	69	73	68	69	61	62	69	74	81	75	73	50	72
Carl Klaus	31	189	86	R	B	GK	["GK"]	FC Union Berlin	2028	Germany	31	73	76	71	62	62	76	62	58	55	61	65	63	65	31	71	43	61	49	55	70	65	40	60	74	61
András Schäfer	25	178	72	R	B	CM	["CM","DM"]	FC Union Berlin	2027	Hungary	78	69	74	90	78	77	81	80	79	77	81	78	73	72	66	75	71	63	62	61	68	81	81	83	50	76
Leopold Querfeld	21	190	83	R	B	CBT	["CBT"]	FC Union Berlin	2028	Austria	51	76	87	85	66	68	76	63	65	64	75	73	67	57	61	73	62	61	62	81	88	66	55	81	50	77
Tom Alexander Rothe	20	192	85	L	B	SB	["SB","SM","WB"]	FC Union Berlin	2029	Germany	72	70	82	79	75	71	77	67	76	74	75	70	77	73	61	68	64	61	79	76	81	78	77	76	50	72
Benedict Hollerbach	23	181	78	R	B	CF	["CF","AM","SM","SS","WF"]	FC Union Berlin	2028	Germany	80	34	78	83	84	89	80	86	79	82	76	78	69	74	78	81	72	61	62	68	82	79	80	80	50	76
Theoson-Jordan Siebatcheu	28	191	86	R	B	CF	["CF"]	FC Union Berlin	2029	United States	80	41	89	77	66	66	78	68	77	68	76	76	62	68	80	78	73	61	67	80	86	78	78	69	50	71
Josip Juranović	29	173	68	R	B	SB	["SB"]	FC Union Berlin	2027	Croatia	76	74	76	79	85	86	78	85	78	81	79	80	79	82	66	81	69	82	81	66	77	78	78	79	50	77
Janik Haberer	30	186	79	R	B	CM	["CM","DM"]	FC Union Berlin	2028	Germany	76	65	72	82	66	68	79	70	80	70	81	80	73	73	71	80	74	65	74	64	69	81	79	80	50	77
László Bénes	27	181	72	L	B	CM	["CM","AM"]	FC Union Berlin	2027	Slovakia	79	54	74	85	66	72	78	76	79	68	81	82	80	82	78	84	81	81	81	61	66	81	78	75	50	74
Tim Skarke	28	181	79	R	B	CF	["CF","SM","WF"]	FC Union Berlin	2029	Germany	77	52	78	81	86	88	77	85	79	82	73	79	70	80	78	87	76	61	69	63	78	78	77	72	50	69
Andrej Ilić Андреј Илић	24	189	86	R	B	CF	["CF"]	FC Union Berlin	2025	Serbia	73	35	84	76	78	74	71	67	69	71	68	69	58	58	73	73	64	61	62	77	87	71	71	76	50	71
Robert Faxe Skov	28	185	81	L	B	SM	["SM","SB","WB"]	FC Union Berlin	2029	Denmark	77	71	75	76	77	80	79	79	79	78	79	84	82	88	77	89	80	87	89	63	74	79	79	77	50	76
Jérôme Roussillon	32	175	80	L	B	SB	["SB","SM","WB"]	FC Union Berlin	2028	France	73	71	80	78	79	82	78	81	77	78	76	76	74	76	71	79	70	66	79	69	82	78	74	77	50	74
Christopher Trimmel	37	189	82	R	B	SB	["SB","SM","WB"]	FC Union Berlin	2025	Austria	75	75	85	78	78	68	80	65	76	76	78	77	82	83	70	79	70	75	80	78	84	77	77	81	50	77
Lucas Simon Pierre Tousart	27	185	83	R	B	DM	["DM","CM"]	FC Union Berlin	2029	France	70	76	85	85	79	66	81	65	77	77	80	78	72	70	62	77	66	62	62	80	82	76	76	85	50	74
Aljoscha Kemlein	20	185	78	R	B	CM	["CM","DM"]	FC Union Berlin	2029	Germany	70	68	74	75	66	71	76	72	75	66	78	73	69	64	68	68	66	61	62	69	74	77	76	72	50	71
Alexander Schwolow	32	190	84	R	B	GK	["GK"]	FC Union Berlin	2028	Germany	31	76	79	71	62	62	78	65	58	55	61	64	62	64	34	68	43	61	49	55	73	65	49	59	73	63
Yannic Stein	20	190	90	R	B	GK	["GK"]	FC Union Berlin	2029	Germany	31	69	74	71	62	62	70	60	58	55	61	62	60	62	30	66	43	61	49	55	66	65	38	58	69	58
Oluwaseun God Power Osaro Ogbemudia	18	185	80	R	B	CBT	["CBT"]	FC Union Berlin	2029	Germany	49	67	71	71	70	68	68	65	65	66	61	62	58	53	61	68	55	61	62	68	73	65	52	68	50	64
David Preu	20	172	64	R	B	WF	["WF","SM","CF"]	FC Union Berlin	2029	Germany	60	38	71	71	73	74	63	76	70	71	63	63	61	62	62	68	61	61	62	61	66	69	58	63	50	63
Lasse Finn Rieß	23	192	88	R	B	GK	["GK"]	FSV Mainz 05	2027	Germany	31	71	77	71	62	62	71	61	58	55	61	63	61	63	32	66	43	61	49	55	68	65	44	61	70	60
Phillipp Mwene	30	172	68	R	B	SB	["SB","SM","WB"]	FSV Mainz 05	2026	Austria	75	71	79	85	81	85	78	85	78	80	78	72	75	73	63	68	66	61	69	61	72	78	78	76	50	71
Moritz Jenz	25	190	86	R	B	CBT	["CBT"]	FSV Mainz 05	2025	Germany	52	79	87	72	67	71	78	65	65	64	74	69	63	53	61	68	60	61	62	76	79	68	57	79	50	80
Aymen Barkok أيمن بركوك	26	189	82	R	B	AM	["AM","CF","CM","SS"]	FSV Mainz 05	2025	Morocco	74	57	73	73	69	76	73	77	81	75	76	77	72	74	72	79	72	68	70	68	77	81	73	71	50	72
Maxim Leitsch	26	189	83	L	B	CBT	["CBT"]	FSV Mainz 05	2026	Germany	59	79	76	71	79	80	78	72	65	71	75	70	68	64	61	68	59	61	62	76	79	65	65	71	50	73
Kaishu Sano 佐野 海舟	24	176	67	R	B	CM	["CM","DM"]	FSV Mainz 05	2028	Japan	75	74	73	81	73	79	78	80	78	75	78	74	69	65	61	70	64	61	62	73	74	77	76	79	50	76
Jae-sung Lee 이재성 李在成	32	181	74	L	B	AM	["AM","CM"]	FSV Mainz 05	2026	Korea Republic	81	59	75	87	69	78	81	82	84	76	81	77	76	74	77	75	79	65	75	79	74	84	81	79	50	77
Paul Nebel	22	169	66	R	B	AM	["AM","CM","SM"]	FSV Mainz 05	2027	Germany	76	54	79	91	78	82	76	87	80	79	78	73	71	68	73	69	68	61	68	61	66	78	76	77	50	72
Karim Onisiwo	32	188	88	R	B	CF	["CF"]	FSV Mainz 05	2026	Austria	78	53	87	81	79	78	78	74	77	78	71	76	68	77	76	83	73	64	72	78	90	76	78	83	50	79
Armindo Sieb	21	175	75	R	B	CF	["CF","WF","SM"]	FSV Mainz 05	2026	Germany	77	37	78	83	83	86	76	87	80	82	72	73	60	65	78	76	74	61	62	66	79	80	76	73	50	70
Hyeon-seok Hong 홍현석	25	177	69	L	B	AM	["AM","CM"]	FSV Mainz 05	2028	Korea Republic	78	70	75	86	72	80	78	83	79	75	81	77	76	76	78	74	77	72	72	61	66	79	78	81	50	77
Stefan Bell	33	192	88	R	B	CBT	["CBT"]	FSV Mainz 05	2025	Germany	53	80	87	71	66	66	78	62	65	60	68	68	65	60	61	69	57	61	62	82	74	65	59	73	50	79
Gabriel Vidović	21	180	76	R	B	WF	["WF","SM","CF"]	FSV Mainz 05	2025	Croatia	71	34	70	71	71	74	72	75	80	74	74	72	61	65	74	71	74	66	75	61	66	82	72	64	50	67
Nadiem Amiri	28	180	75	R	B	CM	["CM","AM"]	FSV Mainz 05	2028	Germany	83	66	78	78	66	79	82	82	85	75	83	83	82	83	77	84	79	82	83	62	70	84	82	76	50	81
Anthony Caci	27	185	76	R	B	SB	["SB","CBT"]	FSV Mainz 05	2026	France	74	73	78	81	74	72	78	72	76	74	77	71	78	71	66	68	64	61	76	78	82	78	78	77	50	72
Danny Vieira da Costa	31	187	87	R	B	SB	["SB","SM","WB"]	FSV Mainz 05	2025	Germany	76	70	81	81	79	79	76	74	75	77	71	71	71	71	62	73	65	61	71	76	87	74	76	82	50	76
Nikolas Konrad Veratschnig	21	180	75	R	B	SB	["SB","SM","WB"]	FSV Mainz 05	2028	Austria	67	65	74	81	82	74	71	75	72	76	71	68	68	66	61	68	64	61	62	63	71	72	71	77	50	70
Andreas Schjølberg Hanche-Olsen	28	185	82	R	B	CBT	["CBT"]	FSV Mainz 05	2026	Norway	61	80	84	74	74	73	80	72	69	71	74	69	68	63	61	68	60	61	62	81	88	68	67	81	50	84
Robin Zentner	30	194	96	R	B	GK	["GK"]	FSV Mainz 05	2025	Germany	31	79	85	71	70	70	85	68	58	62	62	62	62	62	36	66	43	62	49	56	83	66	51	70	81	62
Jonathan Michael Burkardt	24	181	79	R	B	CF	["CF"]	FSV Mainz 05	2027	Germany	82	49	80	81	74	85	81	82	82	79	78	79	69	74	83	79	78	61	66	78	84	81	81	79	50	79
Silvan Dominic Widmer	31	183	80	R	B	SB	["SB","SM","WB"]	FSV Mainz 05	2026	Switzerland	77	73	80	88	74	79	80	79	78	75	76	76	78	78	68	77	67	66	74	75	84	78	80	81	50	75
Dominik Kohr	30	183	80	R	B	CBT	["CBT","DM","CM"]	FSV Mainz 05	2026	Germany	69	75	80	81	85	80	81	76	76	79	76	77	65	65	68	80	69	62	62	76	85	77	79	87	50	77
Daniel Batz	34	191	90	R	B	GK	["GK"]	FSV Mainz 05	2025	Germany	31	76	78	71	62	62	78	64	58	55	61	65	63	65	34	72	43	61	49	55	72	65	48	66	76	62
Daniel Gleiber	19	178	72	L	B	CM	["CM","AM"]	FSV Mainz 05	2026	Germany	65	55	69	71	71	72	68	71	73	71	73	72	71	69	61	72	65	74	71	61	66	73	68	67	50	65
Nelson Felix Patrick Weiper	19	191	82	R	B	CF	["CF"]	FSV Mainz 05	2025	Germany	74	33	78	71	78	69	71	69	73	75	61	62	58	58	76	68	67	61	62	76	79	72	71	70	50	70
Maxim Bora Dal	18	189	85	L	B	CBT	["CBT"]	FSV Mainz 05	2027	Germany	49	67	73	71	68	68	67	65	65	65	61	62	58	55	61	68	56	61	62	67	71	65	52	66	50	60
Kevin Müller	33	190	94	R	B	GK	["GK"]	Heidenheim	2025	Germany	31	78	83	71	62	62	81	66	58	55	61	66	63	66	35	74	43	61	49	55	76	65	50	70	77	61
Marnon-Thomas Busch	30	182	79	R	B	SB	["SB"]	Heidenheim	2027	Germany	69	69	78	78	82	86	74	81	75	78	75	76	71	78	61	79	65	78	73	66	82	75	74	78	50	68
Jan Schöppner	25	190	78	R	B	DM	["DM","CM"]	Heidenheim	2025	Germany	69	77	80	85	66	68	80	65	72	66	76	73	71	68	66	71	66	61	62	83	86	75	74	83	50	74
Tim Siersleben	24	187	84	L	B	CBT	["CBT"]	Heidenheim	2026	Germany	52	78	80	71	66	66	78	64	65	60	69	66	60	59	61	68	60	61	62	76	85	67	56	73	50	73
Benedikt Steffen Gimber	27	187	84	L	B	CBT	["CBT","DM"]	Heidenheim	2028	Germany	66	75	81	76	69	70	78	70	65	65	75	71	66	61	61	68	61	61	62	76	80	68	76	80	50	72
Patrick Mainka	30	193	88	R	B	CBT	["CBT"]	Heidenheim	2027	Germany	55	82	86	82	70	66	82	62	65	66	71	69	62	59	61	69	60	61	62	82	75	67	61	81	50	79
Leonardo Weschenfelder Scienza	26	173	69	R	B	WF	["WF","SM","CF"]	Heidenheim	2027	Brazil	73	36	76	78	80	85	74	87	80	81	76	74	71	72	74	74	72	73	79	66	70	78	74	68	50	70
Stefan Schimmer	30	184	86	R	B	CF	["CF"]	Heidenheim	2026	Germany	75	37	80	72	69	69	72	70	71	67	69	71	58	62	76	74	70	61	63	75	80	73	72	73	50	69
Paul Wanner	19	185	75	L	B	AM	["AM","SM","WF"]	Heidenheim	2025	Germany	73	49	73	78	68	79	76	79	79	73	78	73	72	66	67	68	66	72	66	62	66	79	76	70	50	71
Denis Thomalla	32	186	75	R	B	AM	["AM","CM"]	Heidenheim	2025	Germany	76	43	72	79	66	73	76	73	76	70	74	73	71	72	76	73	72	66	64	74	76	76	76	71	50	72
Maximilian Breunig	24	194	85	L	B	CF	["CF"]	Heidenheim	2027	Germany	72	31	81	71	73	68	71	68	74	72	71	72	60	62	77	75	71	61	62	75	80	74	71	64	50	65
Julian Niehues	23	195	88	R	B	DM	["DM","CM"]	Heidenheim	2027	Germany	66	68	86	77	67	66	74	63	73	69	72	68	65	60	64	68	64	61	62	74	80	73	74	76	50	70
Mathias Honsak	28	188	83	L	B	WF	["WF","SM","AM"]	Heidenheim	2027	Austria	73	51	75	73	84	90	67	83	77	79	72	72	69	72	71	74	67	61	62	61	79	77	67	72	50	73
Marvin Pieringer	25	191	82	R	B	CF	["CF"]	Heidenheim	2027	Germany	78	36	85	81	78	68	77	71	74	74	74	76	59	68	78	79	73	61	68	79	85	77	77	78	50	75
Jonas Föhrenbach	28	184	82	L	B	SB	["SB"]	Heidenheim	2027	Germany	66	72	78	86	90	71	76	69	71	79	72	68	70	71	61	68	61	61	62	73	79	71	71	80	50	67
Luca Kerber	22	183	82	R	B	CM	["CM","DM"]	Heidenheim	2027	Germany	73	71	78	88	76	74	74	76	74	74	77	73	70	66	68	69	63	61	65	70	75	75	74	81	50	74
Adrian Beck	27	185	81	R	B	CM	["CM","SM","AM"]	Heidenheim	2028	Germany	76	71	74	81	66	70	76	68	76	67	78	77	76	76	76	77	73	63	66	76	76	77	76	80	50	76
Vitus Eicher	34	191	86	L	B	GK	["GK"]	Heidenheim	2025	Germany	31	73	80	71	62	62	74	63	58	55	61	63	61	63	36	66	43	61	49	55	71	65	43	60	72	54
Omar Haktab Traorè	26	187	80	R	B	SB	["SB","SM","WB"]	Heidenheim	2026	Germany	73	72	74	82	79	88	74	81	76	77	71	68	70	71	61	68	65	61	67	65	79	76	72	81	50	74
Christopher Negele	19	172	69	R	B	AM	["AM"]	Heidenheim	2025	Germany	64	46	72	71	72	72	63	74	70	70	67	65	67	64	68	68	64	65	64	63	66	70	63	65	50	64
Thomas Leon Keller	25	186	82	R	B	CBT	["CBT","DM"]	Heidenheim	2025	Germany	65	68	80	71	66	70	71	68	65	62	71	68	63	59	61	68	60	72	62	73	80	68	71	72	50	67
Mikkel Kaufmann Sørensen	24	190	90	R	B	CF	["CF","SM","WF"]	Heidenheim	2028	Denmark	76	33	80	73	83	82	74	77	73	76	71	73	60	68	75	77	70	61	62	73	85	75	74	65	50	68
Norman Theuerkauf	37	183	80	L	B	DM	["DM","SB"]	Heidenheim	2025	Germany	68	73	81	78	66	66	76	68	70	61	73	75	73	76	61	78	66	73	63	76	78	73	73	78	50	70
Sirlord Calvin Conteh	28	179	78	R	B	CF	["CF","SM","WF"]	Heidenheim	2027	Germany	76	43	73	77	96	95	76	92	74	85	71	69	62	66	73	68	66	61	62	67	79	73	76	72	50	69
Lennard Patrick Maloney	25	187	88	R	B	DM	["DM","CM"]	Heidenheim	2025	United States	66	75	86	90	75	66	80	64	68	70	73	69	65	59	61	68	60	61	62	76	80	68	75	89	50	70
Paul Tschernuth	23	186	88	R	B	GK	["GK"]	Heidenheim	2025	Austria	31	68	73	71	62	62	68	60	58	55	61	63	61	63	31	66	43	61	49	55	66	65	35	51	69	52
Luka Janeš	21	183	75	R	B	DM	["DM"]	Heidenheim	2025	Germany	62	70	68	71	67	66	71	69	65	64	66	64	61	52	61	68	59	61	62	64	66	65	65	67	50	64
Niklas Bernd Dorsch	27	178	76	R	B	DM	["DM","CM"]	Heidenheim	2028	Germany	74	74	80	80	73	77	78	80	82	76	82	83	76	77	73	85	79	71	68	70	77	83	78	81	50	77
Frank Feller	21	183	76	R	B	GK	["GK"]	Heidenheim	2029	Germany	31	73	74	71	62	62	73	63	58	55	61	65	63	65	31	72	43	61	49	55	70	65	36	55	72	57
Timon Moritz Weiner	26	189	85	R	B	GK	["GK"]	Holstein Kiel	2027	Germany	31	77	78	71	62	62	77	65	58	56	61	65	63	65	38	71	43	61	49	55	76	65	46	65	76	64
Marco Komenda	28	182	78	L	B	CBT	["CBT","SB"]	Holstein Kiel	2026	Germany	63	69	79	72	71	75	75	73	68	68	71	67	66	62	61	68	61	61	62	71	80	70	67	74	50	66
Patrick Erras	30	196	90	R	B	CBT	["CBT","DM"]	Holstein Kiel	2026	Germany	65	71	89	73	66	66	76	62	65	60	78	71	68	58	61	68	61	61	62	76	75	70	73	72	50	68
Carl Johansson	30	189	87	R	B	CBT	["CBT"]	Holstein Kiel	2026	Sweden	50	74	80	71	66	66	73	64	65	61	69	66	61	51	61	68	59	61	62	76	77	65	54	75	50	71
Marko Ivezić Марко Ивезић	23	191	81	R	B	CBT	["CBT","DM"]	Holstein Kiel	2027	Serbia	64	70	79	72	83	68	74	64	67	72	74	69	66	59	61	68	61	61	62	73	79	71	69	72	50	65
Steven Skrzybski	32	174	72	R	B	CF	["CF","AM","SS"]	Holstein Kiel	2026	Germany	79	43	73	85	80	80	78	80	77	78	74	77	68	75	78	81	79	68	73	66	74	78	78	78	50	75
Finn-Dominik Porath	27	180	72	R	B	SM	["SM","CM"]	Holstein Kiel	2026	Germany	69	66	74	82	82	82	74	83	77	79	78	75	71	70	68	73	69	61	62	61	71	76	74	80	50	73
Benedikt Pichler	27	188	88	R	B	CF	["CF"]	Holstein Kiel	2027	Austria	74	38	83	79	82	76	69	71	73	76	72	72	71	72	76	74	68	64	65	77	87	74	69	68	50	69
Lewis Harry Holtby	34	176	76	L	B	CM	["CM","DM","AM"]	Holstein Kiel	2025	Germany	76	64	74	76	66	72	77	76	80	71	81	79	78	76	69	77	75	78	81	64	69	80	77	78	50	79
Alexander Bernhardsson	26	185	70	R	B	WF	["WF","SM","CF"]	Holstein Kiel	2027	Sweden	72	51	70	71	91	85	73	81	73	82	73	71	69	69	68	70	64	61	62	62	76	73	73	64	50	67
Max Geschwill	23	182	70	L	B	CBT	["CBT"]	Holstein Kiel	2028	Germany	53	75	75	72	78	71	73	72	69	71	71	67	61	59	61	68	61	61	62	73	78	71	57	71	50	68
Marvin Schulz	30	186	85	R	B	CBT	["CBT","DM","CM"]	Holstein Kiel	2025	Germany	69	70	77	74	75	66	73	68	74	74	74	72	69	67	68	71	70	68	62	72	76	74	73	73	50	69
Andu Yobel Kelati	22	179	69	R	B	WF	["WF","SM"]	Holstein Kiel	2028	Germany	63	41	67	71	76	75	63	74	74	75	70	67	68	65	68	68	63	61	65	61	66	74	57	63	50	67
Timo Becker	27	190	86	R	B	SB	["SB","CBT","SM","WB"]	Holstein Kiel	2025	Germany	66	72	82	81	85	77	74	68	74	79	76	70	70	66	61	68	62	61	62	75	84	73	72	78	50	66
Shuto Machino 町野 修斗	25	185	81	R	B	CF	["CF","AM","SS"]	Holstein Kiel	2027	Japan	75	34	79	78	80	74	73	74	77	79	76	74	62	65	76	73	70	71	69	73	86	76	73	74	50	73
Phil Harres	22	193	87	R	B	CF	["CF"]	Holstein Kiel	2028	Germany	68	35	86	71	77	76	63	71	68	70	66	71	58	61	73	79	63	61	62	71	85	71	61	68	50	67
Jann-Fiete Arp	25	186	83	R	B	CF	["CF","SM","WF"]	Holstein Kiel	2026	Germany	73	38	79	71	79	79	73	79	75	76	66	68	66	73	74	74	70	61	74	71	81	74	73	64	50	68
Thomas Dähne	31	193	93	R	B	GK	["GK"]	Holstein Kiel	2026	Germany	31	73	78	71	62	62	77	64	58	55	61	65	63	65	36	72	43	61	49	55	74	65	50	66	74	65
Nicolai Remberg	24	187	88	R	B	CM	["CM","DM"]	Holstein Kiel	2026	Germany	68	65	81	80	75	72	73	70	76	74	78	71	70	62	65	68	66	61	62	67	85	78	73	77	50	70
Lasse Rosenboom	23	190	80	R	B	SB	["SB","SM","WB"]	Holstein Kiel	2026	Germany	68	67	73	71	78	66	74	62	70	71	71	68	65	63	61	68	62	61	62	66	70	72	74	69	50	67
Magnus Nordengen Knudsen	23	186	75	R	B	CM	["CM","DM","SM"]	Holstein Kiel	2028	Norway	73	68	74	76	75	76	73	77	77	75	78	73	74	70	69	68	65	65	70	68	75	78	73	76	50	74
Tymoteusz Puchacz	25	180	81	L	B	SB	["SB","SM","WB"]	Holstein Kiel	2027	Poland	73	66	79	88	91	83	71	82	74	83	72	75	70	76	69	80	66	65	72	66	82	73	71	85	50	74
Aurel Badji Wagbe	20	191	88	L	B	WF	["WF","SM"]	Holstein Kiel	2026	Germany	60	53	76	71	81	78	63	75	69	75	67	65	61	62	61	68	60	61	62	62	75	68	58	67	50	65
Marcel Engelhardt	31	191	88	R	B	GK	["GK"]	Holstein Kiel	2025	Germany	31	73	81	71	62	62	73	63	58	55	61	63	62	63	35	67	43	61	49	55	74	65	46	56	72	58
Dominik Javorček	22	183	77	L	B	SB	["SB","CBT"]	Holstein Kiel	2026	Slovakia	63	63	73	72	74	73	71	70	67	68	68	66	64	65	61	68	60	61	62	65	72	68	66	71	50	64
Colin Noah Kleine-Bekel	21	191	87	R	B	CBT	["CBT"]	Holstein Kiel	2025	Germany	49	74	79	72	66	66	77	62	65	62	65	64	58	53	61	68	56	61	62	74	78	65	52	72	50	70
Armin Gigović	22	187	78	R	B	CM	["CM","DM"]	Holstein Kiel	2028	Bosnia and Herzegovina	72	59	74	79	75	74	73	77	78	77	78	71	68	61	63	68	66	61	65	63	71	78	73	74	50	73
Péter Gulácsi	34	191	86	R	B	GK	["GK"]	RB Leipzig	2026	Hungary	31	87	86	72	62	62	88	69	59	55	63	67	66	68	34	79	43	63	49	56	82	66	54	72	86	69
Lutsharel Geertruida	24	185	70	R	B	CBT	["CBT","SB"]	RB Leipzig	2029	Netherlands	77	79	83	81	77	80	82	79	81	78	81	73	78	68	73	68	65	62	62	83	90	82	81	80	50	76
Vilmos Tamás Orbán	32	186	87	R	B	CBT	["CBT"]	RB Leipzig	2027	Hungary	62	88	87	72	70	66	86	62	67	66	80	72	67	55	63	68	60	63	62	88	91	69	68	78	50	82
El Chadaille Bitshiabu	19	196	95	L	B	CBT	["CBT"]	RB Leipzig	2028	France	53	76	92	71	79	66	74	62	65	70	71	73	63	65	61	77	60	61	62	76	79	68	58	72	50	70
Eljif Elmas Елиф Елмас	25	184	78	R	B	AM	["AM","CM","WF","SM"]	RB Leipzig	2028	North Macedonia	81	67	71	75	74	80	82	83	85	79	83	82	78	77	76	82	75	65	69	68	76	85	82	76	50	79
Antonio Eromonsele Nordby Nusa	19	180	73	R	B	WF	["WF","SM"]	RB Leipzig	2029	Norway	72	48	77	71	89	93	73	93	83	86	74	74	72	74	71	76	73	67	76	61	74	83	73	67	50	71
Amadou Haïdara	26	175	72	R	B	CM	["CM","DM"]	RB Leipzig	2026	Mali	80	75	76	81	66	79	84	80	84	74	85	83	82	80	76	80	78	71	79	63	73	85	83	79	50	80
Yussuf Yurary Poulsen	30	192	84	R	B	CF	["CF"]	RB Leipzig	2026	Denmark	83	59	83	81	73	80	83	76	81	76	79	77	69	75	81	77	74	62	74	88	94	81	83	82	50	81
Xavier Quentin Shay Simons	21	179	61	R	B	AM	["AM","WF","SM"]	RB Leipzig	2025	Netherlands	84	64	79	86	80	88	87	90	88	85	87	84	82	79	83	81	79	73	85	70	74	88	87	84	50	84
Nicolas Seiwald	23	179	79	R	B	DM	["DM","CM"]	RB Leipzig	2028	Austria	76	74	76	88	76	78	82	79	78	76	79	76	78	74	67	74	71	68	74	71	78	79	81	84	50	78
Christoph Baumgartner	25	180	73	R	B	AM	["AM","CF","SS"]	RB Leipzig	2028	Austria	82	48	74	79	75	86	82	85	85	80	83	81	77	74	82	79	78	63	71	77	77	84	82	76	50	80
Lukas Manuel Klostermann	28	187	88	R	B	CBT	["CBT","SB"]	RB Leipzig	2028	Germany	78	81	80	79	85	84	84	76	77	80	79	72	74	70	66	68	64	62	62	81	90	78	84	78	50	72
Ikoma Loïs Openda	24	177	75	R	B	CF	["CF"]	RB Leipzig	2028	Belgium	88	37	85	83	94	95	87	90	85	88	81	83	73	80	89	87	82	65	71	83	94	86	87	82	50	81
Arthur Denis Vermeeren	19	178	69	R	B	DM	["DM","CM"]	RB Leipzig	2025	Belgium	70	75	73	90	78	80	79	81	81	79	83	77	78	72	61	71	69	61	75	63	73	81	74	81	50	74
André Miguel Valente da Silva	29	185	84	R	B	CF	["CF"]	RB Leipzig	2026	Portugal	86	45	80	82	76	79	86	80	85	79	83	83	71	75	83	85	83	68	80	86	91	86	86	81	50	82
Forzan Assan Ouédraogo	18	191	84	R	B	AM	["AM","CM"]	RB Leipzig	2029	Germany	71	49	79	73	80	81	71	84	80	81	73	69	65	57	65	68	66	61	62	68	84	78	71	67	50	69
David Raum	26	180	75	L	B	SB	["SB","SM","WB"]	RB Leipzig	2027	Germany	76	75	79	92	86	88	81	84	83	84	84	76	86	79	69	69	72	77	87	70	84	83	81	84	50	78
Castello Junior Lukeba	22	184	73	L	B	CBT	["CBT"]	RB Leipzig	2029	France	62	84	81	73	74	75	83	75	79	75	83	74	74	63	62	68	64	62	62	81	87	79	68	77	50	82
Xaver Schlager	27	174	76	L	B	DM	["DM","CM"]	RB Leipzig	2026	Austria	82	77	80	85	74	78	86	78	83	78	84	82	77	73	74	81	76	70	77	63	73	83	85	87	50	84
Leopold Zingerle	30	185	78	R	B	GK	["GK"]	RB Leipzig	2025	Germany	31	75	75	71	62	62	76	64	58	55	61	65	63	65	31	71	43	61	49	55	72	65	46	66	74	62
Maarten Vandevoordt	22	192	80	R	B	GK	["GK"]	RB Leipzig	2029	Belgium	31	79	79	71	62	62	80	70	58	55	61	67	69	67	31	77	43	61	49	55	76	65	46	68	79	69
Benjamin Šeško	21	195	85	R	B	CF	["CF"]	RB Leipzig	2029	Slovenia	81	51	85	82	90	82	77	80	83	86	79	81	67	73	85	84	80	66	68	85	94	83	77	76	50	75
Nuha David Jatta	18	193	84	R	B	AM	["AM","CM"]	RB Leipzig	2027	Germany	65	58	72	71	72	67	66	62	69	69	76	70	70	63	61	68	62	66	67	70	73	68	66	65	50	66
Benjamin Henrichs	27	183	79	R	B	SB	["SB","SM","WB"]	RB Leipzig	2028	Germany	79	79	78	81	77	79	84	79	83	80	85	76	81	75	63	68	66	63	78	74	81	83	84	79	50	78
Kevin Kampl	34	178	66	R	B	CM	["CM","DM"]	RB Leipzig	2026	Slovenia	79	69	75	83	66	78	84	83	84	70	88	82	80	76	71	76	77	81	82	63	66	85	84	79	50	78
Noah Atubolu	22	190	99	R	B	GK	["GK"]	SC Freiburg	2028	Germany	31	78	83	71	62	62	79	65	58	55	61	66	64	66	31	74	43	61	49	55	76	65	49	68	77	67
Philipp Lienhart	28	189	85	R	B	CBT	["CBT"]	SC Freiburg	2027	Austria	57	85	81	73	78	68	83	68	72	71	79	72	67	56	62	68	63	62	62	86	87	76	63	77	50	81
Tan-Kenneth Jerico Leka-Schmidt	22	187	81	L	B	CBT	["CBT"]	SC Freiburg	2028	Germany	49	74	79	71	80	79	73	75	65	71	71	67	62	53	61	68	59	61	62	70	83	66	52	70	50	67
Manuel Gulde	33	184	82	R	B	CBT	["CBT"]	SC Freiburg	2027	Germany	56	79	79	71	66	66	78	64	65	61	67	65	62	58	61	68	60	61	62	79	88	66	61	71	50	74
Patrick Osterhage	24	186	75	L	B	DM	["DM","CM"]	SC Freiburg	2028	Germany	74	74	74	87	79	76	79	76	76	76	76	74	73	71	63	73	68	61	65	75	79	78	76	83	50	75
Noah Raphael Weißhaupt	23	181	76	R	B	WF	["WF","SM","AM"]	SC Freiburg	2028	Germany	76	52	72	75	76	84	74	82	78	77	76	70	71	70	70	68	66	68	66	61	66	78	74	70	50	72
Maximilian Eggestein	28	181	82	R	B	DM	["DM","CM"]	SC Freiburg	2029	Germany	73	73	77	82	68	68	81	71	77	71	81	79	76	76	65	79	67	62	69	73	77	79	81	79	50	73
Lucas Höler	30	184	83	R	B	CF	["CF","AM","SS"]	SC Freiburg	2027	Germany	81	56	83	84	77	68	81	69	69	73	71	75	58	68	80	81	69	61	62	82	87	68	81	81	50	75
Daniel-Kofi Kyereh	28	179	79	R	B	AM	["AM","CF","SS"]	SC Freiburg	2027	Ghana	77	37	76	71	77	79	76	83	81	79	77	76	68	70	78	75	75	68	66	68	73	81	76	63	50	71
Lukas Kübler	32	182	77	R	B	SB	["SB","CBT"]	SC Freiburg	2028	Germany	67	72	79	77	89	77	78	74	73	80	75	70	70	71	61	68	64	61	62	67	79	74	77	76	50	67
Eren Sami Dinkçi	23	188	76	R	B	WF	["WF","SM","AM"]	SC Freiburg	2028	Türkiye	78	39	72	85	95	89	76	82	80	88	76	76	72	72	81	78	77	70	75	71	79	79	76	72	50	72
Chukwubuike Junior Adamu	23	183	81	R	B	CF	["CF"]	SC Freiburg	2028	Austria	77	31	76	73	81	83	75	82	74	78	70	72	58	64	77	76	71	67	68	75	84	73	75	66	50	69
Florian Müller	27	190	88	L	B	GK	["GK"]	SC Freiburg	2027	Germany	31	76	79	71	62	62	82	65	58	55	61	66	64	66	34	75	43	61	49	55	74	65	49	64	75	64
Florent Muslija	26	172	65	R	B	AM	["AM","SM","CM"]	SC Freiburg	2028	Kosovo	74	37	79	74	81	81	74	86	79	81	79	79	74	74	69	79	75	82	82	61	66	78	74	67	50	70
Jannik Huth	30	185	80	R	B	GK	["GK"]	SC Freiburg	2029	Germany	31	75	76	71	66	65	76	66	58	60	61	67	65	67	37	78	43	61	49	55	74	65	52	64	74	66
Kiliann Eric Sildillia	22	186	84	R	B	SB	["SB","CBT","SM","WB"]	SC Freiburg	2026	France	67	75	75	76	73	74	77	72	75	74	73	69	69	66	61	68	62	61	62	78	82	74	73	76	50	70
Maximilian Philipp	30	183	79	R	B	CF	["CF","AM","SS"]	SC Freiburg	2029	Germany	77	49	74	71	76	77	78	78	80	78	76	77	71	75	77	79	77	71	73	61	72	81	78	63	50	71
Nicolas Höfler	34	181	80	R	B	DM	["DM","CM"]	SC Freiburg	2028	Germany	70	76	76	82	66	66	83	69	73	68	81	73	69	62	62	68	62	62	62	73	74	74	81	79	50	71
Matthias Lukas Ginter	31	189	87	R	B	CBT	["CBT"]	SC Freiburg	2027	Germany	68	89	86	72	66	66	88	63	76	64	83	82	78	77	66	82	65	63	62	86	85	81	74	75	50	81
Christian Günter	31	184	83	L	B	SB	["SB","SM","WB"]	SC Freiburg	2028	Germany	75	75	85	85	86	79	81	74	78	82	78	79	78	84	63	83	67	75	80	73	85	77	81	85	50	75
Vincenzo Grifo	31	180	80	R	B	WF	["WF","SM","AM"]	SC Freiburg	2028	Italy	83	52	75	76	70	78	85	80	84	77	84	85	85	88	78	87	80	89	90	62	70	85	85	70	50	76
Jordy Makengo Basambundu	23	190	79	L	B	SB	["SB","CBT"]	SC Freiburg	2028	France	65	70	80	73	87	82	73	74	71	79	73	68	68	64	61	68	61	61	62	70	85	71	73	72	50	66
Merlin Röhl	22	192	79	R	B	CM	["CM","AM"]	SC Freiburg	2028	Germany	80	64	75	87	86	81	79	79	81	84	80	76	71	69	73	74	72	61	62	69	80	81	79	76	50	76
Maximilian Rosenfelder	21	186	76	R	B	CBT	["CBT"]	SC Freiburg	2028	Germany	55	77	70	71	73	66	76	65	68	68	73	68	63	55	61	68	61	61	62	76	84	71	60	71	50	71
Michael Gregoritsch	30	193	91	L	B	CF	["CF"]	SC Freiburg	2028	Austria	84	45	87	77	66	66	83	63	78	66	79	82	71	78	82	86	80	80	84	87	88	81	83	72	50	76
Ritsu Doan 堂安 律	26	172	74	L	B	WF	["WF","SM","AM","CF","SS"]	SC Freiburg	2027	Japan	81	46	80	81	77	86	81	88	85	81	82	75	78	74	74	69	73	75	79	62	72	85	81	70	50	76
Bruno Ifechukwu Ogbus	19	185	84	R	B	CBT	["CBT","SB"]	SC Freiburg	2026	Switzerland	62	64	73	71	71	68	67	67	65	66	61	62	58	57	61	68	57	61	62	62	68	65	62	68	50	60
Johan Manzambi	19	183	75	R	B	CM	["CM","AM"]	SC Freiburg	2029	Switzerland	64	62	72	71	74	72	69	74	69	71	71	67	64	59	61	68	61	61	62	63	68	69	69	67	50	66
Ben Alexander Voll	24	195	85	R	B	GK	["GK"]	St. Pauli	2027	Germany	31	73	79	71	62	62	74	62	58	55	61	64	62	64	32	70	43	61	49	55	70	65	44	68	72	62
Manolis Saliakas	28	175	75	R	B	SB	["SB","SM","WB"]	St. Pauli	2025	Greece	75	71	74	83	68	80	76	79	74	69	76	70	73	71	66	68	68	73	73	61	68	76	76	79	50	72
Karol Mets	31	191	82	L	B	CBT	["CBT"]	St. Pauli	2029	Estonia	59	75	86	78	81	66	73	65	69	72	70	67	69	63	61	68	62	61	66	73	79	72	62	79	50	75
David Nemeth	23	191	89	R	B	CBT	["CBT"]	St. Pauli	2026	Austria	54	73	91	73	66	66	73	68	65	62	66	65	62	50	61	68	56	61	62	73	80	65	58	72	50	71
Hauke Finn Wahl	30	189	85	R	B	CBT	["CBT"]	St. Pauli	2026	Germany	52	79	81	81	68	66	78	66	71	66	78	72	65	50	61	68	63	61	62	74	74	76	57	76	50	73
Simon Zoller	33	179	73	R	B	CF	["CF","WF","SM"]	St. Pauli	2028	Germany	77	50	73	73	68	74	77	76	75	71	73	72	69	73	76	74	74	65	74	71	75	76	77	69	50	72
Jackson Alexander Irvine	31	189	70	R	B	CM	["CM","DM"]	St. Pauli	2028	Australia	78	70	79	90	69	69	79	69	77	71	78	77	73	73	73	77	72	67	68	83	85	78	79	85	50	79
Eric Anders Smith	28	192	86	R	B	CBT	["CBT","DM"]	St. Pauli	2025	Sweden	75	75	84	78	74	67	81	68	73	71	80	79	69	65	61	78	66	71	62	71	79	76	80	78	50	75
Maurides Roque Junior	30	189	86	L	B	CF	["CF"]	St. Pauli	2028	Brazil	71	35	87	71	66	66	68	65	71	63	73	74	62	57	72	76	70	62	62	75	78	72	68	74	50	72
Johannes Eggestein	26	183	75	R	B	CF	["CF"]	St. Pauli	2027	Germany	76	45	74	73	66	74	75	76	77	69	76	76	73	74	77	77	74	63	77	73	77	78	75	66	50	71
Finley Stevens	21	179	73	R	B	SB	["SB","SM","WB"]	St. Pauli	2027	Wales	70	65	72	73	67	68	70	69	70	67	70	67	71	66	61	68	61	61	62	61	66	70	70	73	50	70
Danel Sinani	27	185	70	L	B	WF	["WF","SM","AM"]	St. Pauli	2028	Luxembourg	72	47	74	71	74	72	73	72	74	73	76	74	72	73	71	74	72	74	72	61	66	75	73	69	50	71
Carlo Gregor Boukhalfa	25	186	79	L	B	AM	["AM","CM","DM"]	St. Pauli	2025	Germany	72	63	79	73	73	69	73	70	75	73	77	74	68	64	70	71	66	61	62	70	79	76	73	75	50	74
Oladapo Joshua Afolayan	27	180	70	R	B	WF	["WF","SM","CF"]	St. Pauli	2026	England	75	55	74	83	79	86	76	84	77	79	75	73	70	70	77	72	70	66	65	66	78	76	76	82	50	76
Scott Brian Banks	23	183	74	L	B	WF	["WF","SM"]	St. Pauli	2027	Scotland	66	40	69	73	80	79	65	75	71	75	68	66	66	66	67	68	65	74	68	61	68	70	65	66	50	65
Andreas Albers Nielsen	34	193	90	R	B	CF	["CF"]	St. Pauli	2027	Denmark	74	38	90	81	66	66	73	62	69	62	69	69	58	55	75	72	66	61	62	80	87	73	73	69	50	65
Erik Melker Ahlstrand	23	182	75	L	B	WF	["WF","SM","CF"]	St. Pauli	2028	Sweden	71	43	68	71	82	79	67	76	72	76	70	67	66	64	66	68	64	61	64	61	66	73	67	67	50	70
Lars Ritzka	26	182	78	L	B	SB	["SB","SM","WB"]	St. Pauli	2027	Germany	65	65	73	81	69	79	71	75	70	68	71	70	71	71	61	70	62	61	63	63	74	71	69	72	50	65
Nikola Vasilj	29	193	89	R	B	GK	["GK"]	St. Pauli	2025	Bosnia and Herzegovina	31	76	82	71	62	62	78	64	58	55	61	64	62	64	32	70	43	61	49	55	73	65	47	69	75	65
Philipp Treu	24	172	68	R	B	SB	["SB","SM","WB"]	St. Pauli	2028	Germany	70	68	77	78	79	80	72	82	74	76	73	69	72	67	61	68	63	61	62	61	66	75	72	73	50	69
Connor Isaac Metcalfe	25	183	70	L	B	CM	["CM","DM","WF","SM"]	St. Pauli	2025	Australia	73	65	79	81	80	79	76	78	75	77	76	72	72	68	69	68	65	61	62	65	79	76	76	79	50	74
Adam Dźwigała	29	185	80	R	B	CBT	["CBT","SB"]	St. Pauli	2028	Poland	65	65	79	78	81	71	75	69	66	71	73	68	62	54	61	68	62	61	62	74	79	72	72	79	50	68
Elias Saad الياس سعد	25	185	72	R	B	WF	["WF","SM","AM"]	St. Pauli	2029	Tunisia	75	40	74	76	72	85	74	86	80	77	77	75	71	71	76	74	70	61	68	61	70	78	74	67	50	69
Sören Ahlers	27	194	86	R	B	GK	["GK"]	St. Pauli	2028	Germany	31	68	77	71	62	62	70	60	58	55	61	63	62	63	29	67	43	61	49	55	66	65	37	50	68	56
Morgan Guilavogui	26	189	82	R	B	CF	["CF","SM","WF"]	St. Pauli	2025	Guinea	78	36	78	75	84	81	77	84	77	79	75	74	70	72	78	74	73	64	68	76	85	78	77	71	50	74
Sascha Burchert	35	187	78	R	B	GK	["GK"]	St. Pauli	2027	Germany	31	74	78	71	62	62	71	62	58	55	61	64	62	64	36	68	43	61	49	55	70	65	49	62	73	57
Eric Dirk Oelschlägel	29	193	85	R	B	GK	["GK"]	St. Pauli	2027	Germany	31	73	79	71	62	62	75	63	58	55	61	62	61	62	34	66	43	61	49	55	72	65	46	61	73	60
Muhammad Dahaba	19	194	84	R	B	CBT	["CBT"]	St. Pauli	2026	Germany	48	68	76	72	67	66	68	62	65	64	65	64	59	53	61	68	58	61	62	67	73	65	51	68	50	63
Ronny Boamah Seibt	19	191	81	R	B	GK	["GK"]	St. Pauli	2027	Germany	31	68	71	71	62	62	70	59	58	55	61	59	58	59	31	66	43	61	49	55	65	65	39	58	68	56
Robert Wagner	21	181	80	R	B	CM	["CM","DM"]	St. Pauli	2025	Germany	70	66	75	83	66	74	76	74	77	69	80	73	71	62	61	68	65	61	62	61	66	80	76	79	50	72
Luca Marcel Günther	23	175	68	R	B	SB	["SB"]	St. Pauli	2029	Germany	63	62	73	71	66	71	66	74	65	62	66	64	62	60	61	68	59	61	62	66	68	65	66	68	50	61
Oliver Baumann	34	187	82	R	B	GK	["GK"]	TSG Hoffenheim	2026	Germany	31	84	81	72	62	62	86	68	59	55	63	68	67	69	35	81	43	63	49	56	79	66	54	75	84	69
Robin Hranáč	24	189	87	R	B	CBT	["CBT"]	TSG Hoffenheim	2028	Czechia	55	77	88	71	81	71	78	66	65	71	74	74	65	58	61	75	60	61	62	79	87	67	61	74	50	71
Pavel Kadeřábek	32	182	81	R	B	SB	["SB","SM","WB"]	TSG Hoffenheim	2025	Czechia	78	73	79	81	67	79	82	75	77	70	78	73	78	75	62	69	66	63	63	79	86	79	82	80	50	77
Tim Drexler	19	186	75	R	B	CBT	["CBT"]	TSG Hoffenheim	2028	Germany	50	73	71	71	81	74	73	69	65	71	64	63	61	54	61	68	57	61	62	74	76	65	53	66	50	63
Ozan Muhammed Kabak	24	186	86	R	B	CBT	["CBT"]	TSG Hoffenheim	2026	Türkiye	51	79	86	74	76	66	75	68	74	73	80	72	69	49	62	68	63	62	62	81	90	77	56	81	50	81
Grischa Prömel	30	184	81	R	B	CM	["CM","DM"]	TSG Hoffenheim	2026	Germany	80	75	79	90	68	70	81	71	79	73	81	80	75	74	78	80	76	63	62	81	85	80	81	86	50	80
Mërgim Berisha	26	188	84	R	B	CF	["CF"]	TSG Hoffenheim	2027	Germany	83	44	79	73	74	77	81	75	81	76	80	82	74	79	83	85	80	81	83	78	85	82	81	74	50	79
Dennis Geiger	26	173	67	R	B	DM	["DM","CM"]	TSG Hoffenheim	2027	Germany	72	70	76	71	66	66	82	76	82	69	83	75	78	68	61	68	72	65	73	61	66	83	82	76	50	78
Ihlas Bebou	30	185	80	R	B	CF	["CF","SM","WF"]	TSG Hoffenheim	2026	Togo	82	38	76	79	87	88	81	85	82	85	79	79	72	79	81	80	76	62	71	72	83	81	81	69	50	73
Florian Grillitsch	29	187	77	R	B	CBT	["CBT","DM"]	TSG Hoffenheim	2026	Austria	78	77	77	74	74	67	87	70	80	76	83	76	79	70	67	69	69	73	62	75	77	82	82	69	50	74
Christopher Lenz	30	181	81	L	B	SB	["SB","SM","WB"]	TSG Hoffenheim	2029	Germany	66	74	76	74	76	73	77	73	74	74	77	71	74	68	61	68	63	72	74	68	75	76	74	73	50	67
Valentin André Stanislas Gendrey	24	179	75	R	B	SB	["SB"]	TSG Hoffenheim	2028	France	66	70	75	82	79	85	75	80	73	74	73	68	71	68	61	68	63	61	66	62	77	75	75	80	50	67
Anton Levi Stach	26	194	88	R	B	CM	["CM","DM","CBT"]	TSG Hoffenheim	2027	Germany	80	74	84	84	79	74	89	71	80	79	81	83	78	80	68	86	74	72	75	81	88	81	83	82	50	80
Diadié Samassékou	29	175	70	R	B	DM	["DM","CM"]	TSG Hoffenheim	2025	Mali	69	75	77	82	66	72	85	76	75	66	75	70	69	65	61	68	64	61	62	68	74	76	78	82	50	72
David Jurásek	24	183	76	L	B	SB	["SB","SM","WB"]	TSG Hoffenheim	2025	Czechia	74	69	79	79	84	86	76	81	77	80	73	76	75	80	62	80	71	75	76	71	85	77	76	78	50	75
Finn Ole Becker	24	177	71	L	B	CM	["CM","DM"]	TSG Hoffenheim	2026	Germany	72	62	74	81	69	79	76	82	79	74	81	73	71	63	66	68	64	61	63	63	67	79	76	74	50	72
Marius Bülter	31	188	85	R	B	WF	["WF","SM","CF"]	TSG Hoffenheim	2026	Germany	80	54	80	80	90	81	81	77	78	85	77	81	74	81	81	86	75	61	74	71	84	78	81	79	50	77
Alexander Prass	23	180	72	L	B	SM	["SM","SB","CM","WB"]	TSG Hoffenheim	2028	Austria	76	73	79	86	85	83	78	82	78	82	78	77	78	76	68	76	74	73	73	66	80	78	78	80	50	76
Adam Hložek	22	188	84	R	B	CF	["CF","AM","SS"]	TSG Hoffenheim	2027	Czechia	79	36	85	74	78	80	80	77	81	79	79	80	74	77	81	81	79	74	73	78	90	81	80	74	50	78
Marco John	22	184	73	L	B	SB	["SB","SM","WB"]	TSG Hoffenheim	2025	Germany	65	68	70	71	81	73	76	74	77	79	77	71	75	70	64	68	64	73	74	61	66	77	73	67	50	66
Kevin John Ufuoma Akpoguma	29	192	85	R	B	CBT	["CBT","SB"]	TSG Hoffenheim	2026	Nigeria	67	76	83	72	78	79	80	70	78	77	74	74	71	72	61	74	64	61	62	78	81	78	80	73	50	66
Haris Tabaković	30	194	90	R	B	CF	["CF"]	TSG Hoffenheim	2027	Bosnia and Herzegovina	82	37	89	81	76	66	82	66	72	73	71	74	58	63	81	79	70	61	62	82	86	72	82	77	50	74
Andrej Kramarić	33	177	73	R	B	CF	["CF","AM","CM","SS"]	TSG Hoffenheim	2025	Croatia	88	41	80	85	74	77	87	81	87	80	86	85	79	81	87	85	84	82	85	76	79	88	87	82	50	84
Florian Peter Micheler	19	185	76	R	B	CM	["CM"]	TSG Hoffenheim	2026	Austria	64	56	66	71	66	67	66	67	74	69	76	70	70	63	61	68	65	61	66	61	66	76	66	65	50	63
Jacob Bruun Larsen	26	183	77	R	B	WF	["WF","SM","CF"]	TSG Hoffenheim	2025	Denmark	78	60	76	71	81	86	78	83	78	79	77	80	74	79	77	85	74	76	77	67	79	78	78	71	50	76
Simon Elyan Kalambayi Mukuta	19	185	70	R	B	CF	["CF"]	TSG Hoffenheim	2028	France	66	33	67	71	70	66	68	66	65	67	62	62	58	56	73	68	61	61	62	68	66	65	68	63	50	62
Lars Strobl	19	189	81	R	B	CBT	["CBT","SB"]	TSG Hoffenheim	2025	Germany	62	63	72	71	66	66	67	62	65	63	61	62	58	54	61	68	53	61	62	69	72	65	62	65	50	58
Max Moerstedt	19	194	77	R	B	CF	["CF"]	TSG Hoffenheim	2027	Germany	72	34	74	71	70	66	71	62	67	66	66	64	58	50	74	68	64	61	62	73	74	71	71	66	50	65
Stanley Pierre Nsoki	25	184	83	L	B	CBT	["CBT","SB"]	TSG Hoffenheim	2027	France	67	72	82	79	80	74	76	72	74	76	73	69	70	63	61	68	62	61	62	78	85	73	71	78	50	71
Arthur Largura Chaves	23	188	80	R	B	CBT	["CBT"]	TSG Hoffenheim	2027	Brazil	51	76	70	71	80	75	73	70	65	71	71	67	65	53	61	68	60	61	62	76	81	67	56	71	50	67
Lúkas Blöndal Petersson	20	195	96	R	B	GK	["GK"]	TSG Hoffenheim	2027	Iceland	31	68	77	71	62	62	67	59	58	55	61	62	60	62	31	66	43	61	49	55	65	65	40	56	68	58
Luca Dante Philipp	24	192	83	R	B	GK	["GK"]	TSG Hoffenheim	2025	Germany	31	72	77	71	62	62	73	61	58	55	61	63	61	63	29	66	43	61	49	55	68	65	43	57	70	59
Tom Bischof	19	176	66	L	B	AM	["AM","CM"]	TSG Hoffenheim	2025	Germany	70	54	75	71	66	68	76	75	79	71	81	73	69	62	66	68	67	63	69	61	66	79	76	69	50	71
Umut Deger Tohumcu	20	175	71	R	B	AM	["AM","CM"]	TSG Hoffenheim	2028	Germany	71	55	74	71	74	72	76	76	77	75	78	74	70	66	71	70	68	68	68	61	66	77	76	69	50	71
Attila Árpád Szalai	27	192	83	L	B	CBT	["CBT","SB"]	TSG Hoffenheim	2027	Hungary	66	73	85	78	79	72	77	71	70	74	74	73	72	68	61	73	61	61	63	79	80	71	76	79	50	69
Fabian Bredlow	29	190	89	L	B	GK	["GK"]	VfB Stuttgart	2026	Germany	31	75	77	71	62	62	78	66	58	55	61	65	63	65	29	71	43	61	49	55	72	65	50	66	75	63
Ameen Al-Dakhil أمين الدخيل	22	187	70	R	B	CBT	["CBT"]	VfB Stuttgart	2028	Belgium	51	77	79	74	74	74	76	69	70	70	74	69	65	50	61	68	62	61	62	77	83	72	51	76	50	77
Ramon Hendriks	23	189	76	L	B	CBT	["CBT","SB"]	VfB Stuttgart	2028	Netherlands	64	69	76	73	89	78	73	74	66	75	73	68	65	58	61	68	61	61	62	71	80	70	69	72	50	65
Josha Mamadou Karaboue Vagnoman	24	190	90	R	B	SB	["SB","SM","WB"]	VfB Stuttgart	2026	Germany	78	72	86	82	92	85	78	79	79	86	79	76	75	75	68	74	68	62	66	75	89	78	78	79	50	77
Yannik Keitel	24	186	85	R	B	DM	["DM","CM","CBT"]	VfB Stuttgart	2028	Germany	66	69	77	72	74	68	76	70	73	71	77	71	68	60	61	68	63	61	62	79	82	76	76	77	50	73
Angelo Stiller	23	183	79	L	B	DM	["DM","CM"]	VfB Stuttgart	2027	Germany	76	75	76	81	66	70	84	74	83	71	86	82	81	76	61	77	71	74	74	73	74	84	84	78	50	76
Maximilian Mittelstädt	27	180	71	L	B	SB	["SB","SM","WB"]	VfB Stuttgart	2028	Germany	77	77	76	83	74	82	85	81	82	77	82	79	80	80	66	78	71	62	80	73	79	81	83	83	50	76
Enzo Camille Alain Millot	22	174	66	L	B	AM	["AM","CM"]	VfB Stuttgart	2028	France	81	67	76	85	79	79	82	84	84	82	83	80	77	76	76	77	72	68	76	61	66	84	82	76	50	76
Ermedin Demirović	26	185	84	R	B	CF	["CF","SM","WF"]	VfB Stuttgart	2028	Bosnia and Herzegovina	85	46	80	88	74	74	84	74	82	77	82	84	74	80	85	86	81	64	77	76	81	83	84	84	50	82
Nick Woltemade	22	198	90	R	B	CF	["CF","AM","SS"]	VfB Stuttgart	2028	Germany	75	44	76	76	79	66	77	62	79	79	77	74	65	63	74	73	70	61	62	75	76	79	77	72	50	72
Frans Krätzig	22	177	70	L	B	SB	["SB","CM"]	VfB Stuttgart	2025	Germany	72	66	72	71	69	73	75	78	76	72	74	69	70	65	61	68	67	61	62	61	66	76	75	69	50	69
Pascal Stenzel	28	183	74	R	B	SB	["SB","CBT"]	VfB Stuttgart	2026	Germany	66	71	72	75	69	66	77	66	76	71	79	79	75	75	65	79	69	71	68	71	70	77	73	76	50	72
Atakan Karazor	28	191	76	R	B	DM	["DM","CM"]	VfB Stuttgart	2028	Türkiye	66	77	74	85	66	66	81	66	76	66	81	74	66	55	61	68	64	61	62	81	75	78	76	82	50	72
Justin Diehl	20	174	67	R	B	WF	["WF","SM","CF"]	VfB Stuttgart	2029	Germany	69	31	73	71	85	82	69	82	76	79	68	69	62	65	75	73	68	61	68	66	66	76	69	63	50	66
Jamie Leweling	23	185	86	R	B	WF	["WF","SM","CF"]	VfB Stuttgart	2028	Germany	79	54	81	81	87	87	78	84	82	85	77	78	70	78	75	79	75	61	62	68	84	81	78	75	50	73
Wahidullah Faghir	21	186	83	R	B	CF	["CF"]	VfB Stuttgart	2026	Denmark	71	36	82	71	74	72	69	71	71	71	64	69	58	60	72	78	68	61	62	70	80	72	69	65	50	67
Leonidas Stergiou Λεωνίδας Στεργίου	22	180	75	R	B	CBT	["CBT","SB"]	VfB Stuttgart	2028	Switzerland	68	72	80	80	76	83	77	82	73	73	74	69	69	63	61	68	62	61	62	71	85	74	77	77	50	68
Stefan Drljača	25	192	89	R	B	GK	["GK"]	VfB Stuttgart	2027	Germany	31	73	81	71	62	62	76	63	58	55	61	62	60	62	31	66	43	61	49	55	71	65	44	64	72	64
Thomas Kastanaras Θωμάς Καστανάρας	22	186	83	R	B	CF	["CF"]	VfB Stuttgart	2026	Germany	71	31	77	71	70	68	68	68	68	68	66	67	58	60	74	70	64	67	62	68	74	69	68	63	50	67
Dan-Axel Zagadou	25	196	90	L	B	CBT	["CBT"]	VfB Stuttgart	2026	France	53	81	94	71	72	66	79	62	66	67	78	74	68	62	62	71	58	62	62	88	80	66	57	74	50	78
Jeffrey Julian Gaston Chabot	26	195	95	L	B	CBT	["CBT"]	VfB Stuttgart	2028	Germany	52	81	91	73	70	66	80	62	68	66	66	65	59	52	61	68	62	61	62	80	74	72	54	82	50	81
Deniz Undav	28	179	86	R	B	CF	["CF","AM","SS"]	VfB Stuttgart	2027	Germany	87	38	86	80	72	72	87	74	85	77	85	85	74	79	87	86	85	74	78	81	84	86	87	82	50	85
Chris Jan Führich	27	181	70	R	B	WF	["WF","SM","AM"]	VfB Stuttgart	2028	Germany	78	58	76	80	82	89	81	90	87	85	79	76	75	75	76	74	76	71	80	65	71	85	81	74	50	74
Nikolas Terkelsen Nartey	24	185	81	L	B	CM	["CM","DM","SB"]	VfB Stuttgart	2025	Denmark	72	69	78	71	74	74	76	76	78	75	78	71	72	66	65	68	64	61	62	68	77	78	76	71	50	73
Anthony Rouault	23	186	77	R	B	CBT	["CBT"]	VfB Stuttgart	2027	France	56	81	78	78	69	68	81	67	68	65	81	74	69	58	61	68	63	61	62	81	84	75	62	78	50	79
El Bilal Touré	23	185	77	R	B	CF	["CF"]	VfB Stuttgart	2025	Mali	77	31	75	71	80	81	76	79	77	78	76	76	65	69	79	77	71	61	62	78	85	78	76	66	50	69
Fabian Rieder	22	179	74	L	B	AM	["AM","CM"]	VfB Stuttgart	2025	Switzerland	74	55	75	83	76	79	73	81	79	77	79	78	71	69	76	77	71	78	79	61	66	79	73	73	50	73
Alexander Nübel	28	193	86	R	B	GK	["GK"]	VfB Stuttgart	2026	Germany	31	83	84	71	62	62	85	68	58	55	66	71	68	71	39	84	45	62	49	56	81	66	53	79	82	77
Luca Joachim Raimund	19	188	76	L	B	AM	["AM","WF","SM"]	VfB Stuttgart	2026	Germany	68	52	66	71	74	74	69	68	71	72	72	68	67	66	66	68	62	64	65	61	66	71	69	65	50	66
Dennis Seimen	19	190	89	L	B	GK	["GK"]	VfB Stuttgart	2029	Germany	31	70	79	71	62	62	73	62	58	55	61	64	62	64	32	68	43	61	49	55	70	65	49	67	70	63
Anrie Chase チェイス アンリ	20	188	81	R	B	CBT	["CBT"]	VfB Stuttgart	2027	Japan	50	72	76	72	68	69	73	63	65	65	65	64	58	50	61	68	58	61	62	77	82	65	54	73	50	70
Jarzinho Ataide Adriano de Nascimento Malanga	18	179	80	R	B	WF	["WF","SM","AM"]	VfB Stuttgart	2027	Germany	67	35	72	71	74	79	67	78	71	72	68	66	64	65	68	68	63	61	62	61	66	70	67	64	50	65
Timo Horn	31	192	90	L	B	GK	["GK"]	VfL Bochum 1848	2026	Germany	31	76	79	71	62	62	77	67	58	56	61	62	61	62	35	66	43	61	49	55	74	65	54	62	78	66
Cristian Esteban Gamboa Luna	35	175	70	R	B	SB	["SB"]	VfL Bochum 1848	2025	Costa Rica	72	68	77	76	82	81	73	82	72	76	71	70	72	70	61	71	65	64	69	71	79	73	73	77	50	74
Erhan Mašović Ерхан Машовић	26	189	82	R	B	CBT	["CBT","DM"]	VfL Bochum 1848	2026	Serbia	65	76	77	71	66	69	77	66	65	63	73	69	63	48	61	68	61	61	62	78	81	70	73	72	50	67
Bernardo Fernandes da Silva Junior	29	186	76	L	B	SB	["SB","CBT"]	VfL Bochum 1848	2025	Brazil	73	76	77	84	79	72	77	72	74	75	76	75	70	71	61	76	69	68	64	76	79	76	77	80	50	71
Ibrahima Sissoko	27	193	90	R	B	CM	["CM","DM"]	VfL Bochum 1848	2027	Mali	76	72	91	85	66	66	78	62	78	69	80	79	73	71	63	78	68	61	69	76	82	79	78	82	50	77
Lukas Stephan Horst Daschner	26	182	76	R	B	CF	["CF","AM","WF","SM","SS"]	VfL Bochum 1848	2026	Germany	74	50	76	74	73	80	75	81	77	75	78	76	67	67	77	74	72	61	71	72	79	77	75	71	50	72
Anthony Losilla	38	185	78	R	B	DM	["DM","CM"]	VfL Bochum 1848	2025	France	67	73	79	82	66	66	78	68	77	66	78	75	70	67	65	72	73	61	64	77	78	78	77	78	50	71
Myron Boadu	24	181	67	R	B	CF	["CF"]	VfL Bochum 1848	2025	Netherlands	79	37	75	73	83	85	77	85	77	79	73	76	63	69	78	79	75	68	68	71	81	78	77	66	50	71
Dani de Wit	26	183	76	R	B	AM	["AM","CM"]	VfL Bochum 1848	2028	Netherlands	84	72	85	90	66	71	81	68	77	65	79	80	74	74	81	82	76	63	62	85	85	79	81	90	50	85
Moritz-Broni Kwarteng	26	175	69	R	B	WF	["WF","SM","AM","CF","SS"]	VfL Bochum 1848	2027	Germany	73	38	75	73	75	77	72	82	77	76	72	72	68	70	77	74	74	61	70	61	66	77	72	65	50	69
Jakov Medić	26	193	91	R	B	CBT	["CBT"]	VfL Bochum 1848	2025	Croatia	63	74	91	78	74	68	73	65	67	68	73	74	68	68	61	77	61	61	62	75	84	69	67	79	50	76
Tim Oermann	21	187	76	R	B	CBT	["CBT","SB"]	VfL Bochum 1848	2026	Germany	64	72	75	71	85	73	74	70	69	73	75	70	67	60	61	68	62	61	62	75	79	74	71	71	50	63
Felix Passlack	26	172	70	R	B	SB	["SB","SM","WB"]	VfL Bochum 1848	2025	Germany	72	70	78	81	73	79	76	79	76	74	73	74	72	73	71	75	65	71	72	61	68	76	76	82	50	75
Agon Elezi Агон Ељези	23	181	71	R	B	DM	["DM","SM","CM"]	VfL Bochum 1848	2027	North Macedonia	68	66	67	73	71	73	71	73	68	68	74	71	69	65	62	70	62	65	62	70	66	68	71	74	50	70
Samuel Bamba	20	179	70	R	B	WF	["WF","SM"]	VfL Bochum 1848	2027	Germany	64	35	76	71	80	86	67	87	74	77	71	68	63	64	64	68	63	61	63	61	66	72	67	63	50	64
Matúš Bero	29	181	81	R	B	CM	["CM","AM","SM"]	VfL Bochum 1848	2026	Slovakia	78	74	81	90	75	73	77	73	77	75	76	77	74	75	76	79	75	71	74	74	81	77	77	86	50	78
Ivan Ordets Ордець Іван Миколайович	32	195	88	R	B	CBT	["CBT"]	VfL Bochum 1848	2026	Ukraine	56	78	92	71	66	66	81	62	65	61	68	71	63	63	61	77	62	61	62	78	79	65	61	74	50	77
Gerrit Holtmann	29	185	77	L	B	WF	["WF","SM"]	VfL Bochum 1848	2025	Philippines	74	62	73	72	96	89	75	85	73	84	71	71	69	72	69	74	69	61	69	61	74	73	75	65	50	70
Aliou Badara Baldé	22	170	59	R	B	WF	["WF","SM"]	VfL Bochum 1848	2025	Guinea	67	44	79	71	90	90	66	90	75	83	70	70	64	70	70	72	64	61	68	61	66	74	66	63	50	66
Koji Miyoshi 三好 康児	27	167	62	L	B	WF	["WF","SM","AM"]	VfL Bochum 1848	2028	Japan	71	52	79	71	74	84	73	89	77	74	76	72	72	70	73	68	74	73	73	61	66	78	73	67	50	70
Mats Henry Pannewig	20	195	90	L	B	CM	["CM","DM","AM"]	VfL Bochum 1848	2025	Germany	67	56	76	72	66	66	63	62	72	63	73	69	66	62	61	68	63	61	62	63	68	73	63	72	50	68
Mohammed Tolba	20	185	76	R	B	SB	["SB","CBT"]	VfL Bochum 1848	2025	Germany	62	63	69	71	67	66	69	69	67	66	72	68	63	63	61	68	59	61	62	67	67	66	64	73	50	65
Patrick Drewes	31	194	90	R	B	GK	["GK"]	VfL Bochum 1848	2026	Germany	31	77	83	71	62	62	79	65	58	55	61	65	63	65	36	72	43	61	49	55	76	65	50	67	77	63
Lennart Koerdt	20	187	78	R	B	AM	["AM","CM","CF","SS"]	VfL Bochum 1848	2027	Germany	65	54	69	71	66	67	68	64	73	66	74	69	71	64	63	68	63	63	68	61	66	74	68	63	50	66
Moritz Broschinski	24	190	80	R	B	CF	["CF"]	VfL Bochum 1848	2026	Germany	74	37	74	71	80	78	73	74	74	76	70	71	67	69	75	74	72	61	62	73	79	76	73	65	50	67
Manuel Riemann-Lorenzen	36	186	83	R	B	GK	["GK"]	VfL Bochum 1848	2025	Germany	31	80	79	71	62	63	84	68	58	55	68	71	72	70	35	83	46	62	49	56	77	66	51	76	78	76
Maximilian Wittek	29	173	68	L	B	SB	["SB","SM","WB"]	VfL Bochum 1848	2026	Germany	76	69	79	82	76	80	76	81	76	76	74	78	76	82	69	83	75	81	81	67	77	76	76	81	50	75
Philipp Hofmann	31	195	89	L	B	CF	["CF"]	VfL Bochum 1848	2026	Germany	80	40	93	71	68	66	79	62	75	69	75	79	58	65	76	85	73	61	62	84	85	78	79	76	50	79
Paul Grave	23	193	93	R	B	GK	["GK"]	VfL Bochum 1848	2025	Germany	31	68	77	71	62	62	69	57	58	55	61	60	59	60	31	66	43	61	49	55	63	65	33	52	68	54
Noah Loosli	27	186	84	R	B	CBT	["CBT"]	VfL Bochum 1848	2026	Switzerland	48	71	84	75	67	73	73	71	65	64	67	65	63	54	61	68	59	61	62	77	86	66	50	73	50	68
Kamil Mieczysław Grabara	26	195	85	R	B	GK	["GK"]	VfL Wolfsburg	2029	Poland	31	81	83	71	62	62	83	67	58	55	61	67	65	67	36	77	43	61	49	55	79	65	50	69	80	68
Kilian Fischer	24	182	77	R	B	SB	["SB","CM","SM","WB"]	VfL Wolfsburg	2027	Germany	68	69	74	78	89	85	76	80	75	81	77	71	72	67	61	68	63	61	62	68	80	76	73	75	50	68
Sebastiaan Bornauw	25	191	83	R	B	CBT	["CBT"]	VfL Wolfsburg	2026	Belgium	60	78	84	73	82	72	76	65	65	72	71	68	71	65	61	68	60	61	62	86	91	67	65	77	50	77
Konstantinos Koulierakis Κωνσταντίνος Κουλιεράκης	21	185	78	L	B	CBT	["CBT"]	VfL Wolfsburg	2029	Greece	59	80	81	73	77	75	81	67	72	72	75	76	67	65	61	79	66	61	62	79	86	75	65	78	50	78
Cédric Zesiger	26	194	92	L	B	CBT	["CBT"]	VfL Wolfsburg	2027	Switzerland	60	76	87	77	80	66	77	62	70	73	75	71	66	60	61	69	62	61	62	80	92	72	65	78	50	77
Aster Jan Vranckx	22	183	78	R	B	CM	["CM","DM"]	VfL Wolfsburg	2026	Belgium	78	74	79	81	66	77	79	77	82	70	81	81	75	75	71	80	72	67	73	73	81	81	79	81	50	77
Salih Özcan	27	182	79	R	B	DM	["DM","CM"]	VfL Wolfsburg	2025	Türkiye	74	76	84	81	71	79	83	80	78	74	79	74	74	69	68	70	65	64	65	78	88	78	78	83	50	77
Mohamed El Amine Amoura محمد الأمين عمورة	24	170	61	R	B	CF	["CF","SM","WF"]	VfL Wolfsburg	2025	Algeria	81	52	80	76	92	95	81	94	81	87	76	78	70	74	83	82	79	61	73	71	79	80	81	74	50	74
Lukas Okechukwu Nmecha	26	185	80	R	B	CF	["CF"]	VfL Wolfsburg	2025	Germany	80	47	82	79	79	79	80	78	82	80	81	81	68	73	82	82	78	62	67	79	88	83	80	78	50	77
Tiago Barreiros de Melo Tomás	22	180	78	R	B	CF	["CF","SM","WF"]	VfL Wolfsburg	2027	Portugal	78	44	77	81	85	85	77	83	82	84	75	76	63	64	78	78	74	62	70	73	82	81	77	75	50	72
Pavao Pervan	37	194	88	R	B	GK	["GK"]	VfL Wolfsburg	2025	Austria	31	76	78	71	62	62	79	65	58	55	61	66	63	66	32	74	43	61	49	55	73	65	47	61	77	62
Rogério Oliveira da Silva	27	178	70	L	B	SB	["SB"]	VfL Wolfsburg	2027	Brazil	77	71	71	71	77	81	79	79	81	79	77	71	74	71	61	68	69	68	62	69	73	81	78	72	50	74
Bartosz Białek	23	191	84	R	B	CF	["CF"]	VfL Wolfsburg	2025	Poland	72	39	83	71	68	68	70	63	73	68	68	71	58	58	75	75	69	61	62	68	79	74	70	68	50	66
Jakub Kamiński	22	179	68	R	B	WF	["WF","SM"]	VfL Wolfsburg	2027	Poland	74	59	71	78	81	88	71	88	81	82	74	71	71	71	73	69	69	61	73	74	78	80	71	68	50	70
Kevin Behrens	33	185	85	R	B	CF	["CF"]	VfL Wolfsburg	2025	Germany	78	44	87	82	71	73	76	71	72	70	67	72	58	66	78	79	68	61	62	88	94	73	76	85	50	77
Denis Vavro	28	189	81	R	B	CBT	["CBT"]	VfL Wolfsburg	2025	Slovakia	63	76	86	78	74	69	76	65	68	68	73	76	67	68	61	81	66	71	62	76	85	70	67	81	50	76
Lovro Majer	27	178	76	L	B	CM	["CM","AM"]	VfL Wolfsburg	2028	Croatia	81	62	74	90	66	79	82	83	86	71	85	82	83	81	77	79	78	81	88	66	75	86	82	81	50	78
Bote Ridle Nzuzi Baku	26	176	72	R	B	SB	["SB","SM","WB"]	VfL Wolfsburg	2025	Germany	80	74	85	84	83	86	80	86	83	84	80	79	78	79	77	80	76	62	82	62	78	82	80	82	50	80
Joakim Mæhle Pedersen	27	185	79	R	B	SB	["SB","SM","WB"]	VfL Wolfsburg	2027	Denmark	81	75	78	89	79	81	81	78	80	78	81	75	78	75	62	70	72	62	68	70	81	81	81	84	50	77
Mathys Angély	17	190	77	L	B	CBT	["CBT","DM"]	VfL Wolfsburg	2027	France	61	65	67	71	66	68	68	63	68	64	70	67	62	51	61	68	61	61	62	68	71	70	61	67	50	61
Jonas Older Wind	25	190	82	R	B	CF	["CF","AM","SS"]	VfL Wolfsburg	2026	Denmark	84	42	85	81	66	71	84	73	82	69	82	82	71	74	84	83	80	72	77	84	89	83	84	77	50	79
Bence Dárdai	18	189	71	R	B	AM	["AM","CM"]	VfL Wolfsburg	2028	Germany	65	32	70	71	72	68	72	72	76	73	77	71	66	60	70	68	64	70	62	62	66	77	72	63	50	68
Maximilian Arnold	30	184	74	L	B	DM	["DM","CM"]	VfL Wolfsburg	2026	Germany	81	78	78	84	68	68	85	71	82	74	85	87	81	82	79	90	86	86	86	68	74	84	85	83	50	81
Marius Müller	31	192	93	R	B	GK	["GK"]	VfL Wolfsburg	2028	Germany	31	79	83	71	62	62	81	66	58	55	61	63	61	63	33	66	43	61	49	55	75	65	49	61	78	66
Niklas Klinger	29	187	85	R	B	GK	["GK"]	VfL Wolfsburg	2025	Germany	31	68	75	71	62	62	71	61	58	55	61	64	62	64	30	68	43	61	49	55	65	65	43	62	68	59
Yannick Gerhardt	30	184	81	L	B	CM	["CM","SM","DM"]	VfL Wolfsburg	2025	Germany	81	74	79	83	76	71	82	71	82	77	81	81	78	77	76	81	74	66	74	67	76	83	82	82	50	81
Mattias Olof Svanberg	26	185	75	R	B	CM	["CM","DM"]	VfL Wolfsburg	2027	Sweden	79	68	79	81	87	79	82	79	82	84	83	80	78	75	73	78	74	71	71	62	70	83	82	77	50	77
David Uyoyo Odogu	18	191	83	R	B	CBT	["CBT"]	VfL Wolfsburg	2027	Germany	47	68	74	71	66	68	70	62	65	62	64	63	58	51	61	68	59	61	62	72	74	66	46	67	50	61
Jonathan Kenechi Akaegbobi	18	183	71	R	B	CF	["CF"]	VfL Wolfsburg	2025	Germany	65	32	66	71	72	68	66	65	67	68	61	62	58	54	69	68	63	61	62	66	69	68	66	63	50	63
Bennit Bröger	18	181	71	R	B	AM	["AM","CM"]	VfL Wolfsburg	2025	Germany	65	44	75	71	68	74	67	80	78	72	73	68	63	60	61	68	64	61	63	61	66	78	67	63	50	66
Patrick Wimmer	23	182	77	R	B	WF	["WF","SM","CF"]	VfL Wolfsburg	2027	Austria	80	56	80	81	81	85	80	86	84	83	80	79	73	78	76	80	72	62	69	62	74	82	80	75	50	77
Kevin Alexander Paredes	21	175	61	L	B	SM	["SM","SB","WB"]	VfL Wolfsburg	2026	United States	75	64	79	72	78	85	76	87	81	79	76	72	72	71	71	69	66	61	65	61	66	80	76	73	50	74
Till Neininger	17	188	79	R	B	CBT	["CBT"]	VfL Wolfsburg	2026	Germany	47	68	66	71	66	66	68	62	65	62	61	62	59	53	61	68	58	61	62	68	66	65	47	66	50	61
Michael Zetterer	29	187	79	R	B	GK	["GK"]	Werder Bremen	2027	Germany	31	79	80	71	62	62	80	66	58	55	61	69	71	71	37	84	43	61	49	55	77	65	53	68	78	68
Olivier Deman	24	181	70	L	B	SB	["SB","SM","WB"]	Werder Bremen	2026	Belgium	75	68	70	87	67	77	77	78	77	71	76	75	74	76	69	75	70	67	68	74	78	77	77	82	50	76
Anthony Jung	33	185	81	L	B	CBT	["CBT","SB"]	Werder Bremen	2025	Germany	67	76	80	76	68	67	76	68	73	69	73	74	73	74	66	76	70	74	71	74	79	74	75	77	50	70
Niklas Stark	29	190	88	R	B	CBT	["CBT"]	Werder Bremen	2026	Germany	61	78	82	78	79	76	78	73	73	74	77	72	67	63	61	68	63	61	62	81	83	73	66	77	50	76
Amos Pieper	27	192	86	R	B	CBT	["CBT"]	Werder Bremen	2026	Germany	53	81	81	80	71	66	80	62	65	66	73	68	62	54	61	68	60	61	62	79	76	68	60	76	50	74
Jens Dalsgaard Stage	28	185	83	R	B	CM	["CM","DM"]	Werder Bremen	2028	Denmark	80	74	81	83	68	72	81	72	79	73	81	80	75	76	74	80	75	66	68	81	86	81	81	82	50	80
Marvin Ducksch	30	188	79	R	B	CF	["CF"]	Werder Bremen	2026	Germany	82	36	74	71	66	71	83	71	81	72	82	82	77	79	82	81	81	83	86	80	82	83	83	66	50	75
Mitchell-Elijah Weiser	30	177	70	R	B	SB	["SB","SM","WB"]	Werder Bremen	2026	Germany	81	71	76	87	83	81	83	84	84	84	81	73	77	72	73	68	72	63	74	73	78	83	83	80	50	78
Leonardo Jesus Loureiro Bittencourt	31	171	63	R	B	AM	["AM","CM"]	Werder Bremen	2025	Germany	75	61	78	78	66	80	77	86	82	72	78	76	76	74	72	74	76	76	80	61	66	81	77	78	50	76
Justin Gideon Njinmah	24	184	75	R	B	CF	["CF","SM","WF"]	Werder Bremen	2027	Germany	78	36	74	78	91	91	78	86	78	85	73	80	66	74	78	89	73	61	74	66	79	77	78	68	50	71
Miloš Veljković	29	188	83	R	B	CBT	["CBT"]	Werder Bremen	2025	Serbia	56	79	81	74	66	66	78	65	67	60	71	68	66	57	61	68	62	61	62	80	78	72	62	74	50	76
Senne Maaike Lynen	25	185	80	R	B	DM	["DM","CM"]	Werder Bremen	2028	Belgium	74	74	79	83	85	66	83	64	74	78	80	78	76	74	66	76	68	72	68	71	75	76	79	80	50	76
Oliver Burke	27	188	82	R	B	WF	["WF","SM","CF"]	Werder Bremen	2025	Scotland	73	44	83	74	90	87	73	77	69	79	71	73	67	71	70	77	64	70	63	66	85	68	73	71	50	69
Marco Grüll	26	182	74	R	B	WF	["WF","SM"]	Werder Bremen	2027	Austria	74	47	75	92	95	92	74	86	78	87	73	75	72	75	78	79	74	78	74	66	83	77	74	75	50	70
Naby Laye Keïta	29	172	64	R	B	CM	["CM","DM","AM"]	Werder Bremen	2026	Guinea	76	70	77	71	66	74	78	80	83	71	79	78	74	73	75	78	79	73	69	61	66	83	78	74	50	78
Derrick Arthur Köhn	25	180	73	L	B	SB	["SB","SM","WB"]	Werder Bremen	2025	Germany	72	71	77	85	89	90	74	88	81	85	77	79	77	79	72	81	74	75	78	67	83	79	74	79	50	72
Romano Christian Schmid	24	168	73	R	B	AM	["AM","CM","CF","SS"]	Werder Bremen	2026	Austria	80	60	76	82	79	81	81	85	84	82	81	80	73	76	66	79	74	61	74	61	66	83	81	70	50	73
Isak Hansen-Aarøen	20	173	65	R	B	AM	["AM","CM","CF","SS"]	Werder Bremen	2028	Norway	67	53	76	71	70	80	68	84	72	71	72	68	66	61	61	68	61	61	64	61	66	71	68	63	50	66
Julián Malatini	23	191	84	R	B	CBT	["CBT","SB"]	Werder Bremen	2028	Argentina	72	68	77	78	80	75	78	74	72	75	71	68	67	62	61	68	62	61	62	73	81	73	75	78	50	70
Markus Kolke	34	187	91	R	B	GK	["GK"]	Werder Bremen	2026	Germany	31	76	81	71	62	62	78	65	58	55	61	63	62	63	36	67	43	61	49	55	77	65	52	58	76	60
Felix Agu	25	180	67	R	B	SB	["SB"]	Werder Bremen	2027	Germany	75	70	76	80	86	89	78	88	78	82	75	70	63	63	61	68	64	61	67	73	78	77	78	79	50	74
Skelly Alvero	22	202	93	R	B	DM	["DM","CM"]	Werder Bremen	2027	France	67	67	93	73	68	66	73	67	75	71	76	70	68	62	61	68	64	61	62	68	79	75	73	73	50	71
Mio Backhaus	20	194	82	R	B	GK	["GK"]	Werder Bremen	2026	Germany	31	71	76	71	62	62	75	62	58	55	61	63	61	63	31	66	43	61	49	55	69	65	43	59	70	62
Marco Friedl	26	187	82	L	B	CBT	["CBT"]	Werder Bremen	2026	Austria	65	80	80	75	78	72	81	71	73	74	72	68	74	65	61	68	63	61	62	73	79	76	71	78	50	79
Abdenego N'Lola Nankishi	22	178	76	R	B	WF	["WF","SM"]	Werder Bremen	2028	Germany	65	34	73	71	83	89	70	86	73	79	68	65	62	62	62	68	61	61	62	61	74	71	70	64	50	63
Leon Opitz	19	183	79	L	B	WF	["WF","SM"]	Werder Bremen	2026	Germany	67	39	68	71	68	77	66	74	68	67	65	64	63	63	68	68	62	61	63	61	66	68	66	63	50	64
Keke Maximilian Topp	20	192	94	R	B	CF	["CF"]	Werder Bremen	2027	Germany	73	37	88	74	69	66	73	64	72	68	70	74	59	68	76	81	67	61	62	74	81	73	73	75	50	70
Wesley Adeh	18	187	77	R	B	CM	["CM","DM"]	Werder Bremen	2026	Germany	64	60	66	71	70	68	70	63	67	66	71	67	65	62	61	68	62	61	62	64	66	70	70	68	50	65
Rafael Tolói	34	185	75	R	B	CBT	["CBT"]	Atalanta	2025	Italy	59	84	81	81	69	66	83	65	72	67	76	76	67	65	62	79	66	73	62	85	85	76	65	83	50	85
Odilon Kossounou Kouakou	24	191	82	R	B	CBT	["CBT","SB"]	Atalanta	2025	Côte d'Ivoire	69	82	85	81	86	78	85	73	75	79	82	73	74	63	63	68	63	63	62	84	84	76	82	82	50	72
Isak Malcolm Kwaku Hien	26	191	90	R	B	CBT	["CBT"]	Atalanta	2028	Sweden	56	82	89	71	79	68	81	63	67	70	70	67	62	50	61	68	61	61	62	76	83	69	62	77	50	76
Benjamin Matthew Godfrey	27	184	79	R	B	CBT	["CBT","SB"]	Atalanta	2029	England	67	73	82	71	91	74	80	72	69	78	75	69	70	64	62	68	62	62	62	77	85	71	78	78	50	72
Ibrahim Sulemana Kakari	21	180	78	R	B	DM	["DM","CM"]	Atalanta	2028	Ghana	71	70	79	80	73	79	78	78	73	72	75	77	71	72	65	80	69	61	62	69	78	74	77	80	50	73
Juan Guillermo Cuadrado Bello	36	179	72	R	B	SM	["SM","SB","WF","WB"]	Atalanta	2025	Colombia	79	75	74	73	85	85	78	87	86	86	84	85	82	85	76	86	81	81	86	76	80	85	78	78	50	81
Mario Pašalić	29	186	80	R	B	CM	["CM","AM"]	Atalanta	2025	Croatia	85	67	79	86	74	73	80	74	88	79	86	83	80	77	84	81	82	69	74	73	79	89	80	84	50	84
Gianluca Scamacca	26	196	85	R	B	CF	["CF"]	Atalanta	2027	Italy	83	44	87	72	74	67	81	67	82	76	81	82	68	69	86	85	82	76	74	86	89	84	81	69	50	77
Nicolò Zaniolo	25	190	79	L	B	WF	["WF","SM","CF"]	Atalanta	2025	Italy	83	61	88	80	80	76	83	74	82	80	81	83	78	82	80	86	77	69	78	72	79	83	83	84	50	84
Ademola Olajade Alade Aylola Lookman	27	174	71	R	B	CF	["CF"]	Atalanta	2026	Nigeria	89	36	78	76	84	90	88	91	89	86	83	83	72	77	88	84	84	65	74	75	82	88	88	74	50	81
Éderson José dos Santos Lourenço da Silva	25	182	86	R	B	CM	["CM","AM"]	Atalanta	2026	Brazil	80	79	79	90	78	81	83	76	83	80	84	83	77	75	73	81	75	61	70	72	82	85	83	86	50	81
Marten Elco de Roon	33	186	76	R	B	CM	["CM","DM","CBT"]	Atalanta	2026	Netherlands	79	82	82	92	73	66	87	65	82	76	87	83	81	76	74	80	77	66	67	81	81	83	83	89	50	80
Raoul Bellanova	24	188	85	R	B	SB	["SB","SM","WB"]	Atalanta	2029	Italy	70	70	74	81	91	85	75	76	80	85	78	72	71	71	61	68	65	61	62	74	82	80	73	78	50	71
Charles De Ketelaere	23	192	79	L	B	AM	["AM","CF","SS"]	Atalanta	2027	Belgium	81	55	73	85	74	74	80	78	85	79	82	82	80	81	80	83	82	77	77	79	80	85	80	75	50	77
Berat Ridvan Gjimshiti	31	190	83	R	B	CBT	["CBT"]	Atalanta	2026	Albania	64	82	83	78	71	68	81	63	65	66	73	69	69	61	61	68	61	61	62	83	86	71	70	79	50	80
Beanou-Junior Brandon Deflorent Soppy	22	181	82	R	B	SB	["SB","SM","WB"]	Atalanta	2026	France	72	68	79	78	81	83	72	80	74	77	74	71	73	71	61	69	63	61	64	72	85	74	72	76	50	72
Matteo Ruggeri	22	187	79	L	B	WF	["WF","SM"]	Atalanta	2026	Italy	78	72	72	84	74	69	77	64	78	75	79	76	79	76	68	74	65	61	74	72	74	79	77	80	50	74
Sead Kolašinac	31	183	85	L	B	CBT	["CBT","SB"]	Atalanta	2025	Bosnia and Herzegovina	77	78	89	76	73	66	81	65	76	72	78	77	75	78	69	79	67	62	67	79	85	78	81	81	50	78
Lazar Samardžić Лазар Самарџић	22	184	79	L	B	CM	["CM","DM","AM"]	Atalanta	2025	Serbia	76	64	73	73	70	79	78	79	83	76	81	81	75	75	76	80	76	73	75	61	67	83	78	68	50	73
Federico Cassa	18	175	75	R	B	CM	["CM"]	Atalanta	2027	Italy	62	52	66	71	66	66	63	62	65	62	68	65	61	52	61	68	57	61	62	61	66	65	63	65	50	62
Marco Palestra	19	186	75	R	B	SM	["SM","SB","WB"]	Atalanta	2027	Italy	63	49	66	71	66	66	63	64	65	63	67	65	61	59	61	68	58	61	62	63	66	65	63	65	50	62
Rui Pedro dos Santos Patrício	36	190	84	L	B	GK	["GK"]	Atalanta	2025	Portugal	31	81	83	72	63	62	81	74	59	58	63	68	67	69	36	80	43	63	49	56	79	66	50	76	82	75
Marco Carnesecchi	24	191	83	R	B	GK	["GK"]	Atalanta	2026	Italy	31	87	81	72	62	62	88	70	59	55	63	66	65	66	33	75	43	63	49	56	79	66	49	66	85	68
Francesco Rossi	33	193	83	R	B	GK	["GK"]	Atalanta	2025	Italy	31	69	75	71	62	62	70	65	58	55	61	64	62	64	34	68	43	61	49	55	68	65	40	58	70	54
Mateo Retegui	25	186	86	R	B	CF	["CF"]	Atalanta	2028	Italy	84	41	86	78	79	74	79	71	77	76	76	79	68	71	85	83	76	63	68	83	83	80	79	74	50	76
Giorgio Scalvini	21	194	75	R	B	CBT	["CBT"]	Atalanta	2027	Italy	53	83	79	71	66	66	83	62	71	62	77	71	64	55	61	68	63	61	62	78	79	76	60	77	50	80
Marco Brescianini	25	188	80	L	B	CM	["CM","DM"]	Atalanta	2025	Italy	73	65	77	76	66	66	75	62	75	64	77	75	69	67	69	74	69	64	62	70	74	77	75	76	50	74
Alberto Manzoni	19	178	75	R	B	CM	["CM"]	Atalanta	2027	Italy	66	52	66	71	66	67	67	66	66	63	68	65	62	52	61	68	61	61	62	61	66	67	63	66	50	63
Vanja Vlahovic Вања Влаховић	19	184	75	R	B	CF	["CF"]	Atalanta	2028	Serbia	69	33	66	71	66	66	68	62	67	61	62	62	58	57	72	68	65	61	62	71	67	69	68	63	50	66
Viktor Kovalenko	28	182	76	R	B	CM	["CM","AM"]	Atalanta	2025	Ukraine	75	61	76	81	68	74	73	76	77	71	77	75	75	75	73	74	78	73	79	68	74	78	73	75	50	73
Davide Zappacosta	32	182	75	R	B	SB	["SB","SM","WB"]	Atalanta	2025	Italy	79	76	70	83	79	80	81	77	81	79	81	81	81	83	69	81	77	68	79	76	79	80	78	81	50	78
Łukasz Skorupski	33	188	90	R	B	GK	["GK"]	Bologna	2025	Poland	31	82	79	71	62	62	85	69	58	56	62	65	64	65	34	73	43	62	49	56	77	66	53	74	82	66
Emil Alfons Holm	24	191	83	R	B	SM	["SM","SB","WB"]	Bologna	2028	Sweden	76	67	88	88	87	82	77	72	78	82	76	75	75	76	66	75	68	61	68	72	88	78	77	83	50	75
Stefan Posch	27	190	82	R	B	SB	["SB","CBT"]	Bologna	2026	Austria	78	79	80	76	81	75	81	66	75	76	79	73	77	73	63	68	65	62	70	83	88	78	80	77	50	74
Martin Erlić	26	192	88	R	B	CBT	["CBT"]	Bologna	2028	Croatia	52	78	83	71	71	66	77	62	65	66	69	66	62	51	61	68	59	61	62	78	78	66	58	75	50	79
Nikola Moro	26	184	78	R	B	DM	["DM","CM"]	Bologna	2027	Croatia	78	71	78	83	72	71	77	72	79	75	81	83	78	78	76	85	76	75	73	75	79	81	77	79	50	78
Riccardo Orsolini	27	183	83	L	B	WF	["WF","SM"]	Bologna	2027	Italy	82	57	78	80	81	84	81	85	87	84	82	83	83	86	83	85	85	81	85	71	81	86	81	69	50	76
Remo Marco Freuler	32	180	80	R	B	DM	["DM","CM"]	Bologna	2026	Switzerland	84	80	72	92	66	68	85	70	84	72	86	82	78	74	77	79	79	77	67	63	68	86	85	85	50	81
Santiago Tomás Castro	20	182	76	R	B	CF	["CF","WF","SM"]	Bologna	2028	Argentina	78	42	79	71	81	83	76	82	79	80	74	77	69	76	80	82	77	62	64	78	86	79	76	75	50	76
Karl Jesper Karlsson	26	179	68	R	B	WF	["WF","SM"]	Bologna	2028	Sweden	78	42	76	78	79	82	78	84	83	81	77	78	75	78	77	80	81	80	85	62	68	83	78	71	50	73
Dan Assane Ndoye	24	184	79	R	B	WF	["WF","SM"]	Bologna	2027	Switzerland	77	68	74	83	86	85	76	85	82	85	76	76	72	78	71	79	74	66	71	63	76	81	76	76	50	73
Samuel Iling-Junior	21	182	75	L	B	WF	["WF","SM"]	Bologna	2025	England	72	45	73	79	83	85	75	85	82	83	78	75	75	76	68	73	73	71	79	61	70	81	75	69	50	67
Nicolò Casale	26	191	80	R	B	CBT	["CBT"]	Bologna	2025	Italy	64	79	84	73	80	74	80	70	74	77	76	75	73	75	61	76	62	61	66	80	88	73	70	77	50	80
Tommaso Corazza	20	174	72	R	B	SB	["SB","SM","WB"]	Bologna	2026	Italy	70	67	74	71	74	67	73	71	74	74	72	72	68	73	61	74	66	73	74	66	70	73	68	69	50	68
Oussama El Azzouzi أسامة العزوزي	23	189	75	R	B	DM	["DM","CM"]	Bologna	2027	Morocco	69	70	71	73	66	66	76	66	75	67	78	76	69	68	64	74	68	61	62	73	72	76	73	75	50	71
Tommaso Pobega	25	188	75	L	B	CM	["CM","DM"]	Bologna	2025	Italy	81	75	83	84	78	77	82	77	79	78	78	80	77	79	79	82	78	70	69	81	89	80	82	82	50	78
Lewis Ferguson	25	181	75	R	B	CM	["CM","AM"]	Bologna	2027	Scotland	83	73	79	93	79	78	78	79	83	80	82	82	77	76	81	81	81	73	74	80	86	85	78	89	50	85
Michel Aebischer	28	183	78	R	B	CM	["CM","DM","SM"]	Bologna	2026	Switzerland	75	75	76	85	67	77	81	78	79	72	83	80	77	75	73	77	73	72	72	70	79	81	78	79	50	75
Jens Odgaard	25	188	80	L	B	CF	["CF","WF","SM"]	Bologna	2027	Denmark	78	50	82	84	77	76	78	74	77	77	76	78	72	76	77	81	77	67	72	77	86	77	78	78	50	75
Charalampos Lykogiannis	31	191	90	L	B	SB	["SB","SM","WB"]	Bologna	2025	Greece	72	71	82	72	85	75	76	66	77	79	77	81	79	84	70	86	77	83	85	71	82	78	73	69	50	68
Nicola Bagnolini	20	194	87	R	B	GK	["GK"]	Bologna	2026	Italy	31	69	76	71	62	62	72	60	58	55	61	63	61	63	31	66	43	61	49	55	67	65	42	56	69	58
Thijs Dallinga	24	190	72	R	B	CF	["CF"]	Bologna	2028	Netherlands	84	34	74	80	78	74	81	67	79	76	78	78	64	68	83	79	77	62	70	84	85	82	81	69	50	75
Jhon Janer Lucumí Bonilla	26	187	86	L	B	CBT	["CBT"]	Bologna	2025	Colombia	57	82	85	76	73	68	80	63	71	68	78	73	72	67	61	68	63	61	62	80	86	76	64	77	50	77
Nicolò Cambiaghi	24	173	74	R	B	WF	["WF","SM","CF"]	Bologna	2029	Italy	78	41	76	76	80	79	79	79	81	82	76	78	71	78	76	82	76	61	71	71	78	80	79	76	50	74
Lorenzo De Silvestri	36	187	92	R	B	SB	["SB","SM","WB"]	Bologna	2025	Italy	79	71	80	73	72	66	76	68	74	72	78	77	77	78	73	76	71	70	71	80	85	76	76	74	50	76
Benjamín Domínguez	21	172	68	R	B	WF	["WF","SM"]	Bologna	2029	Argentina	72	47	74	84	86	85	69	83	78	82	75	72	72	70	74	70	68	67	68	61	66	78	69	76	50	72
Sam Beukema	26	188	77	R	B	CBT	["CBT"]	Bologna	2027	Netherlands	66	81	82	76	66	66	82	62	70	65	78	74	68	61	61	72	65	61	62	83	80	73	71	78	50	79
Juan Miranda González	25	185	76	L	B	SB	["SB"]	Bologna	2027	Spain	74	73	71	74	87	85	77	81	79	83	78	80	76	81	65	82	70	78	76	76	82	80	76	76	50	75
Federico Ravaglia	25	196	88	R	B	GK	["GK"]	Bologna	2028	Italy	31	76	79	71	62	62	79	65	58	55	61	65	63	65	34	72	43	61	49	55	73	65	45	55	75	57
Niklas Anton Juhana Pyyhtiä	21	188	78	L	B	CM	["CM","DM"]	Bologna	2026	Finland	65	55	70	71	66	66	66	64	73	64	76	72	69	65	64	70	65	65	70	66	67	74	66	65	50	66
Giovanni Fabbian	22	186	75	R	B	CM	["CM","AM"]	Bologna	2028	Italy	80	68	74	77	70	74	78	76	79	74	81	79	74	73	78	78	77	71	73	76	74	81	78	76	50	78
Kacper Urbański	20	178	58	R	B	AM	["AM","CM","SM"]	Bologna	2025	Poland	68	53	76	71	68	79	66	84	79	74	77	74	71	68	68	72	73	68	70	61	66	79	66	63	50	68
Giuseppe Ciocci	22	190	85	R	B	GK	["GK"]	Cagliari	2027	Italy	31	69	75	71	62	62	72	60	58	55	61	61	60	61	31	66	43	61	49	55	67	65	42	59	69	59
Tommaso Augello	30	180	70	L	B	SB	["SB","SM","WB"]	Cagliari	2025	Italy	73	69	73	80	78	74	76	76	77	76	74	71	76	76	61	69	70	67	79	68	67	78	74	75	50	71
Sebastiano Luperto	28	191	75	L	B	CBT	["CBT"]	Cagliari	2028	Italy	62	83	79	75	68	70	81	70	69	66	74	70	68	66	61	68	62	61	62	81	85	73	68	78	50	79
Michel Ndary Adopo	24	187	84	R	B	CM	["CM","DM"]	Cagliari	2025	France	73	69	79	71	70	67	77	69	75	72	76	76	69	68	64	76	66	61	63	68	76	76	76	73	50	74
Gianluca Lapadula Vargas	34	178	71	L	B	CF	["CF"]	Cagliari	2026	Peru	80	44	78	73	73	72	77	76	76	74	73	76	61	69	80	80	74	71	62	78	79	77	77	79	50	79
Benito Nicolas Viola	35	180	77	L	B	AM	["AM"]	Cagliari	2025	Italy	74	60	73	71	66	68	71	70	81	68	81	80	82	82	74	79	79	83	86	71	72	82	71	73	50	77
Alessandro Deiola	29	189	85	R	B	CM	["CM","DM"]	Cagliari	2025	Italy	77	71	81	82	66	66	78	68	72	65	75	77	69	71	70	81	72	70	62	75	77	73	76	81	50	77
Matteo Prati	21	185	75	R	B	DM	["DM","CM"]	Cagliari	2028	Italy	74	70	71	80	66	66	77	69	77	70	79	78	77	76	68	78	75	68	74	73	73	79	76	76	50	75
Răzvan Gabriel Marin	28	178	75	R	B	CM	["CM","DM"]	Cagliari	2025	Romania	78	68	75	83	68	71	79	75	79	73	81	83	80	83	74	85	79	79	83	67	72	80	79	81	50	78
Nadir Zortea	25	175	70	R	B	SB	["SB","SM","WB"]	Cagliari	2028	Italy	76	70	69	73	79	79	76	77	78	78	74	75	74	78	67	78	68	61	73	64	73	78	76	74	50	74
Jakub Jankto	29	184	74	L	B	CM	["CM","SM"]	Cagliari	2025	Czechia	78	66	69	74	74	78	76	78	77	75	77	77	76	77	71	79	73	66	73	70	72	78	76	76	50	77
Simone Scuffet	28	193	77	R	B	GK	["GK"]	Cagliari	2026	Italy	31	77	80	71	62	62	80	71	58	55	61	64	62	64	40	70	43	61	49	55	75	65	50	73	77	65
Mateusz Wieteska	27	187	77	R	B	CBT	["CBT"]	Cagliari	2027	Poland	57	78	80	71	66	66	77	68	67	61	71	67	62	54	61	68	61	61	62	78	77	71	62	75	50	76
José Luis Palomino	35	188	87	L	B	CBT	["CBT"]	Cagliari	2025	Argentina	55	79	87	71	66	66	78	62	67	60	72	68	67	62	61	68	61	61	62	80	80	70	60	77	50	82
Yerry Fernando Mina González	30	195	94	R	B	CBT	["CBT"]	Cagliari	2025	Colombia	59	82	90	71	66	66	78	62	68	60	73	70	63	61	62	70	60	62	62	83	81	69	63	79	50	84
Gabriele Zappa	25	183	78	R	B	SB	["SB","SM","CBT","WB"]	Cagliari	2025	Italy	75	68	70	84	84	72	75	73	74	79	72	71	71	73	63	73	62	61	68	65	71	73	75	79	50	71
Antoine Makoumbou	26	187	80	R	B	DM	["DM","CM"]	Cagliari	2026	Congo	69	69	78	89	74	78	78	80	80	77	78	76	70	69	66	75	66	61	70	68	79	80	75	83	50	72
Leonardo Pavoletti	36	188	85	R	B	CF	["CF"]	Cagliari	2026	Italy	78	47	82	71	66	66	71	63	70	65	73	74	59	61	78	76	70	61	62	87	83	72	71	74	50	76
Velizar-Iliya Iliev Велизар-Илия Светозаров Илиев	19	194	88	R	B	GK	["GK"]	Cagliari	2025	Bulgaria	31	68	74	71	62	62	70	62	58	55	61	60	59	60	33	66	43	61	49	55	66	65	42	58	68	57
Adam Obert	22	186	80	L	B	CBT	["CBT","SB"]	Cagliari	2027	Slovakia	66	71	74	71	68	71	77	72	72	68	74	69	73	69	61	68	62	61	70	73	76	73	74	69	50	64
Paulo Daniel Dentello Azzi	30	188	80	R	B	SB	["SB","SM","WB"]	Cagliari	2025	Brazil	74	63	73	79	86	82	76	80	76	82	73	74	70	75	68	76	68	64	75	67	78	74	76	76	50	72
Gianluca Gaetano	24	175	70	R	B	AM	["AM","CM"]	Cagliari	2025	Italy	78	54	74	74	66	73	75	74	80	72	79	79	75	76	77	79	76	73	79	68	69	81	75	73	50	77
Alen Sherri	27	197	83	R	B	GK	["GK"]	Cagliari	2027	Albania	31	72	80	71	62	62	74	62	58	55	61	64	62	64	34	70	43	61	49	55	69	65	46	67	72	62
Zito André Sebastião Luvumbo	22	171	65	L	B	CF	["CF","SM","WF"]	Cagliari	2027	Angola	79	48	79	75	85	93	79	92	81	85	76	77	70	77	77	79	73	61	76	66	80	78	79	75	50	75
Kingstone Mutandwa	22	180	78	R	B	CF	["CF"]	Cagliari	2028	Zambia	71	38	72	71	75	79	71	77	72	73	67	69	61	67	70	74	66	61	62	68	78	71	71	70	50	68
Roberto Piccoli	23	190	83	R	B	CF	["CF"]	Cagliari	2025	Italy	79	38	77	71	75	68	79	65	73	72	72	74	59	64	78	77	73	61	62	78	81	76	79	71	50	72
Mattia Felici	23	182	68	R	B	SM	["SM","SB","WB"]	Cagliari	2027	Italy	70	51	74	75	81	82	69	82	76	78	72	70	69	71	69	70	68	63	74	61	66	76	69	74	50	72
Emil Audero Mulyadi	28	192	83	R	B	GK	["GK"]	Como	2028	Italy	31	81	79	71	62	62	85	71	58	55	61	67	64	67	37	77	43	61	49	55	79	65	51	73	81	64
Marc Oliver Kempf	29	186	87	L	B	CBT	["CBT"]	Como	2027	Germany	52	77	84	78	78	74	77	71	69	71	71	69	67	60	61	69	61	61	62	78	86	71	57	77	50	76
Marco Sala	25	182	72	L	B	SB	["SB","SM","WB"]	Como	2026	Italy	71	68	73	81	84	85	73	83	74	78	74	70	73	70	62	68	64	66	72	65	76	73	73	76	50	70
Edoardo Goldaniga	31	188	79	R	B	CBT	["CBT"]	Como	2026	Italy	51	78	84	73	66	66	77	68	65	62	69	66	62	57	61	68	60	61	62	76	80	67	56	76	50	76
Alessio Iovine	33	174	70	R	B	SB	["SB","SM","WB"]	Como	2025	Italy	74	70	74	82	75	71	77	74	76	74	74	70	73	69	61	68	73	61	72	67	71	76	77	74	50	70
Gabriel Tadeu Strefezza Rebelato	27	168	63	R	B	WF	["WF","SM"]	Como	2027	Brazil	79	41	76	83	85	93	77	93	79	82	79	73	77	73	75	68	70	61	79	61	66	79	77	72	50	73
Daniele Baselli	32	182	75	R	B	CM	["CM","DM"]	Como	2025	Italy	74	69	76	71	70	68	73	75	77	73	78	78	76	76	70	79	76	78	79	69	72	77	73	70	50	74
Alessandro Gabrielloni	30	178	79	R	B	CF	["CF"]	Como	2027	Italy	75	41	74	73	80	78	76	79	75	76	70	68	61	64	76	69	72	61	70	73	79	76	76	67	50	68
Patrick Cutrone	27	183	79	R	B	CF	["CF","AM","SS"]	Como	2028	Italy	79	40	80	75	79	76	78	72	82	80	76	76	67	73	80	78	78	61	76	78	85	82	78	72	50	73
Andrea Belotti	31	181	84	R	B	CF	["CF"]	Como	2026	Italy	86	45	84	78	75	71	83	74	80	76	76	77	60	66	83	82	77	67	69	86	90	80	83	82	50	81
Alberto Dossena	26	195	77	R	B	CBT	["CBT"]	Como	2028	Italy	54	80	83	71	66	66	81	64	68	62	70	70	63	63	61	73	61	61	62	79	79	70	60	75	50	79
Ali-Jasim El-Aibi Al-Tameemi علي جاسم	21	178	75	R	B	WF	["WF","SM"]	Como	2027	Iraq	66	31	69	73	72	73	63	71	71	71	63	65	66	69	69	71	69	61	70	67	71	70	63	67	50	64
Alieu Fadera	23	186	80	R	B	WF	["WF","SM"]	Como	2028	Gambia	71	63	77	77	85	84	71	85	80	83	73	73	70	73	71	74	70	61	71	63	77	80	71	77	50	73
Alberto Cerri	28	194	91	R	B	CF	["CF"]	Como	2026	Italy	72	48	92	71	66	66	68	62	73	63	65	70	58	64	78	79	72	61	69	79	80	74	68	63	50	67
Alberto Moreno Pérez	32	171	65	L	B	SB	["SB"]	Como	2025	Spain	81	72	76	79	83	80	80	82	80	81	81	82	79	82	73	83	72	66	77	70	75	80	80	82	50	80
Sergio Roberto Carnicer	32	178	68	R	B	SB	["SB","CM"]	Como	2026	Spain	78	75	75	89	80	74	82	74	83	81	85	77	84	77	72	70	70	70	81	77	78	84	82	82	50	79
Mauro Vigorito	34	187	79	R	B	GK	["GK"]	Como	2025	Italy	31	71	75	71	62	62	72	64	58	55	61	63	61	63	39	66	43	61	49	55	68	65	46	66	71	58
Máximo Perrone	22	178	64	L	B	CM	["CM","DM"]	Como	2025	Argentina	72	71	74	81	76	76	76	77	79	77	81	74	70	61	64	68	67	61	66	66	74	81	72	77	50	75
José Manuel Reina Páez	42	188	92	R	B	GK	["GK"]	Como	2025	Spain	31	81	81	72	62	62	80	68	59	55	63	68	67	69	37	80	43	63	49	56	76	66	51	76	81	75
Yannik Engelhardt	23	184	74	R	B	DM	["DM","CM"]	Como	2027	Germany	68	71	74	85	68	73	74	71	72	68	77	71	70	64	61	68	62	61	62	68	74	74	74	79	50	71
Matthias Braunöder	22	174	67	R	B	CM	["CM","DM"]	Como	2027	Austria	72	69	77	91	79	86	78	88	78	78	79	76	74	72	61	73	76	73	74	61	66	79	78	84	50	74
Lucas Da Cunha	23	176	69	L	B	WF	["WF","SM","AM"]	Como	2026	France	76	44	73	71	80	84	77	85	82	81	77	77	75	76	71	79	80	81	79	66	73	82	77	65	50	72
Luca Mazzitelli	29	187	76	R	B	CM	["CM","DM"]	Como	2027	Italy	71	63	72	72	66	66	77	65	79	67	83	81	79	76	64	78	76	71	74	65	66	81	77	75	50	75
Moutir Chajia	26	181	72	R	B	WF	["WF","SM","AM"]	Como	2025	Belgium	69	43	74	71	80	76	73	78	77	79	76	74	71	70	67	74	75	71	76	61	66	76	73	63	50	68
Ignace Van der Brempt	22	187	76	R	B	SB	["SB","CBT"]	Como	2025	Belgium	74	69	78	79	77	83	73	78	75	74	73	69	73	69	68	68	63	61	62	63	79	76	73	78	50	75
Nicolás Paz Martínez	20	186	81	L	B	AM	["AM","CM"]	Como	2028	Argentina	74	50	71	75	74	72	73	72	79	76	78	72	74	68	70	68	70	63	69	61	66	80	73	66	50	71
Simone Verdi	32	174	72	L	B	AM	["AM","CF","SS"]	Como	2025	Italy	74	49	76	71	74	85	75	87	83	77	79	76	77	75	69	74	78	85	83	61	66	84	75	65	50	71
Federico Barba	31	185	80	L	B	CBT	["CBT"]	Como	2026	Italy	52	79	80	75	71	70	77	72	69	68	73	69	71	66	61	68	61	61	62	76	83	71	56	76	50	76
Benjamin Lhassine Kone	24	172	70	L	B	CM	["CM"]	Como	2027	Côte d'Ivoire	71	60	76	78	78	82	71	83	76	77	76	75	71	70	68	75	66	61	66	61	69	75	71	73	50	70
Samuele Perisan	27	192	83	R	B	GK	["GK"]	Empoli	2025	Italy	31	74	77	71	62	62	78	63	58	55	61	65	63	65	40	72	43	61	49	55	71	65	49	67	73	57
Saba Goglichidze საბა გოგლიჩიძე	20	182	78	R	B	CBT	["CBT"]	Empoli	2027	Georgia	49	71	67	71	66	66	70	62	65	61	67	65	59	50	61	68	60	61	62	72	69	67	52	69	50	64
Giuseppe Pezzella	27	187	81	L	B	SB	["SB","SM","WB"]	Empoli	2026	Italy	76	70	73	78	74	72	78	70	76	74	76	76	75	78	61	77	66	61	74	72	75	76	78	78	50	74
Alberto Grassi	29	183	75	R	B	CM	["CM","DM"]	Empoli	2026	Italy	75	68	68	73	66	68	76	68	78	67	78	76	74	72	67	74	71	67	69	71	69	78	76	73	50	75
Liam Henderson	28	183	76	R	B	CM	["CM","AM"]	Empoli	2025	Scotland	74	71	80	86	79	72	77	77	75	76	77	76	73	71	68	76	71	71	72	66	75	76	77	83	50	75
Salomon Junior Sambia	28	185	73	R	B	SB	["SB","SM","WB"]	Empoli	2025	France	73	69	71	74	72	69	73	73	74	72	73	78	76	81	68	85	70	80	77	70	73	75	71	72	50	73
Faustino Adebola Rasheed Anjorin	23	185	81	R	B	AM	["AM","SM","WF"]	Empoli	2027	England	68	51	82	71	81	78	68	78	74	78	72	71	69	69	71	73	67	70	68	61	77	73	68	68	50	69
Pietro Pellegri	23	189	87	R	B	CF	["CF"]	Empoli	2025	Italy	74	31	76	71	66	66	71	65	76	69	68	71	60	66	77	76	68	64	62	74	75	77	71	63	50	67
Jacopo Fazzini	21	178	70	R	B	CM	["CM","AM"]	Empoli	2027	Italy	76	62	71	78	71	74	76	76	77	73	78	76	74	74	73	75	70	68	66	64	66	77	76	76	50	74
Emanuel Quartsin Gyasi	31	181	70	R	B	WF	["WF","SM","CF"]	Empoli	2025	Ghana	79	56	77	81	81	84	80	81	78	80	77	74	71	73	72	71	66	61	68	63	78	77	80	74	50	74
Liberato Gianpaolo Cacace	24	184	81	L	B	SB	["SB","SM","WB"]	Empoli	2025	New Zealand	76	71	79	84	75	76	74	74	74	74	76	71	70	68	68	68	65	68	70	72	81	74	74	80	50	75
Saba Sazonov საბა საზონოვი	22	194	84	R	B	CBT	["CBT"]	Empoli	2025	Georgia	53	79	80	73	73	66	79	65	69	68	77	75	69	71	61	74	62	61	62	79	81	72	59	78	50	76
Luca Belardinelli	23	190	75	R	B	DM	["DM","CM"]	Empoli	2025	Italy	67	65	75	77	75	69	72	69	70	70	77	71	69	62	61	68	62	61	62	73	77	72	72	74	50	68
Ola Selvaag Solbakken	26	189	82	L	B	WF	["WF","SM"]	Empoli	2025	Norway	76	45	73	85	85	83	72	84	78	80	76	74	71	72	78	73	69	61	71	61	69	78	72	76	50	73
Emmanuel Ekong	22	176	72	R	B	CF	["CF"]	Empoli	2027	Sweden	68	32	71	72	77	79	66	76	70	72	63	65	58	59	73	69	66	61	62	72	75	71	66	65	50	65
Mattia Viti	22	190	82	L	B	CBT	["CBT"]	Empoli	2025	Italy	52	77	74	71	73	68	76	64	65	67	73	69	62	54	61	68	60	61	62	78	79	68	57	71	50	72
Mattia De Sciglio	32	183	78	R	B	SB	["SB"]	Empoli	2025	Italy	74	77	75	76	71	69	80	73	79	74	79	75	79	76	62	72	65	62	81	76	75	80	78	74	50	72
Devis Estiven Vásquez Llach	26	195	93	R	B	GK	["GK"]	Empoli	2025	Colombia	31	74	80	71	62	62	77	63	58	55	61	66	63	66	31	74	43	61	49	55	71	65	48	61	74	62
Tyronne Efe Ebuehi	29	187	72	R	B	SB	["SB"]	Empoli	2025	Nigeria	74	70	72	80	91	81	78	80	75	84	76	74	71	74	61	73	62	61	62	70	79	73	78	79	50	68
Szymon Piotr Żurkowski	27	185	79	R	B	CM	["CM","AM"]	Empoli	2025	Poland	78	69	81	85	80	73	76	76	78	79	78	79	74	78	76	81	74	67	73	72	79	78	76	82	50	78
Lorenzo Colombo	22	183	74	L	B	CF	["CF"]	Empoli	2025	Italy	79	35	78	71	76	69	75	70	76	75	68	74	58	67	79	84	74	61	62	77	81	77	75	74	50	74
Nicolas Thibault Haas	28	181	74	R	B	CM	["CM"]	Empoli	2025	Switzerland	73	67	77	78	81	77	76	82	74	77	76	74	74	72	67	73	68	66	66	68	74	75	76	75	50	73
Ardian Ismajli	28	185	76	R	B	CBT	["CBT"]	Empoli	2025	Albania	52	80	74	71	73	71	80	71	67	68	71	68	63	55	61	68	60	61	62	77	79	68	55	72	50	75
Luca Marianucci	20	186	75	R	B	CBT	["CBT"]	Empoli	2027	Italy	50	69	66	71	66	66	68	62	65	60	63	63	60	53	61	68	60	61	62	63	66	67	53	67	50	60
Ismael Konate	18	180	75	R	B	CF	["CF"]	Empoli	2026	Italy	61	31	66	71	70	72	63	68	65	66	62	62	58	53	67	68	57	61	62	61	66	65	60	63	50	61
Youssef Maleh يوسف مالح	26	177	74	L	B	CM	["CM"]	Empoli	2025	Morocco	76	70	72	79	66	71	75	74	77	69	81	76	77	74	72	73	72	71	79	62	66	78	75	77	50	76
Hemsley Chizorba Akpa-Chukwu	19	189	80	R	B	CF	["CF","AM","SS"]	Empoli	2025	Cameroon	64	31	79	71	66	66	63	62	70	66	66	65	60	56	72	68	65	61	62	69	74	72	60	63	50	65
Federico Brancolini	23	192	78	R	B	GK	["GK"]	Empoli	2027	Italy	31	68	75	71	62	62	66	57	58	55	61	64	62	64	31	69	43	61	49	55	62	65	38	51	68	58
Sebastiano Esposito	22	183	73	R	B	CF	["CF","AM","SS"]	Empoli	2025	Italy	77	39	73	73	75	79	72	79	79	77	77	77	78	79	78	79	77	85	79	72	79	80	72	65	50	71
Pietro Terracciano	34	193	78	R	B	GK	["GK"]	Fiorentina	2026	Italy	31	82	81	71	62	62	85	69	58	55	61	67	65	67	34	78	43	61	49	55	78	65	50	74	82	68
Domilson Cordeiro dos Santos	26	166	68	R	B	SB	["SB","SM","WB"]	Fiorentina	2027	Brazil	81	74	79	81	88	85	79	84	81	84	81	76	77	76	68	71	66	63	75	65	78	82	79	79	50	79
Cristiano Biraghi	32	185	78	L	B	SB	["SB","CBT"]	Fiorentina	2025	Italy	81	78	75	83	76	77	83	76	81	78	81	82	83	86	68	85	75	89	85	76	79	82	83	82	50	79
Edoardo Bove	22	175	64	R	B	CM	["CM"]	Fiorentina	2025	Italy	80	79	77	81	72	69	83	69	80	75	81	80	73	72	74	79	72	65	62	71	74	81	83	83	50	79
Marin Pongračić	27	193	85	R	B	CBT	["CBT"]	Fiorentina	2027	Croatia	52	79	86	71	70	66	77	67	69	68	73	69	64	50	61	68	61	61	62	81	85	71	57	75	50	78
Luca Ranieri	25	187	76	L	B	CBT	["CBT","SB"]	Fiorentina	2028	Italy	71	77	71	71	79	68	80	67	75	75	74	69	69	65	61	68	64	61	67	80	79	78	79	76	50	68
Riccardo Sottil	25	180	70	R	B	WF	["WF","SM"]	Fiorentina	2026	Italy	78	42	72	71	89	91	77	85	82	85	78	75	72	73	73	73	71	61	66	61	66	82	77	65	50	72
Rolando Mandragora	27	183	75	L	B	DM	["DM","CM"]	Fiorentina	2026	Italy	74	77	77	85	66	66	80	68	81	68	83	84	78	80	73	85	77	72	71	73	73	81	79	80	50	76
Lucas Beltrán	23	176	76	R	B	CF	["CF","AM","SS"]	Fiorentina	2028	Argentina	82	50	82	76	73	79	79	80	79	76	78	78	70	70	83	78	76	61	69	74	85	80	79	80	50	82
Albert Guðmundsson	27	178	78	R	B	CF	["CF"]	Fiorentina	2025	Iceland	81	39	80	81	89	88	82	87	85	88	79	80	71	75	85	82	79	71	78	78	89	85	82	73	50	74
Nanitamo Jonathan Ikoné	26	175	73	L	B	WF	["WF","SM"]	Fiorentina	2026	France	79	42	75	76	90	91	79	93	85	88	79	77	76	77	73	77	73	78	81	63	67	83	79	75	50	78
Pietro Comuzzo	19	183	75	R	B	CBT	["CBT"]	Fiorentina	2028	Italy	51	75	66	71	66	66	74	62	65	61	63	63	58	53	61	68	58	61	62	75	68	65	55	73	50	73
Moise Bioty Kean	24	183	72	R	B	CF	["CF"]	Fiorentina	2029	Italy	82	46	82	81	87	85	78	83	81	84	75	79	60	71	81	86	75	62	74	83	92	80	78	75	50	74
Robin Everardus Gosens	30	183	76	L	B	SB	["SB","SM","WB"]	Fiorentina	2025	Germany	83	75	79	89	74	79	83	77	81	76	82	80	81	79	83	79	76	68	74	83	90	82	83	87	50	81
Matías Agustín Moreno	21	193	81	R	B	CBT	["CBT"]	Fiorentina	2029	Argentina	50	73	79	72	66	66	71	65	65	61	61	62	58	51	61	68	57	61	62	75	79	65	53	68	50	62
Andrea Colpani	25	184	75	L	B	AM	["AM","SM","WF"]	Fiorentina	2025	Italy	80	67	74	82	82	77	80	77	83	82	83	82	79	79	80	81	80	80	82	73	79	83	80	74	50	76
Michael Amir Junior Richardson مايكل أمير ريتشاردسون	22	195	79	L	B	CM	["CM","DM"]	Fiorentina	2029	Morocco	75	69	77	81	84	68	76	70	78	81	80	78	71	68	71	76	69	61	74	67	74	78	76	79	50	77
Lucas Martínez Quarta	28	183	78	R	B	CBT	["CBT"]	Fiorentina	2025	Argentina	64	81	81	76	68	66	80	71	76	70	81	75	76	70	64	70	66	62	63	83	82	78	68	82	50	85
Yacine Adli ياسين عدلي	24	186	78	R	B	DM	["DM","CM","AM"]	Fiorentina	2025	France	78	74	74	75	74	76	81	76	82	77	83	80	82	77	73	76	78	79	80	70	77	83	81	77	50	79
Tommaso Martinelli	19	196	90	R	B	GK	["GK"]	Fiorentina	2026	Italy	31	71	79	71	62	62	73	62	58	55	61	63	61	63	31	66	43	61	49	55	69	65	35	56	72	57
Danilo Cataldi	30	180	70	R	B	DM	["DM","CM"]	Fiorentina	2025	Italy	77	75	76	80	69	76	83	76	82	75	84	84	78	79	73	85	78	83	83	73	78	83	83	80	50	78
Michael Olabode Kayode	20	179	70	R	B	SB	["SB"]	Fiorentina	2028	Italy	79	76	69	71	69	71	79	68	80	74	71	68	67	67	61	68	65	61	62	71	67	81	78	74	50	72
David de Gea Quintana	34	192	76	R	B	GK	["GK"]	Fiorentina	2025	Spain	31	87	81	72	62	62	88	76	59	55	63	65	65	65	36	73	43	63	49	56	79	66	54	73	84	68
Oliver Christensen	25	190	82	R	B	GK	["GK"]	Fiorentina	2028	Denmark	31	77	78	71	62	62	82	66	58	55	61	66	63	66	29	74	43	61	49	55	75	65	44	64	77	67
Fabiano Parisi	24	178	72	L	B	SB	["SB"]	Fiorentina	2028	Italy	76	76	78	81	80	81	79	80	81	81	78	79	78	81	68	81	76	76	76	61	76	80	79	79	50	73
Tommaso Rubino	18	179	68	R	B	AM	["AM"]	Fiorentina	2026	Italy	67	40	66	71	71	70	66	68	68	68	69	66	62	55	69	68	61	61	62	61	66	69	66	63	50	65
Christian Michael Kouamé Kouakou	27	185	70	R	B	CF	["CF","WF","SM"]	Fiorentina	2027	Côte d'Ivoire	82	44	73	76	82	78	80	79	80	82	78	78	74	76	78	78	74	61	62	81	85	79	80	76	50	78
Nicola Leali	31	188	78	R	B	GK	["GK"]	Genoa	2026	Italy	31	74	76	71	62	62	76	65	58	55	61	62	61	62	35	66	43	61	49	55	73	65	46	69	76	63
Morten Thorsby	28	189	79	R	B	CM	["CM"]	Genoa	2025	Norway	77	71	77	85	66	68	78	68	77	66	78	75	76	73	70	74	68	61	62	85	86	78	78	84	50	78
Aarón Martín Caricol	27	178	70	L	B	SB	["SB","SM","WB"]	Genoa	2026	Spain	73	73	73	78	66	71	77	76	79	68	78	76	77	77	61	74	69	86	85	71	73	80	76	73	50	70
Koni De Winter	22	191	75	R	B	CBT	["CBT","SB"]	Genoa	2028	Belgium	66	73	79	73	74	70	76	69	73	72	73	68	69	63	61	68	62	61	62	77	82	73	76	73	50	65
Emil Bohinen	25	189	81	L	B	CM	["CM","DM"]	Genoa	2027	Norway	74	71	74	75	66	68	75	71	76	69	78	74	74	70	68	71	68	71	73	66	70	76	73	74	50	74
Vítor Manuel Carvalho Oliveira	24	178	74	R	B	CF	["CF"]	Genoa	2025	Portugal	80	35	81	81	75	79	79	79	79	77	73	76	67	73	80	81	77	66	68	78	87	78	79	84	50	80
Junior Walter Messias	33	179	70	L	B	SM	["SM","WF","CM"]	Genoa	2025	Brazil	78	53	71	71	82	81	76	82	82	82	78	76	75	74	78	75	77	76	78	69	74	82	76	67	50	74
Gastón Rodrigo Pereiro López	29	188	79	L	B	CF	["CF","AM","SS"]	Genoa	2025	Uruguay	72	45	78	71	78	73	67	76	78	78	77	77	75	76	74	79	76	76	78	76	79	78	67	65	50	71
Mattia Bani	31	188	81	R	B	CBT	["CBT"]	Genoa	2026	Italy	52	76	79	71	66	66	76	62	65	60	71	67	62	48	61	68	59	61	62	76	77	65	51	71	50	74
Alessandro Vogliacco	26	186	78	R	B	CBT	["CBT"]	Genoa	2026	Italy	56	76	74	71	74	66	74	62	65	68	68	65	63	64	61	68	60	61	62	74	74	67	61	72	50	69
Brooke Dion Nelson Norton-Cuffy	21	181	70	R	B	SB	["SB"]	Genoa	2029	England	68	63	74	78	83	82	71	79	75	79	68	65	68	67	61	68	62	61	62	68	79	73	71	75	50	68
Ruslan Malinovskyi Маліновський Руслан Володимирович	31	181	79	L	B	CM	["CM","AM"]	Genoa	2027	Ukraine	81	63	82	83	71	73	81	73	84	76	83	86	83	86	80	90	81	88	87	79	84	84	81	83	50	82
Caleb Ansah Ekuban	30	182	80	R	B	CF	["CF","WF","SM"]	Genoa	2026	Ghana	74	33	85	83	85	82	71	79	74	79	72	72	70	72	76	74	72	61	76	73	88	73	71	80	50	75
Andrea Pinamonti	25	188	72	R	B	CF	["CF"]	Genoa	2025	Italy	78	31	77	82	74	75	77	74	77	74	71	76	59	69	80	82	77	64	70	80	86	79	77	73	50	67
Stefano Sabelli	32	176	70	R	B	SB	["SB","SM","WB"]	Genoa	2025	Italy	69	68	74	87	76	73	76	73	68	71	71	67	69	66	61	68	61	61	64	67	69	69	76	79	50	67
Jeff Ekhator Osayuki	18	175	75	R	B	CF	["CF"]	Genoa	2029	Italy	62	31	66	73	72	73	63	69	67	68	61	62	58	52	67	68	59	61	62	67	68	66	62	65	50	60
Johan Felipe Vásquez Ibarra	26	185	72	L	B	CBT	["CBT"]	Genoa	2026	Mexico	57	79	76	78	68	66	79	62	66	65	72	68	69	65	61	68	61	61	62	78	79	69	64	82	50	80
Fabio Miretti	21	180	72	R	B	CM	["CM","DM"]	Genoa	2025	Italy	75	69	75	81	79	78	76	79	80	79	81	76	77	73	63	71	76	75	78	61	70	80	76	80	50	78
Alessandro Marcandalli	22	190	81	R	B	CBT	["CBT"]	Genoa	2029	Italy	50	71	82	71	74	66	71	62	65	68	61	62	58	52	61	68	55	61	62	71	78	65	51	71	50	65
David Akpan Ankeye	22	191	78	R	B	CF	["CF"]	Genoa	2028	Nigeria	68	38	71	71	78	73	70	71	69	72	61	63	60	62	68	68	61	61	62	68	73	69	70	64	50	62
Morten Wetche Frendrup	23	178	70	R	B	CM	["CM","DM"]	Genoa	2028	Denmark	79	76	76	91	80	83	82	79	81	80	81	77	69	64	67	74	70	61	62	66	78	81	82	87	50	78
Alan Agustín Matturro Romero	20	189	77	L	B	CBT	["CBT","SB"]	Genoa	2026	Uruguay	65	69	71	71	70	68	73	65	65	66	68	65	62	60	61	68	60	61	62	73	74	67	72	70	50	66
Daniele Sommariva	27	185	76	R	B	GK	["GK"]	Genoa	2025	Italy	31	70	73	71	62	62	74	61	58	55	61	64	62	64	39	68	43	61	49	55	68	65	46	56	70	56
Mario Barwuah Balotelli	34	190	88	R	B	CF	["CF"]	Genoa	2025	Italy	79	31	90	73	69	66	76	68	81	74	81	83	74	79	81	88	81	83	79	81	79	82	76	76	50	81
Milan Badelj	35	186	80	R	B	DM	["DM","CM"]	Genoa	2025	Croatia	70	73	72	78	66	66	76	67	78	67	79	77	77	75	61	76	75	67	69	73	70	79	74	78	50	74
Lior Kasa	19	185	75	R	B	DM	["DM","CM"]	Genoa	2028	Israel	63	59	66	71	69	66	67	65	69	66	73	68	67	61	61	68	62	61	62	71	68	72	66	70	50	65
Federico Accornero	20	170	71	R	B	WF	["WF","SM","AM"]	Genoa	2026	Italy	63	31	69	71	69	73	63	74	67	68	61	62	60	62	64	68	62	61	62	61	66	66	63	64	50	63
Alessandro Zanoli	24	188	76	R	B	SB	["SB","SM","WB"]	Genoa	2025	Italy	72	71	76	78	76	73	76	73	76	75	73	69	74	68	61	68	63	61	66	68	77	76	76	74	50	68
Filippo Melegoni	25	186	74	R	B	AM	["AM","SM","CM"]	Genoa	2025	Italy	72	61	71	72	66	66	74	68	71	63	76	74	72	70	61	74	62	66	68	61	66	72	74	66	50	69
Patrizio Masini	23	182	72	R	B	CM	["CM"]	Genoa	2026	Italy	65	60	69	71	73	72	68	71	69	68	75	72	67	64	61	71	61	61	62	66	66	71	68	70	50	67
Pierluigi Gollini	29	194	94	R	B	GK	["GK"]	Genoa	2025	Italy	31	81	82	71	62	62	82	71	58	55	62	67	65	67	36	77	43	62	49	56	77	66	51	74	80	66
Franz Stolz	23	193	83	R	B	GK	["GK"]	Genoa	2027	Austria	31	69	74	71	62	62	68	60	58	55	61	62	61	62	29	66	43	61	49	55	66	65	42	58	69	58
Lorenzo Montipò	28	191	82	R	B	GK	["GK"]	Hellas Verona	2025	Italy	31	79	79	71	62	62	85	66	58	55	61	66	63	66	40	74	43	61	49	55	74	65	53	66	78	65
Martin Sønder Frese	27	179	75	L	B	SB	["SB","CBT"]	Hellas Verona	2027	Denmark	73	68	74	81	83	80	72	79	76	78	76	76	74	77	68	78	72	61	68	61	74	78	72	75	50	72
Flavius David Daniliuc	23	188	80	R	B	CBT	["CBT","SB"]	Hellas Verona	2025	Austria	67	73	86	73	68	66	77	62	69	66	77	71	68	60	61	68	62	61	62	79	79	72	76	76	50	70
Marco Davide Faraoni	33	180	71	R	B	SM	["SM","SB","WB"]	Hellas Verona	2025	Italy	79	70	76	76	76	78	80	76	78	76	78	80	79	82	73	82	80	73	80	75	79	78	80	78	50	77
Reda Belahyane رضا بلحياني	20	169	53	R	B	CM	["CM","DM"]	Hellas Verona	2028	Morocco	67	70	80	71	66	67	73	74	76	69	76	71	67	59	61	68	63	61	62	63	66	76	73	73	50	71
Mathis Thierry Lambourde Frontier	19	179	76	L	B	WF	["WF","SM"]	Hellas Verona	2029	France	67	32	69	71	81	82	65	79	72	76	67	69	63	69	67	74	64	61	62	61	66	72	65	63	50	65
Darko Lazović Дарко Лазовић	34	181	66	R	B	WF	["WF","SM","AM"]	Hellas Verona	2025	Serbia	77	67	76	76	72	79	76	82	79	75	79	80	76	79	75	82	77	78	78	70	67	78	76	75	50	77
Amin Sarr	23	188	83	R	B	CF	["CF","WF","SM"]	Hellas Verona	2025	Sweden	72	31	76	73	86	88	72	82	74	80	71	71	62	67	73	73	66	61	66	71	85	74	72	67	50	68
Casper Tengstedt	24	184	79	R	B	CF	["CF"]	Hellas Verona	2025	Denmark	79	43	79	78	85	85	78	82	74	78	74	74	66	72	78	76	73	68	69	73	85	76	78	71	50	71
Domagoj Bradarić	25	178	69	L	B	SM	["SM","SB","WB"]	Hellas Verona	2025	Croatia	74	70	71	74	76	79	75	78	74	75	75	70	72	68	63	68	64	61	68	70	75	74	75	74	50	73
Juan Manuel Cruz	25	186	71	R	B	CF	["CF"]	Hellas Verona	2027	Argentina	72	34	78	71	67	66	68	63	71	68	70	70	61	63	76	72	69	61	62	74	78	71	68	66	50	65
Dailon Rocha Livramento do Rosario	23	185	75	R	B	CF	["CF","WF","SM"]	Hellas Verona	2028	Cabo Verde	73	42	76	71	77	75	72	76	74	74	66	69	64	70	78	75	75	62	68	78	85	74	72	70	50	68
Yllan Okou	22	189	75	L	B	CBT	["CBT","SB"]	Hellas Verona	2025	France	65	68	77	71	74	72	72	69	65	68	68	65	58	57	61	68	59	61	62	73	79	66	72	72	50	66
Ayanda Sishuba	19	169	61	R	B	AM	["AM","WF","SM"]	Hellas Verona	2027	Belgium	68	40	76	71	72	79	69	83	77	74	69	68	66	68	68	70	66	67	71	61	66	77	69	64	50	66
Abdoulrahmane Harroui عبدو هروي	27	182	76	R	B	CM	["CM","DM","WF","SM"]	Hellas Verona	2028	Morocco	76	70	74	85	71	76	76	75	79	75	78	78	73	75	73	79	73	71	66	66	75	80	76	79	50	76
Grigoris Kastanos Γρηγόρης Κάστανος	26	179	71	L	B	AM	["AM","CM","WF","SM"]	Hellas Verona	2025	Cyprus	75	58	76	73	79	79	73	75	81	80	80	79	76	75	73	78	77	76	76	62	73	81	73	70	50	73
Daniel Filipe Bandeira e Silva	24	180	73	R	B	CM	["CM","DM"]	Hellas Verona	2028	Portugal	71	63	74	75	67	73	73	75	76	71	78	73	71	65	61	69	71	69	70	61	66	77	73	75	50	74
Alessandro Berardi	34	185	78	R	B	GK	["GK"]	Hellas Verona	2025	Italy	31	70	74	71	62	62	71	60	58	56	61	62	60	62	33	66	43	61	49	55	66	65	46	66	69	66
Giangiacomo Magnani	29	191	87	R	B	CBT	["CBT"]	Hellas Verona	2025	Italy	53	81	85	71	73	66	79	62	65	67	64	64	60	58	61	68	60	61	62	76	83	67	56	74	50	76
Suat Serdar	27	184	75	R	B	CM	["CM","DM"]	Hellas Verona	2028	Germany	78	74	78	83	74	71	81	74	84	79	82	80	75	73	76	79	77	67	75	76	79	83	81	84	50	81
Paweł Marek Dawidowicz	29	189	80	R	B	CBT	["CBT"]	Hellas Verona	2025	Poland	60	78	83	71	67	66	79	67	71	67	73	76	67	66	61	80	62	63	62	75	73	73	65	75	50	78
Faride Alidou	23	186	84	R	B	WF	["WF","SM"]	Hellas Verona	2025	Germany	70	38	74	71	82	89	65	82	79	81	71	68	68	69	70	68	65	61	62	61	79	78	65	65	50	67
Tomáš Suslov	22	173	72	L	B	WF	["WF","SM","AM","CM"]	Hellas Verona	2027	Slovakia	75	58	82	78	74	89	74	87	79	77	79	81	76	79	73	84	77	76	77	61	75	78	74	80	50	78
Ondrej Duda	30	181	75	R	B	CM	["CM","DM","AM"]	Hellas Verona	2026	Slovakia	76	68	72	78	68	72	77	76	82	75	80	80	75	76	76	81	77	78	80	63	66	81	77	78	50	77
Simone Perilli	30	195	85	R	B	GK	["GK"]	Hellas Verona	2027	Italy	31	73	79	71	62	62	71	62	58	55	61	63	62	63	38	67	43	61	49	55	70	65	50	69	73	58
Daniel Fernando Mosquera Bonilla	25	181	85	R	B	CF	["CF"]	Hellas Verona	2028	Colombia	72	33	88	72	78	69	71	68	74	74	69	72	61	61	79	77	70	65	62	78	87	75	71	74	50	69
Jackson Tchatchoua	23	186	76	R	B	SB	["SB","SM","WB"]	Hellas Verona	2027	Cameroon	74	68	81	86	92	86	72	82	79	86	73	72	73	75	66	72	67	61	67	72	86	78	72	83	50	73
Diego Coppola	21	192	78	R	B	CBT	["CBT"]	Hellas Verona	2027	Italy	54	78	78	71	66	66	78	62	65	60	73	68	64	57	61	68	59	61	62	76	79	65	60	72	50	72
Junior Ajayi	20	183	75	R	B	CF	["CF"]	Hellas Verona	2027	Côte d'Ivoire	61	31	69	71	69	73	63	71	66	67	63	63	58	56	68	68	60	61	62	62	66	66	60	63	50	62
Alphadjo Cissè	18	176	69	R	B	AM	["AM","SM","WF"]	Hellas Verona	2029	Italy	66	54	75	71	77	84	66	85	72	74	71	68	68	66	67	68	66	71	67	61	66	71	66	63	50	65
Christian Corradi	19	190	81	R	B	CBT	["CBT"]	Hellas Verona	2028	Italy	48	67	75	71	68	66	68	67	65	65	61	62	59	55	61	68	57	61	62	66	71	65	51	71	50	68
Daniele Ghilardi	22	189	80	R	B	CBT	["CBT"]	Hellas Verona	2025	Italy	51	76	74	71	69	66	73	62	65	65	66	64	60	52	61	68	59	61	62	79	79	66	56	71	50	66
Yann Sommer	36	183	77	R	B	GK	["GK"]	Inter	2026	Switzerland	31	88	82	73	62	62	91	74	60	57	63	71	69	73	37	87	43	63	49	57	81	67	57	77	87	76
Denzel Justus Morris Dumfries	28	188	80	R	B	SB	["SB","SM","WB"]	Inter	2028	Netherlands	83	76	89	90	89	80	85	77	81	83	83	78	81	78	77	74	68	63	76	88	95	83	85	88	50	81
Stefan de Vrij	32	189	78	R	B	CBT	["CBT"]	Inter	2025	Netherlands	57	88	81	75	67	68	89	67	77	69	81	74	70	63	63	70	67	63	62	83	85	80	63	79	50	85
Piotr Sebastian Zieliński	30	180	75	R	B	CM	["CM","DM"]	Inter	2027	Poland	84	73	74	82	81	81	84	83	87	83	87	84	82	79	80	82	83	73	83	64	71	88	84	74	50	79
Marko Arnautović	35	192	83	R	B	CF	["CF"]	Inter	2025	Austria	82	48	85	78	74	74	82	74	85	78	85	83	81	82	83	83	83	78	81	83	88	87	82	80	50	83
Marcus Lilian Thuram-Ulien	27	192	80	R	B	CF	["CF"]	Inter	2028	France	87	52	90	86	90	86	88	84	86	88	84	85	80	84	87	86	82	68	78	86	96	85	88	83	50	84
Lautaro Javier Martínez	27	174	72	R	B	CF	["CF"]	Inter	2029	Argentina	94	58	90	88	83	86	94	88	90	85	85	85	79	81	95	89	89	75	83	90	94	92	94	89	50	90
Carlos Joaquín Correa	30	189	78	R	B	CF	["CF","SM","WF"]	Inter	2025	Argentina	78	46	71	76	70	70	76	78	82	76	80	81	76	80	78	82	78	71	84	75	75	83	76	68	50	73
Raffaele Di Gennaro	31	186	80	R	B	GK	["GK"]	Inter	2025	Italy	31	75	75	71	62	62	77	65	58	55	61	64	62	64	36	68	43	61	49	55	73	65	50	74	76	68
Josep Martínez Riera	26	191	78	R	B	GK	["GK"]	Inter	2029	Spain	31	79	79	71	62	62	78	66	58	55	61	65	63	65	30	72	43	61	49	55	74	65	51	67	78	68
Francesco Acerbi	36	192	88	L	B	CBT	["CBT"]	Inter	2025	Italy	56	90	87	76	66	67	87	62	76	68	81	79	71	61	63	79	66	67	64	87	88	78	59	80	50	86
Davide Frattesi	25	178	74	R	B	CM	["CM","AM"]	Inter	2028	Italy	86	72	76	87	84	84	84	82	87	84	87	83	79	76	82	79	80	73	75	78	84	88	84	84	50	85
Tajon Trevor Buchanan	25	183	69	R	B	SM	["SM","SB","WB"]	Inter	2028	Canada	73	69	74	78	92	94	78	88	79	85	76	76	71	75	72	79	69	61	62	74	86	78	78	79	50	76
Hakan Çalhanoğlu	30	178	69	R	B	DM	["DM","CM"]	Inter	2027	Türkiye	84	80	79	85	73	78	90	82	88	78	91	90	87	85	81	89	87	88	90	74	79	90	90	85	50	85
Kristjan Asllani	22	179	70	R	B	DM	["DM","CM"]	Inter	2027	Albania	70	72	74	80	71	70	76	70	80	75	83	79	76	72	66	76	70	72	70	71	74	81	76	77	50	74
Henrikh Mkhitaryan	36	177	75	R	B	CM	["CM","AM"]	Inter	2026	Armenia	86	73	81	88	80	83	86	85	87	82	88	85	84	83	83	84	83	76	85	76	82	88	86	85	50	86
Nicolò Barella	27	175	68	R	B	CM	["CM","DM"]	Inter	2029	Italy	89	80	85	94	81	87	92	90	88	83	90	86	86	82	82	83	85	76	82	71	82	90	92	92	50	88
Benjamin Pavard	28	186	81	R	B	CBT	["CBT","SB"]	Inter	2028	France	80	84	83	87	79	78	88	76	81	78	84	83	82	81	70	83	80	63	72	87	90	83	88	85	50	78
Carlos Augusto Zopalato Neves	26	184	75	L	B	SM	["SM","SB","WB"]	Inter	2028	Brazil	82	76	82	85	82	82	82	82	83	82	81	82	80	82	74	82	80	78	80	77	87	83	82	84	50	81
Yann Aurel Ludger Bisseck	24	196	87	R	B	CBT	["CBT"]	Inter	2028	Germany	62	80	89	81	79	78	81	73	76	76	79	74	69	65	61	70	65	61	62	81	92	77	68	81	50	79
Federico Dimarco	27	175	76	L	B	SB	["SB","SM","WB"]	Inter	2027	Italy	86	79	84	88	81	85	86	86	87	82	88	85	87	86	80	84	85	85	90	73	85	88	86	86	50	85
Matteo Darmian	35	182	70	R	B	SB	["SB","CBT","SM","WB"]	Inter	2025	Italy	84	80	79	83	79	73	86	77	81	78	87	80	81	76	70	74	73	63	79	81	82	84	86	84	50	81
Tiago Tomás Palacios	21	196	80	L	B	CBT	["CBT","SB"]	Inter	2029	Argentina	65	70	78	71	66	66	73	62	65	62	61	62	58	54	61	68	55	61	62	72	74	65	71	71	50	61
Alessandro Bastoni	25	190	75	L	B	CBT	["CBT"]	Inter	2028	Italy	62	90	85	85	81	76	90	73	84	79	85	74	83	71	63	68	67	63	69	89	90	87	68	86	50	88
Ionuț Andrei Radu	27	188	70	R	B	GK	["GK"]	Inter	2025	Romania	31	78	77	71	62	62	80	66	58	55	61	66	64	66	39	74	43	61	49	55	75	65	46	64	77	62
Mehdi Taremi مهدی طارمی	32	187	83	R	B	CF	["CF"]	Inter	2026	Iran	86	47	83	83	80	82	85	80	85	82	84	81	75	76	86	79	80	62	78	80	83	86	85	71	50	77
Mattia Perin	32	188	77	R	B	GK	["GK"]	Juventus	2027	Italy	31	83	79	71	62	63	84	71	58	58	62	66	65	66	34	75	43	62	49	56	77	66	51	76	83	70
Gleison Bremer Silva Nascimento	27	187	84	R	B	CBT	["CBT"]	Juventus	2029	Brazil	68	89	90	81	88	81	87	76	73	78	81	76	68	63	63	73	62	63	62	89	95	76	73	84	50	85
Federico Gatti	26	190	80	R	B	CBT	["CBT"]	Juventus	2027	Italy	60	83	81	75	80	77	81	70	71	73	74	69	63	54	61	68	62	61	62	83	89	74	66	79	50	81
Manuel Locatelli	27	185	75	R	B	DM	["DM","CM"]	Juventus	2028	Italy	78	80	79	91	72	67	84	68	85	77	88	85	83	79	71	82	81	73	77	76	78	86	84	87	50	81
Danilo Luiz da Silva	33	184	78	R	B	CBT	["CBT","SB"]	Juventus	2025	Brazil	79	83	83	76	80	72	87	70	81	79	83	83	81	82	69	85	76	79	77	83	86	83	84	80	50	77
Francisco Fernandes da Conceição	22	168	61	L	B	WF	["WF","SM"]	Juventus	2025	Portugal	78	44	79	75	89	90	82	92	84	88	78	76	77	77	74	76	73	61	77	61	66	83	82	68	50	71
Teun Koopmeiners	26	183	77	L	B	CM	["CM","AM"]	Juventus	2029	Netherlands	85	76	79	89	72	69	87	70	84	76	88	86	85	83	81	85	82	82	78	79	80	87	87	84	50	83
Dušan Vlahović Душан Влаховић	24	190	75	L	B	CF	["CF"]	Juventus	2026	Serbia	89	32	89	83	83	81	88	77	85	83	81	82	69	75	88	86	85	90	82	86	93	87	88	83	50	83
Kenan Yıldız	19	185	75	R	B	WF	["WF","SM","CF"]	Juventus	2029	Türkiye	73	35	73	71	79	79	68	79	79	79	78	74	73	70	73	70	72	63	72	68	77	79	68	65	50	72
Nicolás Iván González	26	180	72	L	B	WF	["WF","SM"]	Juventus	2025	Argentina	84	48	74	79	88	85	81	84	88	88	84	81	78	80	84	79	77	66	70	84	82	88	81	77	50	79
Arkadiusz Krystian Milik	30	186	80	L	B	CF	["CF"]	Juventus	2026	Poland	86	43	83	72	68	66	85	70	84	74	81	82	72	77	86	86	84	85	79	88	83	86	85	72	50	81
Pierre Kazeye Rommel Kalulu Kyatengwa	24	182	80	R	B	CBT	["CBT","SB"]	Juventus	2025	France	73	80	78	75	83	79	81	76	75	76	81	76	74	73	61	71	64	61	70	80	87	78	81	78	50	72
Weston James Earl McKennie	26	180	86	R	B	CM	["CM","DM"]	Juventus	2026	United States	82	78	81	84	79	79	82	76	84	81	82	80	82	80	77	79	80	71	81	86	91	84	82	84	50	82
Vasilije Adžić Василије Аџић	18	185	75	R	B	AM	["AM","CM"]	Juventus	2027	Montenegro	66	42	66	71	72	71	63	71	69	69	66	65	62	55	66	68	61	62	62	61	66	69	63	63	50	63
Arthur Henrique Ramos de Oliveira Melo	28	171	73	R	B	DM	["DM","CM"]	Juventus	2025	Brazil	78	74	79	75	66	68	82	75	86	74	85	82	83	80	66	79	79	69	82	63	68	86	82	76	50	78
Khéphren Thuram-Ulien	23	192	80	R	B	CM	["CM","DM"]	Juventus	2029	France	81	77	83	83	74	77	81	76	83	79	85	81	80	77	78	78	73	66	76	81	89	83	81	80	50	80
Nicolò Fagioli	23	178	72	R	B	DM	["DM","CM"]	Juventus	2026	Italy	73	72	74	81	80	78	80	79	83	81	85	82	79	76	63	79	77	74	82	67	74	83	80	78	50	76
Timothy Tarpeh Weah	24	182	66	R	B	SM	["SM","SB","WB"]	Juventus	2028	United States	76	65	76	76	88	86	77	87	79	83	76	76	72	74	76	77	76	63	69	73	83	78	77	74	50	74
Carlo Pinsoglio	34	194	85	L	B	GK	["GK"]	Juventus	2026	Italy	31	76	79	71	62	62	77	64	58	55	61	64	62	64	34	68	43	61	49	55	72	65	46	70	76	63
Douglas Luiz Soares de Paulo	26	175	66	R	B	CM	["CM","DM"]	Juventus	2029	Brazil	82	77	78	84	69	74	83	76	85	76	89	85	86	83	80	82	85	86	90	71	78	88	83	83	50	84
Andrea Cambiaso	24	182	77	L	B	SB	["SB","SM","WB"]	Juventus	2027	Italy	78	74	74	78	81	81	80	80	82	81	83	79	81	78	66	75	74	69	76	71	78	83	80	77	50	78
Michele Di Gregorio	27	187	82	R	B	GK	["GK"]	Juventus	2025	Italy	31	84	82	71	63	62	84	73	58	58	61	68	67	69	32	81	43	61	49	55	81	65	48	70	83	71
Juan David Cabal Murillo	24	186	80	L	B	SB	["SB","CBT"]	Juventus	2029	Colombia	66	73	80	71	77	75	77	74	73	73	78	72	77	68	61	68	63	61	70	78	85	76	75	74	50	70
Lorenzo Anghelè	19	175	75	R	B	CF	["CF","AM","SS"]	Juventus	2028	Italy	67	42	69	73	70	67	63	65	73	71	67	65	60	59	74	68	67	61	67	68	66	73	62	66	50	65
Nicolò Savona	21	192	85	R	B	SB	["SB","CBT"]	Juventus	2029	Italy	64	66	72	71	67	72	70	68	67	65	63	63	64	62	61	68	60	61	62	61	67	68	70	65	50	59
Jonas Jakob Rouhi	21	183	70	L	B	SB	["SB"]	Juventus	2028	Sweden	63	65	68	71	69	70	66	65	68	70	63	63	60	60	61	68	58	61	62	61	66	65	66	69	50	63
Samuel-Germain Kinduelu Mbangula Tshifunda	21	179	65	R	B	WF	["WF","SM"]	Juventus	2028	Belgium	73	42	72	76	81	79	69	76	75	77	72	69	68	67	72	68	69	62	67	68	68	76	69	67	50	68
Samuel Florent Thomas Gigot	31	187	83	R	B	CBT	["CBT"]	Lazio	2025	France	65	80	86	76	70	66	83	65	69	66	77	71	72	64	62	68	62	62	62	79	84	73	71	82	50	81
Luca Pellegrini	25	178	72	L	B	SB	["SB","SM","WB"]	Lazio	2025	Italy	75	73	70	76	71	80	76	77	82	76	79	74	76	75	61	70	70	61	68	69	69	82	76	78	50	71
Patricio Gabarrón Gil	31	184	72	R	B	CBT	["CBT"]	Lazio	2027	Spain	66	81	74	74	67	70	82	71	76	70	81	74	76	71	61	68	66	61	62	81	81	78	72	79	50	80
Matías Vecino Falero	33	187	81	R	B	CM	["CM","DM"]	Lazio	2025	Uruguay	82	77	84	78	66	66	85	69	82	72	83	83	78	79	75	85	79	68	69	85	87	83	82	81	50	83
Nicolò Rovella	23	179	70	R	B	CM	["CM","DM"]	Lazio	2025	Italy	76	78	76	88	82	80	82	81	83	82	85	81	78	74	63	76	79	76	78	70	79	83	78	86	50	80
Oluwafisayo Faruq Dele-Bashiru	23	186	80	R	B	AM	["AM","CM"]	Lazio	2025	Nigeria	73	62	84	83	84	75	70	76	79	82	75	77	67	70	75	81	70	61	62	61	73	78	70	79	50	73
Mattéo Elias Kenzo Guendouzi Olié	25	185	68	R	B	CM	["CM","AM","DM"]	Lazio	2028	France	80	75	79	90	78	74	83	79	83	79	85	82	80	77	75	79	77	74	79	76	79	84	83	89	50	84
Pedro Eliezer Rodríguez Ledesma	37	169	64	R	B	WF	["WF","SM"]	Lazio	2025	Spain	81	45	80	75	66	77	82	83	87	74	82	79	76	74	77	77	80	68	85	63	66	87	82	70	50	77
Mattia Zaccagni	29	177	63	R	B	WF	["WF","SM","AM"]	Lazio	2029	Italy	84	60	79	81	87	91	86	93	89	88	83	81	81	80	83	81	82	74	74	74	82	89	86	76	50	79
Valentín Mariano José Castellanos Giménez	26	178	70	R	B	CF	["CF"]	Lazio	2028	Argentina	85	49	75	88	79	79	83	79	84	81	83	82	69	73	86	82	80	73	70	86	89	84	83	88	50	84
Alessio Romagnoli	30	185	75	L	B	CBT	["CBT"]	Lazio	2027	Italy	56	87	85	76	69	70	88	65	78	71	81	74	68	57	63	68	64	63	62	85	88	81	63	81	50	84
Tijjani Noslin	25	178	73	R	B	CF	["CF","WF","SM"]	Lazio	2029	Netherlands	76	45	79	77	82	84	74	82	82	82	73	76	72	79	78	81	77	63	76	78	90	82	74	75	50	74
Gustav Tang Isaksen	23	178	65	L	B	WF	["WF","SM","AM"]	Lazio	2028	Denmark	78	48	74	82	93	86	78	85	81	88	76	76	73	77	78	79	74	61	74	65	66	81	78	72	50	72
Boulaye Dia	28	180	75	R	B	CF	["CF","AM","SS"]	Lazio	2026	Senegal	83	44	84	78	85	81	81	80	81	84	79	82	67	73	85	86	79	61	62	78	89	81	81	75	50	77
Loum Tchaouna	21	180	67	L	B	WF	["WF","SM","CF","AM","SS"]	Lazio	2029	France	73	45	70	71	82	75	72	73	78	79	73	74	69	73	78	76	76	68	74	61	70	78	72	65	50	68
Gaetano Castrovilli	27	187	71	R	B	CM	["CM"]	Lazio	2027	Italy	82	68	76	76	72	75	82	80	85	78	85	77	81	74	76	70	74	62	69	62	71	85	82	74	50	78
Elseid Gëzim Hysaj	30	182	75	R	B	SB	["SB"]	Lazio	2025	Albania	74	73	71	77	80	74	79	74	78	78	77	74	77	75	62	73	64	62	62	73	74	78	79	80	50	74
Toma Bašić	28	190	82	L	B	CM	["CM","DM"]	Lazio	2026	Croatia	78	72	79	78	66	66	79	66	78	67	81	82	78	80	64	84	74	81	80	79	78	79	79	77	50	78
André Anderson Pomilio Lima da Silva	25	180	75	R	B	AM	["AM","CF","SS"]	Lazio	2025	Italy	72	37	68	71	70	71	69	72	74	72	72	70	66	64	69	70	66	61	62	66	66	73	69	63	50	69
Manuel Lazzari	31	174	67	R	B	SB	["SB"]	Lazio	2027	Italy	80	74	78	87	94	93	82	92	84	89	82	74	83	74	74	68	71	68	73	62	71	84	82	80	50	77
Nuno Albertino Varela Tavares	24	183	75	L	B	SB	["SB","SM","WB"]	Lazio	2025	Portugal	78	70	86	83	90	85	75	84	83	88	76	80	80	87	69	85	72	73	82	67	85	81	75	81	50	76
Mario Gila Fuentes	24	185	80	R	B	CBT	["CBT"]	Lazio	2027	Spain	58	81	79	80	89	85	83	82	78	82	78	75	72	71	61	73	66	61	69	78	88	78	63	78	50	78
Christos Mandas Χρήστος Μανδάς	23	189	73	R	B	GK	["GK"]	Lazio	2028	Greece	31	77	77	71	62	62	81	66	58	55	61	66	64	66	31	75	43	61	49	55	74	65	43	58	77	58
Alessio Furlanetto	22	191	78	R	B	GK	["GK"]	Lazio	2025	Italy	31	69	73	71	62	62	72	61	58	55	61	62	61	62	32	66	43	61	49	55	68	65	40	55	69	58
Adam Marušić Адам Марушић	32	185	81	R	B	SB	["SB"]	Lazio	2025	Montenegro	77	76	84	83	89	88	81	79	80	84	77	79	73	81	66	82	77	65	79	81	93	81	81	82	50	75
Jean-Daniel Dave Lewis Akpa Akpro	32	180	70	R	B	CM	["CM","DM"]	Lazio	2025	Côte d'Ivoire	79	72	78	84	74	75	79	78	78	76	79	77	74	73	72	76	74	66	71	72	78	77	76	83	50	80
Ivan Provedel	30	192	84	R	B	GK	["GK"]	Lazio	2027	Italy	31	87	82	72	62	62	88	70	59	55	71	72	70	70	39	83	43	63	49	56	81	66	54	78	85	76
Diego Luis González Alcaraz	22	177	67	L	B	WF	["WF","SM"]	Lazio	2027	Paraguay	69	54	74	71	66	77	67	80	76	69	76	76	70	74	73	78	72	61	72	66	66	76	67	66	50	68
Cristobal Muñoz López	19	175	70	R	B	AM	["AM","CM"]	Lazio	2027	Spain	72	58	73	71	72	74	71	76	73	72	73	70	70	67	67	69	68	69	69	64	66	72	71	64	50	69
Christian Martin Früchtl	24	193	88	L	B	GK	["GK"]	Lecce	2027	Germany	31	75	78	71	62	62	76	65	58	55	61	65	63	65	34	72	43	61	49	55	73	65	44	56	76	63
Andy Joseph Pelmard	24	180	68	R	B	CBT	["CBT","SB"]	Lecce	2025	France	66	72	79	84	90	84	76	81	75	81	76	70	71	64	61	68	63	61	62	71	84	76	74	81	50	67
Ante Rebić	31	185	80	R	B	WF	["WF","SM","CF"]	Lecce	2027	Croatia	82	52	82	71	82	79	81	78	79	81	78	80	75	80	78	83	80	73	79	78	88	78	81	78	50	82
Esmevânio Kialonda Gaspar	27	193	88	R	B	CBT	["CBT"]	Lecce	2027	Angola	51	79	91	75	69	68	73	63	66	65	63	63	58	52	61	68	60	61	62	76	85	67	55	77	50	74
Medon Berisha	21	186	71	R	B	CM	["CM"]	Lecce	2028	Albania	65	61	66	71	66	66	73	64	70	60	73	68	65	57	61	68	62	68	68	64	66	73	71	72	50	69
Federico Baschirotto	28	184	77	R	B	CBT	["CBT"]	Lecce	2026	Italy	64	81	93	78	76	71	78	72	65	69	71	67	67	64	63	68	62	61	62	75	85	69	69	83	50	81
José Antonio Morente Oliva	28	184	78	R	B	WF	["WF","SM"]	Lecce	2027	Spain	70	52	74	76	80	85	69	85	78	79	81	79	76	77	76	78	73	75	79	68	80	76	69	72	50	70
Hamza Rafia	25	178	75	R	B	CM	["CM","AM"]	Lecce	2026	Tunisia	74	38	76	73	66	70	73	73	79	70	76	76	70	72	70	78	72	77	78	61	66	78	73	76	50	76
Nikola Krstović Никола Крстовић	24	185	88	R	B	CF	["CF"]	Lecce	2027	Montenegro	81	31	84	75	72	70	80	68	78	74	73	76	58	67	81	79	74	73	64	83	88	78	80	71	50	72
Rémi Oudin	28	185	79	L	B	WF	["WF","SM","AM"]	Lecce	2026	France	78	42	72	77	68	69	78	74	78	73	78	77	76	76	74	77	76	75	83	73	74	79	78	67	50	72
Nicola Domenico Sansone	33	173	63	R	B	AM	["AM","CF","SS"]	Lecce	2025	Italy	79	52	74	71	70	74	78	79	79	73	76	74	74	73	75	74	78	75	79	68	66	81	78	69	50	76
Frédéric Guilbert	30	178	78	R	B	SB	["SB","CBT"]	Lecce	2026	France	74	73	77	81	74	76	78	74	77	74	78	74	76	74	62	71	64	62	62	76	81	79	77	81	50	75
Patrick Chinazaekpere Dorgu	20	175	60	L	B	SB	["SB","SM","WB"]	Lecce	2029	Denmark	69	61	74	74	83	79	71	76	74	79	66	64	66	66	66	68	62	63	62	63	66	72	71	73	50	67
Thórir Jóhann Helgason Þórir Jóhann Helgason	24	187	66	R	B	CM	["CM"]	Lecce	2025	Iceland	72	57	68	80	71	73	73	70	75	72	77	77	72	72	71	79	67	67	69	61	66	76	73	71	50	69
Joan Gonzàlez Cañellas	22	188	80	R	B	CM	["CM"]	Lecce	2027	Spain	76	52	76	81	66	72	73	69	77	67	80	78	73	71	68	76	68	67	73	68	75	78	73	80	50	78
Gaby Jean	24	191	80	L	B	CBT	["CBT"]	Lecce	2027	France	49	75	78	78	66	66	73	62	65	61	69	66	60	54	61	68	58	61	62	75	76	65	53	77	50	73
Ylber Ramadani	28	185	72	R	B	DM	["DM","CM"]	Lecce	2026	Albania	69	70	75	93	66	68	76	65	72	64	76	75	66	66	62	75	67	61	62	67	74	72	72	85	50	71
Kevin Bonifazi	28	187	85	R	B	CBT	["CBT"]	Lecce	2025	Italy	53	76	74	71	66	66	78	62	65	60	71	68	63	53	61	68	61	61	62	76	71	70	59	73	50	76
Lameck Banda	23	162	69	R	B	WF	["WF","SM"]	Lecce	2026	Zambia	76	36	77	71	90	90	76	85	81	87	70	69	69	71	72	71	74	61	70	61	66	77	76	63	50	67
Rareș Cătălin Burnete	20	185	76	L	B	CF	["CF","WF","SM"]	Lecce	2029	Romania	67	31	66	71	67	66	64	62	71	68	61	63	58	58	73	69	69	61	64	70	68	72	64	66	50	64
Antonino Gallo	25	183	73	L	B	SB	["SB"]	Lecce	2026	Italy	75	69	71	78	82	80	78	78	76	78	77	71	75	72	61	68	64	68	78	69	78	77	78	72	50	70
Edward John McJannet	20	177	69	R	B	AM	["AM","CM"]	Lecce	2025	Republic of Ireland	66	49	72	71	69	66	71	65	69	68	65	64	62	62	64	68	60	61	62	63	66	68	71	64	50	65
Lassana Coulibaly	28	183	77	R	B	DM	["DM","CM"]	Lecce	2027	Mali	75	73	77	83	75	72	77	73	78	76	80	74	73	68	65	69	67	63	66	76	79	78	76	81	50	76
Wladimiro Falcone	29	196	85	R	B	GK	["GK"]	Lecce	2028	Italy	31	82	81	71	62	62	85	69	58	55	61	67	65	68	39	79	43	61	49	55	79	65	46	66	83	62
Jasper Samooja	21	189	84	R	B	GK	["GK"]	Lecce	2026	Finland	31	69	74	71	62	62	68	60	58	55	61	63	62	63	31	67	43	61	49	55	67	65	39	56	71	57
Filip Marchwiński	23	187	72	R	B	AM	["AM","CF","WF","SM","SS"]	Lecce	2029	Poland	74	43	67	85	74	70	73	76	76	74	77	74	69	67	74	71	66	64	65	74	73	76	73	74	50	70
Luis Hasa	21	172	67	R	B	CM	["CM","AM"]	Lecce	2027	Italy	67	44	72	71	74	73	63	74	75	74	72	69	65	62	63	68	66	70	62	61	66	75	62	65	50	66
Santiago Daniel Pierotti	23	189	83	R	B	WF	["WF","SM","CF","AM","SS"]	Lecce	2027	Argentina	76	62	76	71	72	73	76	73	76	73	74	74	71	71	73	76	72	61	72	68	75	77	76	72	50	75
Balthazar Pierret	24	186	82	R	B	DM	["DM","CM","CBT"]	Lecce	2027	France	65	70	75	78	68	74	73	73	73	68	74	72	66	60	61	71	64	62	65	71	78	75	71	73	50	67
Mohamed Kaba	23	185	78	R	B	DM	["DM","CM"]	Lecce	2027	France	72	69	81	81	70	66	75	65	73	70	76	70	65	55	62	68	64	61	62	67	74	76	75	79	50	72
Alexandru Gabriel Borbei	21	183	75	R	B	GK	["GK"]	Lecce	2028	Romania	31	68	72	71	62	62	63	58	58	55	61	64	62	64	30	68	43	61	49	55	64	65	40	54	69	59
Davide Calabria	28	177	70	R	B	SB	["SB"]	Milan	2025	Italy	69	80	76	83	80	83	83	83	80	79	79	75	78	76	62	73	74	62	77	72	78	81	82	83	50	74
Ismaël Bennacer اسماعيل بن ناصر	27	175	70	L	B	DM	["DM","CM","AM"]	Milan	2027	Algeria	82	80	82	83	78	84	86	86	87	82	88	87	84	84	75	87	78	81	82	71	80	88	86	85	50	84
Fodé Ballo-Touré	28	182	70	L	B	SB	["SB","SM","WB"]	Milan	2025	Senegal	73	71	74	71	80	88	76	81	77	79	77	71	74	69	61	68	64	61	73	67	81	77	76	73	50	74
Álvaro Borja Morata Martín	32	190	84	R	B	CF	["CF"]	Milan	2028	Spain	88	39	84	83	85	84	87	81	85	84	82	83	75	81	85	85	83	64	81	89	95	86	87	80	50	82
Ruben Ira Loftus-Cheek	28	191	88	R	B	CM	["CM","AM"]	Milan	2027	England	86	76	89	83	86	81	85	80	87	86	87	85	82	82	83	85	77	68	74	88	95	87	85	82	50	84
Luka Jović Лука Јовић	27	181	85	R	B	CF	["CF"]	Milan	2025	Serbia	83	35	83	71	78	79	83	79	82	79	77	80	71	78	83	84	82	66	80	84	91	83	83	70	50	76
Rafael Alexandre da Conceição Leão	25	188	81	R	B	WF	["WF","SM","CF"]	Milan	2028	Portugal	84	33	86	81	95	95	88	91	90	92	87	84	83	85	87	83	82	71	82	79	91	90	88	76	50	80
Christian Mate Pulišić	26	178	73	R	B	WF	["WF","SM"]	Milan	2027	United States	86	45	77	81	87	92	87	92	88	88	84	83	80	82	88	84	83	81	85	63	74	88	87	79	50	82
Tijjani Martinus Jan Reijnders Lekatompessy	26	185	73	R	B	CM	["CM","DM","AM"]	Milan	2028	Netherlands	84	74	78	93	80	85	84	85	87	83	88	87	82	82	78	87	80	77	80	71	79	87	84	87	50	83
Mike Peterson Maignan	29	191	89	R	B	GK	["GK"]	Milan	2026	France	31	88	88	73	68	70	90	76	60	60	73	75	73	73	39	87	45	63	49	57	86	67	57	82	87	80
Noah Arinzechukwu Okafor	24	185	85	R	B	CF	["CF","WF","SM","AM","SS"]	Milan	2028	Switzerland	81	42	85	74	89	90	80	90	85	88	77	77	75	79	83	79	82	71	81	71	88	85	80	69	50	75
Kevin Zeroli	20	187	70	R	B	CM	["CM","AM","DM"]	Milan	2028	Italy	68	66	70	73	72	74	71	74	76	74	74	69	69	63	68	68	66	61	62	69	68	76	70	72	50	69
Theo Bernard François Hernández	27	184	81	L	B	SB	["SB","SM","WB"]	Milan	2026	France	86	80	90	93	96	96	88	90	88	91	85	86	83	87	78	88	83	81	83	83	96	88	88	91	50	85
Alejandro Jiménez Sánchez	19	171	66	R	B	SB	["SB"]	Milan	2028	Spain	71	64	74	71	84	89	69	85	74	79	68	66	66	63	65	68	62	61	62	64	69	73	69	68	50	67
Samuel Chimerenka Chukwueze	25	172	70	L	B	WF	["WF","SM"]	Milan	2028	Nigeria	81	45	76	73	88	92	81	90	85	88	81	81	76	80	79	81	78	67	77	61	73	84	81	66	50	74
Emerson Aparecido Leite de Souza Júnior	26	181	78	R	B	SB	["SB","CBT"]	Milan	2028	Brazil	78	75	77	84	74	74	79	74	79	76	80	79	76	79	67	79	68	62	77	78	82	80	78	84	50	78
Oluwafikayomi Oluwadamilola Tomori	27	185	79	R	B	CBT	["CBT"]	Milan	2027	England	60	87	84	78	88	83	87	80	74	77	81	72	69	61	63	68	63	63	62	86	92	77	66	84	50	87
Alessandro Florenzi	33	173	66	R	B	SB	["SB"]	Milan	2025	Italy	78	77	75	72	72	78	82	82	83	76	85	84	84	84	78	85	85	81	79	76	71	85	81	73	50	78
Divock Okoth Origi	29	189	88	R	B	CF	["CF"]	Milan	2026	Belgium	78	31	80	71	79	70	78	71	78	78	77	79	71	78	76	82	76	62	62	78	84	79	78	73	50	75
Malick Laye Thiaw	23	194	89	R	B	CBT	["CBT"]	Milan	2027	Germany	59	80	85	74	77	76	82	74	78	76	83	75	73	62	61	68	65	61	64	81	90	81	66	78	50	82
Youssouf Fofana	26	181	75	R	B	DM	["DM","CM"]	Milan	2028	France	80	79	80	90	74	72	84	73	82	77	83	81	78	75	73	79	71	66	71	71	79	83	83	86	50	81
Mattia Liberali	17	169	67	L	B	AM	["AM","WF","SM"]	Milan	2026	Italy	69	48	76	76	70	79	72	82	69	68	72	70	65	65	66	69	66	63	64	61	66	70	72	68	50	66
Strahinja Pavlović Страхиња Павловић	23	194	85	L	B	CBT	["CBT"]	Milan	2028	Serbia	55	79	88	85	79	69	79	66	72	74	70	67	66	61	61	68	62	61	62	78	86	74	61	84	50	78
Davide Bartesaghi	19	193	84	L	B	SB	["SB","CBT"]	Milan	2026	Italy	64	65	78	71	66	66	69	62	69	65	67	65	65	63	61	68	61	61	62	70	74	71	68	68	50	65
Filippo Terracciano	21	186	68	R	B	SM	["SM","SB","WB"]	Milan	2028	Italy	67	69	71	78	81	84	73	79	77	79	77	75	76	76	66	74	69	72	77	69	79	76	70	74	50	70
Matteo Gabbia	25	185	78	R	B	CBT	["CBT"]	Milan	2026	Italy	53	83	78	80	66	66	81	64	69	63	72	68	62	57	61	68	62	61	62	85	79	74	57	82	50	77
Marco Sportiello	32	192	87	R	B	GK	["GK"]	Milan	2027	Italy	31	82	82	71	62	62	81	71	58	55	66	69	67	68	39	79	43	62	49	56	77	66	52	74	80	72
Lapo Francesco Maria Nava	21	189	70	R	B	GK	["GK"]	Milan	2027	Italy	31	69	74	71	62	62	66	58	58	55	61	64	62	64	30	69	43	61	49	55	64	65	39	56	68	58
Chaka Traorè	20	175	70	R	B	WF	["WF","SM"]	Milan	2028	Côte d'Ivoire	69	38	75	71	85	85	68	85	73	78	68	67	66	66	76	68	69	61	70	67	76	73	68	65	50	67
Yunus Dimoara Musah	22	178	71	R	B	CM	["CM","DM","SM"]	Milan	2028	United States	78	73	82	88	92	87	77	83	84	90	78	79	77	79	73	81	73	64	66	66	84	81	77	87	50	80
Kevin Oghenetega Tamaraebi Bakumo-Abraham	27	194	82	R	B	CF	["CF"]	Milan	2025	England	83	44	87	73	84	79	83	73	82	82	79	80	64	71	81	83	79	66	62	84	93	82	83	74	50	79
Lorenzo Torriani	19	197	85	R	B	GK	["GK"]	Milan	2027	Italy	31	68	76	71	62	62	68	58	58	55	64	65	62	64	29	68	43	61	49	55	64	65	41	66	68	65
Alessio Cragno	30	184	78	R	B	GK	["GK"]	Monza	2025	Italy	31	78	77	71	62	62	77	65	58	55	61	65	63	65	34	73	43	61	49	55	74	65	52	72	77	67
Armando Izzo	32	183	78	R	B	CBT	["CBT"]	Monza	2026	Italy	52	79	79	71	66	66	79	66	72	63	70	67	63	54	61	68	66	61	62	78	75	73	52	77	50	81
Luca Caldirola	33	186	79	L	B	CBT	["CBT"]	Monza	2025	Italy	61	80	80	71	66	66	78	62	68	61	73	70	71	68	61	68	61	62	62	78	74	69	66	73	50	77
Roberto Gagliardini	30	190	77	R	B	DM	["DM","CM"]	Monza	2025	Italy	75	75	73	71	66	66	79	65	77	65	80	79	75	74	63	79	76	62	70	76	69	79	76	76	50	78
Gianluca Caprari	31	176	72	R	B	AM	["AM","CF","SS"]	Monza	2026	Italy	80	42	75	73	80	81	79	84	83	82	81	79	78	78	77	79	80	79	85	67	67	83	79	66	50	73
Milan Đurić	34	198	94	R	B	CF	["CF"]	Monza	2025	Bosnia and Herzegovina	79	37	93	71	66	66	78	62	73	60	73	76	61	68	77	81	72	61	62	88	86	79	78	76	50	75
Stefano Sensi	29	168	62	R	B	CM	["CM","AM"]	Monza	2025	Italy	72	66	76	71	70	78	77	81	85	77	88	81	81	76	61	74	77	83	83	61	66	86	77	72	50	76
Pedro Miguel Almeida Lopes Pereira	27	185	77	R	B	SM	["SM","SB","WB"]	Monza	2025	Portugal	75	72	73	82	78	74	76	76	76	76	78	75	76	74	61	72	70	72	66	70	74	77	76	76	50	72
Daniel Maldini	23	188	83	R	B	AM	["AM","WF","SM"]	Monza	2027	Italy	75	45	69	71	71	72	75	73	80	75	79	78	74	75	74	77	78	81	79	72	67	81	75	63	50	71
Davide Djily Diaw	33	191	78	R	B	CF	["CF"]	Monza	2025	Italy	73	35	82	76	86	85	73	81	76	79	68	70	61	67	77	74	71	61	67	72	87	77	73	72	50	68
Samuele Birindelli	25	175	68	R	B	SB	["SB","SM","WB"]	Monza	2026	Italy	70	72	74	80	87	83	76	83	76	80	75	71	74	70	61	68	65	63	68	67	74	77	74	75	50	69
Omari Nathan Forson	20	179	74	L	B	WF	["WF","SM","AM"]	Monza	2028	England	68	40	68	71	74	78	65	79	74	74	73	74	70	73	67	76	65	61	73	61	66	74	65	63	50	66
Semuel Pizzignacco	23	188	76	R	B	GK	["GK"]	Monza	2025	Italy	31	72	76	71	62	62	76	63	58	55	61	65	63	65	34	71	44	61	49	55	71	65	44	62	73	60
Pablo Marí Villar	31	193	87	L	B	CBT	["CBT"]	Monza	2026	Spain	54	81	81	71	66	66	81	62	66	63	75	69	64	52	62	68	60	62	62	82	81	69	60	74	50	78
Mirko Marić	29	188	77	L	B	CF	["CF"]	Monza	2025	Croatia	76	36	82	71	70	70	73	64	73	72	70	71	58	64	76	75	71	61	62	74	81	72	73	67	50	69
Mattia Valoti	31	187	62	R	B	CM	["CM","AM"]	Monza	2025	Italy	74	57	77	74	66	66	74	70	78	68	81	76	77	73	71	73	76	72	81	61	66	79	74	71	50	72
Stefano Turati	23	188	85	R	B	GK	["GK"]	Monza	2025	Italy	31	79	78	71	62	62	81	66	58	55	61	66	64	66	33	75	43	61	49	55	74	65	46	57	78	64
Matteo Pessina	27	187	77	L	B	CM	["CM","DM","AM"]	Monza	2027	Italy	80	75	70	88	76	69	81	71	83	79	85	82	78	76	76	78	76	69	79	71	74	84	81	82	50	80
Danilo D'Ambrosio	36	180	75	R	B	CBT	["CBT","SB"]	Monza	2025	Italy	75	76	79	71	66	66	81	68	74	69	76	72	75	74	62	71	66	71	68	83	85	73	79	74	50	74
Andrea Petagna	29	190	85	L	B	CF	["CF"]	Monza	2026	Italy	79	45	94	71	66	66	78	62	80	70	78	80	69	74	80	82	74	61	65	78	80	82	78	70	50	76
Warren Pierre Bondo	21	177	63	R	B	CM	["CM","DM"]	Monza	2027	France	70	65	72	77	78	79	75	80	78	76	74	72	71	68	63	72	76	68	68	62	69	79	75	75	50	72
Alessandro Bianco	22	173	67	R	B	CM	["CM"]	Monza	2025	Italy	66	62	76	71	66	66	76	69	77	67	78	72	73	67	61	68	65	63	62	68	66	78	76	71	50	70
Andrea Carboni	23	187	70	L	B	CBT	["CBT","SB"]	Monza	2027	Italy	65	75	74	71	68	66	77	62	71	66	71	67	66	64	61	68	63	61	62	72	73	75	73	71	50	65
Dany Mota Carvalho	26	180	74	R	B	CF	["CF","AM","SM","SS","WF"]	Monza	2027	Portugal	81	37	75	76	83	79	80	77	82	82	78	78	66	70	81	79	79	62	78	77	83	83	80	67	50	73
Kevin Maussi Martins	19	180	78	R	B	WF	["WF","SM"]	Monza	2025	Italy	62	36	66	71	79	81	63	79	67	72	66	65	61	60	66	68	60	61	62	61	66	67	56	63	50	62
Andrea Sergio Mazza	20	190	76	R	B	GK	["GK"]	Monza	2027	Italy	31	68	72	71	62	62	67	54	58	55	61	62	60	62	29	66	43	61	49	55	59	65	34	52	68	55
Giorgos Kyriakopoulos Γεώργιος Κυριακόπουλος	28	178	74	L	B	SB	["SB","SM","WB"]	Monza	2026	Greece	66	74	70	71	66	70	77	70	78	71	78	75	73	74	61	73	72	78	77	68	72	78	76	73	50	66
Samuele Vignato	20	172	62	R	B	CF	["CF"]	Monza	2025	Italy	70	44	78	71	69	76	73	82	77	73	71	68	66	60	70	68	67	61	62	61	66	77	73	63	50	67
Patrick Ciurria	29	178	67	L	B	WF	["WF","SM","AM"]	Monza	2026	Italy	78	58	73	81	86	80	80	82	80	83	83	81	77	77	75	79	79	76	79	65	68	81	80	72	50	74
Alex Meret	27	192	82	L	B	GK	["GK"]	Napoli	2025	Italy	31	85	83	72	62	62	87	68	59	55	63	66	66	66	39	76	43	63	49	56	79	66	56	78	83	67
Alessandro Buongiorno	25	190	86	L	B	CBT	["CBT"]	Napoli	2029	Italy	58	85	81	76	76	70	85	68	72	71	78	74	73	69	61	70	63	61	62	82	85	76	65	80	50	82
Juan Guilherme Nunes Jesus	33	185	83	L	B	CBT	["CBT"]	Napoli	2025	Brazil	55	81	78	71	66	68	79	69	66	64	66	65	67	67	61	68	59	61	62	78	81	66	62	76	50	81
Billy Clifford Gilmour	23	170	66	R	B	DM	["DM","CM"]	Napoli	2029	Scotland	72	73	73	78	66	74	81	76	80	70	85	77	76	69	63	68	70	65	70	61	66	81	81	78	50	75
David Neres Campos	27	175	69	L	B	WF	["WF","SM","AM"]	Napoli	2028	Brazil	81	51	79	79	87	89	83	89	88	88	83	82	78	79	80	82	81	64	82	63	74	88	83	72	50	76
Scott Francis McTominay	28	193	88	R	B	DM	["DM","CM"]	Napoli	2029	Scotland	83	75	85	85	68	66	82	64	81	74	81	84	78	79	81	88	80	69	74	84	85	82	82	88	50	84
Romelu Menama Lukaku Bolingoli	31	191	94	L	B	CF	["CF"]	Napoli	2027	Belgium	86	42	96	73	88	75	84	70	82	83	81	83	76	81	86	87	79	70	78	85	94	83	84	74	50	82
Amir Kadri Rrahmani	30	192	75	R	B	CBT	["CBT"]	Napoli	2027	Kosovo	63	85	85	73	88	66	84	62	70	76	75	70	66	61	61	68	66	61	62	81	82	73	69	78	50	79
Nikita Contini Baranovsky	28	190	85	R	B	GK	["GK"]	Napoli	2025	Ukraine	31	73	76	71	62	62	75	63	58	55	61	63	62	63	36	67	43	61	49	55	71	65	49	64	73	57
Rafael Marín Zamora	22	191	78	R	B	CBT	["CBT"]	Napoli	2027	Spain	62	76	75	78	72	71	74	71	66	67	76	71	60	58	61	68	63	61	62	76	81	76	66	76	50	73
Mathías Olivera Miramontes	27	184	78	L	B	SB	["SB"]	Napoli	2027	Uruguay	75	76	74	80	76	74	81	72	78	76	77	71	76	71	61	68	65	61	72	74	77	80	81	81	50	75
Giovanni Pablo Simeone Baldini	29	181	81	R	B	CF	["CF"]	Napoli	2026	Argentina	83	49	78	75	74	77	81	76	79	75	76	79	68	74	83	85	79	73	74	81	87	81	81	78	50	78
Mário Rui Silva Duarte	33	170	67	L	B	SB	["SB"]	Napoli	2026	Portugal	75	75	77	85	82	84	82	86	83	82	83	78	83	79	62	74	74	79	79	69	75	83	81	84	50	77
Matteo Politano	31	171	65	L	B	WF	["WF","SM"]	Napoli	2027	Italy	82	59	78	80	82	84	84	87	85	83	83	82	82	82	82	81	82	81	82	62	66	85	84	76	50	77
Giovanni Di Lorenzo	31	183	82	R	B	SB	["SB","SM","CBT","WB"]	Napoli	2028	Italy	80	79	81	89	86	85	84	82	82	83	81	78	80	78	75	76	74	74	72	78	87	82	83	86	50	79
Alessio Zerbin	25	182	80	R	B	WF	["WF","SM"]	Napoli	2028	Italy	74	43	72	74	75	72	71	74	80	77	77	73	71	71	75	70	74	63	76	61	68	81	71	66	50	70
Elia Caprile	23	191	73	R	B	GK	["GK"]	Napoli	2028	Italy	31	78	79	71	62	62	81	71	58	56	61	66	64	66	31	76	43	61	49	55	73	65	46	61	77	66
Cyril Ngonge	24	179	67	L	B	WF	["WF","SM","AM","CF","SS"]	Napoli	2028	Belgium	76	36	72	71	82	89	74	85	80	81	77	77	72	78	76	79	76	67	78	74	83	79	74	70	50	71
Pasquale Mazzocchi	29	180	74	R	B	SM	["SM","SB","WB"]	Napoli	2027	Italy	73	70	73	75	79	79	75	76	79	79	78	73	78	74	67	68	69	68	74	68	76	79	71	76	50	75
Leonardo Spinazzola	31	186	75	R	B	SM	["SM","SB","WB"]	Napoli	2026	Italy	82	77	72	76	90	88	83	85	84	87	81	77	80	79	70	75	75	63	71	76	83	84	83	77	50	80
Stanislav Lobotka	30	170	68	R	B	CM	["CM","DM"]	Napoli	2027	Slovakia	82	78	80	90	73	79	84	79	85	78	87	80	84	76	76	74	75	66	79	63	72	87	84	86	50	83
Khvicha Kvaratskhelia ხვიჩა კვარაცხელია	23	183	70	R	B	WF	["WF","SM"]	Napoli	2027	Georgia	87	46	76	82	88	87	87	88	89	89	86	83	82	81	84	81	81	73	85	71	81	89	87	77	50	81
Giacomo Raspadori	24	172	69	R	B	AM	["AM","CF","WF","SM","SS"]	Napoli	2028	Italy	81	34	76	73	79	85	81	84	86	83	82	79	68	70	82	77	81	69	74	76	74	85	81	71	50	77
Michael Ijemuan Folorunsho	26	185	78	R	B	AM	["AM","CM"]	Napoli	2029	Italy	81	72	84	86	79	74	81	75	80	79	82	84	75	77	77	86	82	76	71	78	85	81	81	84	50	81
André-Frank Zambo Anguissa	29	184	83	R	B	DM	["DM","CM"]	Napoli	2025	Cameroon	83	79	89	91	79	79	85	79	79	79	81	79	74	73	71	78	72	61	65	75	86	80	85	89	50	82
Leandro Chichizola	34	185	80	R	B	GK	["GK"]	Parma	2025	Argentina	31	77	77	71	62	62	77	72	58	57	61	66	63	66	37	74	43	61	49	55	72	65	49	70	76	65
Yordan Hernando Osorio Paredes	30	189	80	R	B	CBT	["CBT"]	Parma	2025	Venezuela	51	77	87	80	66	66	77	62	65	60	70	67	59	52	61	68	60	61	62	76	80	68	57	80	50	77
Botond Balogh	22	189	77	R	B	CBT	["CBT"]	Parma	2025	Hungary	51	77	79	71	66	66	75	62	65	63	69	66	60	53	61	68	58	61	62	78	78	65	56	69	50	67
Lautaro Rodrigo Valenti	26	188	80	L	B	CBT	["CBT","SB"]	Parma	2027	Argentina	64	70	81	78	75	73	73	69	66	68	71	71	62	64	61	74	63	65	64	75	81	68	70	77	50	67
Adrian Dawid Benedyczak	24	190	78	R	B	WF	["WF","SM","CF"]	Parma	2025	Poland	73	39	83	80	88	92	71	82	76	82	75	75	71	74	78	77	70	61	68	76	90	75	71	75	50	72
Nahuel Estévez	29	181	77	R	B	DM	["DM","CM"]	Parma	2027	Argentina	73	70	70	81	72	74	74	78	78	74	80	79	78	77	76	78	74	79	74	68	71	79	74	80	50	76
Gabriel Charpentier	25	188	80	R	B	CF	["CF"]	Parma	2025	Congo	72	35	81	74	66	66	68	68	74	65	69	73	58	61	77	79	68	61	62	78	82	74	68	66	50	64
Adrián Bernabé García	23	170	68	L	B	AM	["AM","CM","DM"]	Parma	2027	Spain	73	70	76	84	79	85	74	86	81	80	81	78	76	74	75	76	77	78	79	61	70	82	73	80	50	76
Pontus Skule Erik Almqvist	25	183	67	L	B	WF	["WF","SM","CF"]	Parma	2027	Sweden	78	42	72	71	86	87	74	85	79	83	73	72	70	70	77	74	70	61	76	70	73	79	74	64	50	70
Ange-Yoan Bonny	21	189	86	R	B	CF	["CF"]	Parma	2026	France	75	41	81	74	92	85	73	84	81	87	77	76	70	72	80	75	76	63	76	71	86	79	73	68	50	71
Emanuele Valeri	26	180	78	L	B	SB	["SB","SM","WB"]	Parma	2027	Italy	76	72	69	76	78	79	77	76	78	78	76	75	75	77	73	76	77	78	78	66	70	77	77	74	50	72
Enrico Delprato	25	183	74	R	B	SB	["SB","CBT"]	Parma	2027	Italy	71	74	79	83	86	80	77	73	76	80	72	70	72	71	61	69	65	61	68	71	82	78	76	81	50	72
Lamine Mandela Keita	22	180	78	R	B	DM	["DM","CM"]	Parma	2029	Belgium	67	73	82	88	81	81	78	81	79	81	80	79	69	68	61	79	70	61	62	71	85	78	75	83	50	74
Simon Solomon Junior Sohm	23	188	85	R	B	AM	["AM","CM","DM"]	Parma	2025	Switzerland	78	67	85	83	79	80	76	79	76	76	78	77	72	71	73	76	70	61	62	77	90	78	76	81	50	77
Antoine Hainaut	22	187	70	R	B	SB	["SB","CBT"]	Parma	2026	France	68	67	70	71	68	73	69	68	72	70	72	68	68	66	62	68	64	61	66	65	66	71	66	69	50	68
Matteo Cancellieri	22	180	79	L	B	WF	["WF","SM","AM"]	Parma	2025	Italy	72	43	76	71	84	79	73	82	81	83	76	76	73	76	73	78	78	76	79	65	75	81	73	68	50	71
Drissa Camara	22	179	70	R	B	WF	["WF","SM","AM"]	Parma	2025	Côte d'Ivoire	67	59	68	71	70	70	67	69	73	71	73	70	69	68	64	68	67	64	66	61	66	72	67	68	50	68
Wylan Cyprien	29	180	79	R	B	DM	["DM","CM"]	Parma	2025	France	74	71	81	77	67	69	73	72	77	71	77	77	76	76	72	79	74	76	77	71	79	78	73	77	50	76
Woyo Coulibaly	25	185	84	L	B	SB	["SB"]	Parma	2025	France	66	66	85	85	82	77	72	76	78	80	75	72	74	72	61	70	64	61	69	76	89	77	71	80	50	71
Hernani Azevedo Júnior	30	188	77	R	B	DM	["DM","CM"]	Parma	2026	Brazil	76	74	79	77	66	66	81	69	78	71	80	80	74	74	71	81	76	81	68	73	77	78	78	79	50	78
Mihai Valentin Mihăilă	24	173	68	R	B	WF	["WF","SM"]	Parma	2027	Romania	72	43	73	85	93	94	71	90	77	85	74	72	72	71	73	72	71	61	71	61	68	76	71	71	50	69
Zion Suzuki 鈴木 彩艶	22	190	91	R	B	GK	["GK"]	Parma	2029	Japan	31	75	81	71	64	62	80	70	58	59	61	66	64	66	30	75	43	61	49	55	76	65	46	59	75	60
Alessandro Circati	21	190	84	R	B	CBT	["CBT"]	Parma	2027	Australia	52	78	83	71	68	66	79	62	65	65	71	67	65	56	61	68	60	61	62	77	82	67	56	74	50	71
Edoardo Corvi	23	187	70	L	B	GK	["GK"]	Parma	2025	Italy	31	71	73	71	62	62	73	62	58	55	61	63	62	63	31	67	43	61	49	55	69	65	46	57	72	62
Giovanni Leoni	18	193	79	R	B	CBT	["CBT"]	Parma	2027	Italy	49	73	76	71	66	66	70	62	65	63	67	65	58	48	61	68	58	61	62	73	74	65	51	67	50	62
Anas Haj Mohamed	19	175	67	R	B	AM	["AM"]	Parma	2026	Tunisia	67	43	74	71	66	66	66	67	69	65	73	68	65	56	63	68	61	61	62	61	66	69	66	63	50	65
Mateusz Kowalski	19	197	80	R	B	CF	["CF","AM","SS"]	Parma	2027	Poland	63	36	78	71	68	66	63	62	65	65	61	62	58	49	66	68	59	61	62	72	74	65	60	66	50	62
Gianluca Di Chiara	31	186	78	L	B	SB	["SB"]	Parma	2025	Italy	67	67	82	85	84	78	71	74	75	78	76	76	76	79	61	77	69	77	82	67	80	76	71	78	50	69
Dennis Man	26	183	82	L	B	WF	["WF","SM"]	Parma	2027	Romania	73	48	78	80	93	93	73	93	81	88	78	79	73	76	79	79	76	75	75	74	87	80	73	74	50	72
José Ángel Esmoris Tasende	28	171	69	L	B	SB	["SB","SM","WB"]	Roma	2028	Spain	80	76	76	87	66	83	81	85	86	71	84	83	86	85	76	83	75	81	85	72	74	86	80	84	50	81
Bryan Cristante	29	186	80	R	B	CM	["CM","DM","CBT"]	Roma	2027	Italy	82	79	85	93	66	66	84	67	83	71	85	85	83	80	76	85	80	74	73	81	83	84	84	88	50	83
Obite Evan Ndicka	25	192	82	L	B	CBT	["CBT"]	Roma	2028	Côte d'Ivoire	71	81	84	75	81	74	81	65	78	77	82	76	77	71	62	70	66	62	65	83	88	80	75	78	50	82
Lorenzo Pellegrini	28	186	77	R	B	AM	["AM","CM"]	Roma	2026	Italy	85	75	81	89	82	82	86	82	86	82	88	85	83	80	83	82	82	83	78	80	85	88	86	84	50	84
Artem Dovbyk Довбик Артем Олександрович	27	189	78	L	B	CF	["CF"]	Roma	2029	Ukraine	86	40	88	81	88	84	84	81	84	86	84	87	69	73	90	90	78	68	68	88	96	83	84	80	50	82
Saud Abdullah Abdul Hamid سعود عبدالحميد	25	175	70	R	B	SB	["SB"]	Roma	2027	Saudi Arabia	78	73	82	93	93	92	78	88	76	85	76	71	76	70	61	68	62	61	68	69	77	73	77	86	50	75
Eldor Shomurodov	29	190	76	R	B	CF	["CF"]	Roma	2026	Uzbekistan	76	44	74	71	79	83	72	81	79	79	74	75	67	71	76	77	76	63	71	77	85	80	72	69	50	73
Mats Julian Hummels	36	191	94	R	B	CBT	["CBT"]	Roma	2025	Germany	70	89	89	72	68	66	89	66	77	70	85	79	81	73	66	75	68	65	71	89	87	80	76	75	50	85
Leandro Daniel Paredes	30	180	75	R	B	CM	["CM","DM"]	Roma	2025	Argentina	73	73	79	80	68	68	78	70	85	74	88	88	85	84	63	88	79	83	85	67	74	87	76	85	50	82
Kouadio Emmanuel Boris Koné	23	185	80	R	B	CM	["CM","DM"]	Roma	2025	France	77	69	79	81	73	79	80	80	85	79	81	84	78	81	77	88	74	62	74	75	83	85	80	79	50	78
Matías Soulé Malvano	21	176	69	L	B	WF	["WF","SM","AM"]	Roma	2029	Argentina	73	41	73	88	75	82	73	84	84	81	80	75	77	75	76	71	77	78	82	67	69	83	73	73	50	70
Mehmet Zeki Çelik	27	180	78	R	B	SB	["SB","SM","WB"]	Roma	2026	Türkiye	77	74	78	85	78	74	79	73	80	78	78	72	76	72	67	68	70	62	76	73	79	81	78	82	50	77
Paulo Bruno Exequiel Dybala	31	177	75	L	B	AM	["AM","CF","SS"]	Roma	2025	Argentina	87	44	82	81	79	86	88	88	92	85	88	86	85	86	88	86	91	90	90	74	80	93	88	71	50	80
Mario Hermoso Canseco	29	184	76	L	B	CBT	["CBT"]	Roma	2028	Spain	71	85	83	79	81	75	85	75	78	76	85	77	81	73	63	71	65	66	73	86	90	81	76	83	50	84
Gianluca Mancini	28	190	77	R	B	CBT	["CBT"]	Roma	2027	Italy	57	88	86	84	79	70	87	64	75	72	75	69	68	53	63	68	67	63	62	87	89	81	63	87	50	87
Samuel Elias Dahl	21	171	72	L	B	SB	["SB"]	Roma	2027	Sweden	69	65	76	85	87	84	69	80	75	80	67	65	68	68	61	68	63	61	62	61	69	76	69	81	50	72
Enzo Jérémy Le Fée	24	173	66	R	B	CM	["CM","AM"]	Roma	2027	France	81	66	78	76	68	68	81	73	84	75	86	76	79	70	63	68	70	77	74	62	66	85	81	70	50	76
Tommaso Baldanzi	21	170	63	L	B	AM	["AM","CF","SS"]	Roma	2028	Italy	80	49	78	74	81	80	76	83	82	82	80	80	74	76	75	80	78	71	79	61	66	81	76	69	50	76
Alexis Jesse Saelemaekers	25	180	72	R	B	WF	["WF","SM"]	Roma	2025	Belgium	79	69	73	81	80	85	80	87	83	82	81	75	79	76	74	69	77	73	79	61	70	83	80	78	50	76
Nicola Zalewski	22	175	78	R	B	SM	["SM","SB","WB"]	Roma	2025	Poland	78	69	72	83	88	85	77	84	82	85	81	78	76	77	67	76	76	77	79	61	66	82	77	77	50	76
Niccolò Pisilli	20	180	75	R	B	CM	["CM"]	Roma	2026	Italy	72	63	68	71	66	66	76	62	74	63	78	75	70	68	68	73	65	66	62	68	66	77	76	73	50	72
Aboubacar Sangaré Traoré	17	177	67	R	B	SB	["SB"]	Roma	2027	Spain	68	64	66	71	68	69	70	69	69	68	69	66	68	66	61	68	61	61	63	67	66	70	70	65	50	63
Renato Bellucci Marin	18	193	80	L	B	GK	["GK"]	Roma	2025	Italy	31	69	75	71	62	62	69	61	58	55	61	64	62	64	29	70	43	61	49	55	68	65	39	58	70	58
Stephan Kareem El Shaarawy	32	178	73	R	B	WF	["WF","SM","AM"]	Roma	2025	Italy	83	61	76	72	81	85	85	89	87	84	82	79	79	79	78	79	85	78	87	73	80	87	85	67	50	76
Mathew David Ryan	32	182	82	R	B	GK	["GK"]	Roma	2025	Australia	31	81	78	71	62	62	83	71	58	56	62	69	67	70	37	83	43	62	49	56	79	66	51	74	81	74
Mile Svilar Миле Свилар	25	189	77	R	B	GK	["GK"]	Roma	2027	Serbia	31	80	79	71	62	66	82	75	58	57	61	66	64	66	36	74	43	61	49	55	78	65	49	68	79	66
Alberto Andrea Paleari	32	193	88	R	B	GK	["GK"]	Torino	2026	Italy	31	77	79	71	62	62	76	66	58	55	61	66	63	66	31	74	43	61	49	55	71	65	46	68	74	63
Brian Jephte Bayeye	24	182	77	R	B	SM	["SM","SB","WB"]	Torino	2025	Congo DR	65	59	72	81	79	81	65	77	68	72	68	66	68	67	61	68	63	61	64	68	79	68	65	74	50	67
Perr Schuurs	25	191	85	R	B	CBT	["CBT"]	Torino	2026	Netherlands	59	83	79	78	79	67	84	67	77	76	81	84	78	80	66	87	71	76	73	79	82	79	65	77	50	78
Sebastian Wiktor Walukiewicz	24	188	80	R	B	CBT	["CBT"]	Torino	2027	Poland	55	78	82	74	66	66	78	62	66	60	71	68	62	48	61	68	60	61	62	76	82	68	59	75	50	75
Adam Masina	31	189	78	L	B	CBT	["CBT","SB"]	Torino	2026	Morocco	70	76	74	71	73	66	80	67	76	73	75	71	76	72	61	68	64	61	69	78	78	77	76	73	50	71
Yann Dorgelès Isaac Karamoh	26	184	77	R	B	WF	["WF","SM","CF"]	Torino	2025	France	76	36	68	71	80	81	74	79	79	80	75	74	73	73	74	74	74	62	72	72	78	79	74	66	50	71
Ivan Ilić Иван Илић	23	186	77	L	B	CM	["CM","DM"]	Torino	2027	Serbia	75	71	73	75	72	74	76	75	83	76	83	84	80	80	75	84	77	71	76	67	74	84	76	76	50	77
Arnaldo Antonio Sanabria Ayala	28	180	70	R	B	CF	["CF"]	Torino	2025	Paraguay	82	43	76	71	77	81	79	83	83	80	80	80	71	75	82	81	75	71	74	80	85	83	79	63	50	73
Nikola Vlašić	27	179	79	R	B	AM	["AM","WF","SM"]	Torino	2027	Croatia	80	61	81	80	77	80	80	80	85	81	83	83	78	79	79	83	80	78	74	73	79	85	80	80	50	81
Guillermo Alfonso Maripán Loaysa	30	190	84	R	B	CBT	["CBT"]	Torino	2026	Chile	62	82	90	71	66	66	82	62	66	60	76	70	68	57	62	68	61	62	62	83	81	71	67	76	50	82
Marcus Holmgren Pedersen	24	184	76	R	B	SM	["SM","SB","WB"]	Torino	2025	Norway	74	69	74	86	90	90	73	87	76	84	75	70	76	70	61	68	62	61	72	61	71	74	72	76	50	71
Antonio Donnarumma	34	192	96	R	B	GK	["GK"]	Torino	2026	Italy	31	72	79	71	62	62	78	64	58	55	61	61	59	61	33	66	43	61	49	55	72	65	46	70	73	63
Ché Zach Everton Fred Adams	28	175	70	R	B	CF	["CF"]	Torino	2027	Scotland	79	46	79	81	85	83	79	82	79	82	76	81	65	76	79	88	78	68	69	73	85	80	79	80	50	77
Valentino Lazaro	28	181	75	R	B	SM	["SM","SB","WB"]	Torino	2027	Austria	79	69	75	73	71	79	79	81	78	74	79	76	78	76	71	74	74	75	80	61	71	78	79	73	50	76
Ali Bina Dembélé	21	185	69	R	B	SB	["SB"]	Torino	2026	France	63	63	72	71	72	71	68	71	69	69	66	64	65	64	61	68	61	61	62	63	69	70	66	68	50	63
Saúl Basilio Coco Bassey Oubiña	25	187	86	R	B	CBT	["CBT"]	Torino	2028	Equatorial Guinea	49	81	86	72	90	83	81	75	69	78	75	80	66	65	61	87	69	77	62	76	88	71	53	76	50	74
Borna Sosa	27	187	79	L	B	SB	["SB"]	Torino	2025	Croatia	76	67	75	81	74	76	79	76	80	76	81	77	83	82	62	74	69	75	86	72	79	81	79	77	50	76
Emirhan İlkhan	20	175	68	R	B	CM	["CM","AM"]	Torino	2026	Türkiye	69	54	73	73	69	73	64	75	76	73	73	70	67	64	66	68	65	63	65	61	66	74	64	71	50	71
Mërgim Vojvoda	29	186	78	R	B	SM	["SM","CBT"]	Torino	2025	Kosovo	77	72	73	75	73	72	79	73	78	75	78	76	79	77	61	74	67	67	73	71	75	78	79	75	50	76
Samuele Ricci	23	181	76	R	B	DM	["DM","CM"]	Torino	2026	Italy	76	76	73	83	74	79	78	80	82	78	83	79	75	71	61	74	72	70	62	66	74	83	78	80	50	76
Vanja Milinković-Savić Вања Миликовић-Савић	27	202	99	R	B	GK	["GK"]	Torino	2026	Serbia	31	81	86	71	62	62	81	68	58	55	61	71	67	72	40	86	46	68	62	55	79	65	49	73	81	71
Adrien Tamèze Aoutsa	30	182	78	R	B	CBT	["CBT","DM","CM"]	Torino	2026	France	76	75	78	85	80	79	79	80	80	80	80	78	71	69	68	77	71	63	66	78	85	80	78	83	50	76
Gvidas Gineitis	20	191	75	L	B	CM	["CM","DM"]	Torino	2026	Lithuania	68	59	69	73	66	66	68	62	76	68	78	76	71	71	61	75	72	77	68	70	70	78	68	72	50	70
Aaron Ciammaglichella	19	180	72	R	B	CM	["CM","DM"]	Torino	2027	Italy	72	66	69	71	68	74	72	74	70	68	71	67	66	61	68	68	65	68	64	67	68	71	72	69	50	71
Karol Linetty	29	175	73	R	B	CM	["CM","DM","AM"]	Torino	2025	Poland	76	74	74	78	66	74	80	75	79	68	81	78	73	70	71	74	70	61	68	66	69	80	78	80	50	79
Duván Esteban Zapata Banguero	33	188	88	R	B	CF	["CF"]	Torino	2026	Colombia	86	45	96	83	75	79	83	75	84	79	80	84	64	72	88	90	80	71	62	89	96	85	83	83	50	83
Alieu Eybi Njie	19	177	70	R	B	CF	["CF","WF","SM","AM","SS"]	Torino	2027	Sweden	74	32	74	76	82	81	74	80	69	75	66	66	62	67	70	69	65	61	62	61	66	69	74	76	50	71
James Abankwah	21	182	79	R	B	CBT	["CBT","SB"]	Udinese	2026	Republic of Ireland	61	64	75	71	71	72	68	71	65	66	65	64	60	57	61	68	58	61	62	63	72	65	61	71	50	60
Martín Ismael Payero	26	182	80	R	B	CM	["CM","DM"]	Udinese	2027	Argentina	76	66	79	78	74	74	78	75	81	78	80	80	75	76	68	81	72	79	74	70	79	80	78	76	50	76
Oier Zarraga Egaña	26	175	76	R	B	CM	["CM","DM"]	Udinese	2027	Spain	75	62	77	76	78	80	77	80	78	77	81	73	75	68	75	68	70	65	70	67	76	78	77	71	50	72
Alexis Alejandro Sánchez Sánchez	36	169	65	R	B	CF	["CF"]	Udinese	2026	Chile	89	51	82	74	74	74	87	79	88	80	84	82	83	83	85	83	85	81	85	79	79	88	87	75	50	84
Sandi Lovrić	26	180	70	R	B	DM	["DM","CM"]	Udinese	2027	Slovenia	76	70	71	80	66	66	78	67	78	67	80	74	75	70	73	69	69	72	73	65	68	80	78	78	50	77
Keinan Vincent Joseph Davis	26	189	68	L	B	CF	["CF"]	Udinese	2027	England	76	45	92	71	72	67	73	68	78	75	71	76	61	70	78	83	72	61	62	78	87	78	73	76	50	76
Florian Tristan Mariano Thauvin	31	181	70	L	B	CF	["CF","AM","SS"]	Udinese	2025	France	76	49	74	73	73	75	76	79	82	77	80	82	77	81	77	85	81	75	86	74	78	83	76	69	50	74
Hassane Kamara	30	170	67	L	B	SB	["SB","SM","WB"]	Udinese	2026	Côte d'Ivoire	75	69	83	80	83	87	76	86	77	80	75	76	75	76	66	78	68	61	71	61	77	76	76	80	50	75
Arthur Atta	22	189	77	R	B	AM	["AM","CM"]	Udinese	2025	France	74	64	78	75	79	74	72	75	76	76	76	72	68	64	64	68	64	61	62	68	78	77	72	75	50	75
Lorenzo Lucca	24	201	80	R	B	CF	["CF"]	Udinese	2028	Italy	78	39	90	75	75	66	76	62	76	74	72	79	65	75	79	87	72	68	62	80	85	77	76	75	50	74
Kingsley Ehizibue	29	189	78	R	B	SM	["SM","SB","WB"]	Udinese	2026	Nigeria	72	68	79	78	90	89	74	80	76	82	74	74	74	74	64	74	65	61	63	73	88	76	74	78	50	73
Iker Bravo Solanilla	20	182	75	R	B	CF	["CF","WF","SM"]	Udinese	2028	Spain	71	32	68	71	71	74	69	74	77	74	71	72	61	67	73	74	70	67	62	73	74	76	69	63	50	67
Brenner Souza da Silva	25	175	70	R	B	CF	["CF","AM","SS"]	Udinese	2028	Brazil	79	39	72	71	81	79	77	80	81	81	74	74	67	69	79	74	74	68	66	72	74	81	77	64	50	71
Enzo Jacques Rodolphe Ebosse	25	185	75	L	B	CBT	["CBT"]	Udinese	2027	Cameroon	60	77	79	73	66	71	77	64	71	65	70	67	65	62	61	68	62	61	62	74	79	73	63	73	50	68
Jesper Karlström	29	185	81	R	B	DM	["DM","CM"]	Udinese	2026	Sweden	68	71	85	90	68	75	76	73	74	70	77	71	72	66	62	68	68	68	68	70	84	75	73	84	50	73
Christian Kabasele	33	187	84	R	B	CBT	["CBT"]	Udinese	2025	Belgium	61	78	81	71	68	66	78	62	68	65	71	68	63	59	61	68	62	61	62	76	77	71	66	76	50	76
Jaka Bijol	25	190	85	R	B	CBT	["CBT"]	Udinese	2027	Slovenia	62	80	85	75	70	67	77	62	70	68	79	77	70	66	66	75	64	61	62	83	88	72	67	77	50	77
Lautaro Daniel Giannetti	31	185	79	R	B	CBT	["CBT"]	Udinese	2026	Argentina	51	77	84	74	71	68	78	63	66	66	72	68	63	53	61	68	62	61	62	74	81	72	56	76	50	76
Thomas Thiesson Kristensen	23	198	85	R	B	CBT	["CBT"]	Udinese	2028	Denmark	50	76	82	72	70	66	76	62	69	67	72	68	63	51	61	68	61	61	62	76	83	71	54	74	50	74
Jurgen Peter Ekkelenkamp	24	188	83	R	B	AM	["AM","CM","DM"]	Udinese	2029	Netherlands	80	65	80	88	68	74	78	74	78	73	78	77	74	74	74	77	73	74	74	73	80	77	78	82	50	78
Jordan Bhekithemba Zemura	25	173	63	L	B	SB	["SB","SM","WB"]	Udinese	2027	Zimbabwe	71	68	71	78	74	82	74	78	75	74	73	70	71	71	61	68	63	61	71	61	66	75	74	72	50	68
Maduka Emilio Okoye	25	197	94	R	B	GK	["GK"]	Udinese	2028	Nigeria	31	78	85	71	62	62	81	65	58	55	61	65	63	65	30	73	43	61	49	55	74	65	48	64	77	63
Rui Manuel Muati Modesto	25	181	72	R	B	SM	["SM","SB","WB"]	Udinese	2029	Angola	73	59	72	81	87	86	67	83	72	79	70	67	70	66	72	68	66	61	62	61	68	72	67	74	50	71
Răzvan Sergiu Sava	22	197	83	R	B	GK	["GK"]	Udinese	2029	Romania	31	76	79	71	62	62	76	64	58	55	61	64	62	64	31	68	43	61	49	55	72	65	41	59	75	58
Daniele Padelli	39	191	82	L	B	GK	["GK"]	Udinese	2025	Italy	31	76	79	71	62	62	73	62	58	55	61	62	61	62	33	66	43	61	49	55	70	65	46	72	74	64
Souleymane Isaak Touré	21	206	98	L	B	CBT	["CBT"]	Udinese	2025	France	56	75	93	74	74	68	75	63	66	68	69	66	58	56	61	68	62	61	62	73	84	72	61	80	50	79
Damián Nicolás Pizarro Huenuqueo	19	187	85	R	B	CF	["CF"]	Udinese	2029	Chile	74	31	85	72	88	85	72	80	73	80	66	67	60	54	71	71	62	61	62	73	90	73	72	74	50	70
Jesse Pekka Joronen	31	197	89	R	B	GK	["GK"]	Venezia	2025	Finland	31	78	81	71	62	62	79	67	58	55	61	66	63	66	35	74	43	61	49	55	75	65	51	73	78	69
Jay Noah Idzes	24	190	82	R	B	CBT	["CBT"]	Venezia	2027	Indonesia	59	73	83	81	66	68	72	65	68	60	76	72	67	64	61	70	62	61	62	73	79	72	63	77	50	71
Ridgeciano Delano Haps	31	175	66	L	B	SM	["SM","SB","WB"]	Venezia	2026	Suriname	73	67	76	81	85	81	72	82	75	80	74	72	72	74	71	72	66	61	74	67	76	74	71	78	50	71
Gianluca Cristiano Busio	22	170	61	R	B	CM	["CM","DM","AM"]	Venezia	2026	United States	74	66	80	84	74	79	74	85	78	76	82	78	71	68	69	74	71	73	77	67	74	79	74	78	50	75
Francesco Filippo Zampano	31	177	72	R	B	SB	["SB","SM","WB"]	Venezia	2025	Italy	70	67	80	85	85	86	71	86	76	80	77	71	74	72	61	68	64	61	70	67	82	76	71	79	50	69
Christian Lund Gytkjær	34	185	77	R	B	CF	["CF"]	Venezia	2025	Denmark	77	42	81	71	66	66	78	69	74	64	70	74	60	69	78	80	72	65	67	78	80	76	78	71	50	73
John Yeboah Zamora	24	170	69	L	B	WF	["WF","SM","AM"]	Venezia	2027	Ecuador	74	34	78	85	93	92	76	93	74	83	70	68	64	66	72	68	65	61	62	68	78	73	76	72	50	68
Gaetano Pio Oristanio	22	174	62	L	B	AM	["AM","CF","SS"]	Venezia	2029	Italy	74	52	71	72	88	85	73	88	79	84	75	72	72	70	71	70	74	73	76	61	66	79	73	75	50	75
Bruno Oliveira Bertinato	26	194	79	L	B	GK	["GK"]	Venezia	2025	Brazil	31	71	76	71	62	62	71	61	58	55	61	62	61	62	31	66	43	61	49	55	68	65	43	55	71	64
Hans Nicolussi Caviglia	24	184	79	R	B	CM	["CM"]	Venezia	2026	Italy	71	58	70	71	66	74	70	69	75	69	79	77	71	69	61	75	64	61	62	66	66	74	70	68	50	70
Giorgio Altare	26	190	75	R	B	CBT	["CBT"]	Venezia	2028	Italy	54	76	86	73	69	66	75	62	65	65	65	64	62	55	61	68	59	61	62	76	78	65	57	75	50	71
Antonio Luca Fiordilino	28	178	68	R	B	DM	["DM","CM"]	Venezia	2025	Italy	67	66	76	81	81	82	75	83	75	76	78	75	71	68	61	73	68	66	70	65	76	76	74	78	50	72
Bjarki Steinn Bjarkason	24	180	71	R	B	SM	["SM","CM"]	Venezia	2027	Iceland	69	54	73	71	68	68	68	69	74	71	73	69	69	66	68	68	64	62	62	61	66	74	68	66	50	67
Joel Julius Ilmari Pohjanpalo	30	186	86	R	B	CF	["CF"]	Venezia	2027	Finland	80	41	84	78	75	69	78	72	77	75	76	78	65	71	81	82	76	61	74	80	87	77	78	74	50	75
Richie Sagrado Sebastiao	20	183	79	R	B	SM	["SM","SB","WB"]	Venezia	2028	Belgium	71	63	70	78	79	79	71	76	74	77	71	67	67	65	65	68	62	61	62	65	74	72	71	73	50	67
Domen Črnigoj	29	188	70	R	B	CM	["CM"]	Venezia	2026	Slovenia	73	61	77	78	76	75	76	80	74	74	75	73	75	73	67	72	69	65	69	61	66	74	76	72	50	70
Matteo Grandi	32	189	75	R	B	GK	["GK"]	Venezia	2025	Italy	31	69	74	71	62	62	66	59	58	55	61	63	61	63	36	66	43	61	49	55	65	65	48	66	68	59
Joël Marcel Schingtienne	22	188	80	R	B	CBT	["CBT","SB"]	Venezia	2029	Belgium	65	72	75	76	73	69	74	63	65	67	70	67	61	53	61	68	57	61	62	71	76	65	71	72	50	63
Antonio Candela	24	185	74	R	B	SB	["SB","SM","WB"]	Venezia	2027	Italy	67	69	78	83	86	86	73	82	73	79	72	70	73	72	61	69	64	61	71	68	84	73	73	78	50	69
Michael Svoboda	26	195	86	R	B	CBT	["CBT"]	Venezia	2026	Austria	57	73	90	79	73	66	72	62	68	68	71	70	62	60	61	72	61	61	62	72	79	69	61	78	50	73
Joseph Alfred Duncan	31	178	78	L	B	CM	["CM","DM"]	Venezia	2026	Ghana	76	77	80	82	72	73	80	74	80	75	83	85	77	79	62	86	76	68	69	76	81	81	80	84	50	79
Marin Šverko	26	187	81	L	B	CBT	["CBT"]	Venezia	2026	Croatia	51	73	85	76	73	69	71	67	68	69	71	67	68	64	61	68	61	61	62	71	81	69	55	73	50	68
Filip Stankovic Филип Станковић	22	187	79	R	B	GK	["GK"]	Venezia	2025	Serbia	31	74	76	71	62	64	79	63	58	55	61	65	63	65	30	71	43	61	49	55	71	65	45	60	74	58
Magnus Kofod Andersen	25	170	64	R	B	CM	["CM","DM"]	Venezia	2025	Denmark	72	66	81	89	74	78	76	81	76	74	76	74	72	70	65	74	68	72	70	61	73	76	76	81	50	73
Antonio Raimondo	20	184	71	L	B	CF	["CF"]	Venezia	2025	Italy	75	33	73	71	74	69	72	71	76	75	74	73	67	68	77	73	70	61	62	73	74	76	72	67	50	69
Mikael Egill Ellertsson	22	182	74	L	B	CM	["CM","SM"]	Venezia	2027	Iceland	70	65	70	71	69	78	68	77	77	73	76	75	71	71	74	75	72	61	71	63	71	77	68	66	50	69
Franco Ezequiel Carboni	21	190	76	L	B	SB	["SB","SM","WB"]	Venezia	2025	Argentina	65	63	72	79	67	68	69	63	67	65	68	66	64	64	61	68	60	61	68	70	74	68	69	73	50	63
Saad El Haddad سعد الحداد	19	175	75	R	B	AM	["AM"]	Venezia	2027	Morocco	61	46	71	71	74	66	63	62	67	69	63	63	60	57	62	68	61	61	62	61	66	68	60	63	50	63
Issa Doumbia	21	187	70	R	B	CM	["CM"]	Venezia	2029	Italy	69	63	71	71	74	74	71	70	78	75	78	72	71	65	61	68	66	63	64	64	70	79	71	68	50	69
Unai Simón Mendibil	27	190	89	R	B	GK	["GK"]	Athletic Club	2029	Spain	31	88	86	72	62	62	88	70	59	55	63	68	67	69	37	81	43	63	49	56	84	66	56	73	86	70
Andoni Gorosabel Espinosa	28	174	70	R	B	SB	["SB"]	Athletic Club	2028	Spain	76	75	75	76	79	76	80	75	77	77	79	72	77	70	61	68	66	61	68	76	79	78	80	74	50	73
Daniel Vivian Moreno	25	183	83	R	B	CBT	["CBT"]	Athletic Club	2026	Spain	56	86	84	82	85	79	88	74	76	78	81	73	67	61	63	68	64	63	62	79	88	78	63	85	50	82
Aitor Paredes Casamichana	24	186	79	R	B	CBT	["CBT"]	Athletic Club	2029	Spain	54	81	80	76	80	70	83	68	65	71	77	71	63	49	61	68	62	61	62	76	80	72	62	78	50	75
Yeray Álvarez López	29	182	79	R	B	CBT	["CBT"]	Athletic Club	2026	Spain	60	86	80	76	73	66	88	64	74	68	84	78	75	67	63	74	66	63	64	81	81	80	67	81	50	85
Mikel Vesga Arruti	31	191	86	L	B	CM	["CM","DM"]	Athletic Club	2027	Spain	77	75	89	85	66	66	79	62	75	65	80	80	76	75	78	81	74	63	66	76	75	78	78	79	50	76
Alejandro Berenguer Remiro	29	175	73	R	B	WF	["WF","SM"]	Athletic Club	2027	Spain	83	68	78	83	86	88	82	88	84	86	80	79	78	79	81	79	78	79	79	78	83	83	82	81	50	81
Oihan Sancet Tirapu	24	188	77	R	B	AM	["AM","CM","CF","SS"]	Athletic Club	2032	Spain	86	69	83	88	78	76	87	82	87	82	86	85	83	82	85	85	80	65	84	84	88	86	87	86	50	86
Iñaki Williams Arthuer	30	186	80	R	B	WF	["WF","SM","CF"]	Athletic Club	2028	Ghana	87	51	86	90	95	94	86	87	85	90	80	82	77	84	85	87	81	68	83	84	96	84	86	85	50	83
Nicholas Williams Arthuer	22	181	67	R	B	WF	["WF","SM"]	Athletic Club	2027	Spain	83	42	76	85	94	95	84	94	89	92	85	83	79	83	82	81	77	78	81	73	81	88	84	76	50	78
Álvaro Djaló Dias Fernandes	25	175	65	R	B	WF	["WF","SM","AM"]	Athletic Club	2029	Spain	79	56	75	77	91	92	81	90	82	87	78	72	72	69	78	68	75	81	82	63	74	82	81	69	50	72
Gorka Guruzeta Rodríguez	28	188	80	R	B	CF	["CF"]	Athletic Club	2028	Spain	82	52	85	83	79	79	82	79	82	80	81	83	72	79	83	85	81	63	76	83	90	83	82	80	50	79
Julen Agirrezabala Astúlez	24	187	80	L	B	GK	["GK"]	Athletic Club	2027	Spain	31	82	79	71	62	62	79	67	58	55	61	68	66	69	31	81	43	61	49	55	76	65	47	63	80	67
Unai Núñez Gestoso	27	186	81	R	B	CBT	["CBT"]	Athletic Club	2025	Spain	53	80	85	74	77	70	83	64	65	69	79	72	61	53	61	68	62	61	62	80	87	73	58	77	50	75
Iñigo Lekue Martínez	31	180	70	R	B	SB	["SB"]	Athletic Club	2025	Spain	77	75	78	85	84	85	79	82	78	80	78	73	75	73	71	68	68	66	75	69	82	79	79	82	50	76
Iñigo Ruiz de Galarreta Etxeberria	31	175	69	R	B	DM	["DM","CM"]	Athletic Club	2025	Spain	80	79	82	85	73	80	82	84	82	76	83	80	81	77	68	77	75	70	77	62	75	83	82	85	50	81
Yuri Berchiche Izeta	34	181	80	L	B	SB	["SB"]	Athletic Club	2025	Spain	75	77	85	85	81	84	83	81	79	79	81	82	79	82	70	85	76	66	83	78	90	81	83	86	50	78
Óscar de Marcos Arana	35	182	78	R	B	SB	["SB"]	Athletic Club	2025	Spain	79	79	79	85	82	82	82	80	80	79	81	79	80	80	72	77	69	64	83	70	81	83	82	85	50	80
Javier Martón Ansó	25	183	72	R	B	CF	["CF"]	Athletic Club	2026	Spain	71	31	68	71	66	68	68	63	73	65	70	71	58	63	77	75	71	61	62	73	73	73	68	63	50	65
Unai Gómez Etxebarria	21	183	74	L	B	AM	["AM","CM","SM"]	Athletic Club	2028	Spain	76	43	73	71	72	71	77	75	78	74	78	75	72	69	74	73	69	61	68	73	75	79	77	69	50	73
Ander Herrera Agüera	35	182	71	R	B	CM	["CM","DM"]	Athletic Club	2025	Spain	82	80	77	83	66	70	85	73	83	71	83	81	83	79	76	79	78	73	82	72	74	84	83	84	50	83
Nicolás Serrano Galdeano	21	176	72	L	B	WF	["WF","SM"]	Athletic Club	2026	Spain	67	32	76	76	84	85	70	86	80	82	76	71	71	70	76	68	69	68	68	61	66	80	70	67	50	64
Mikel Jauregizar Alboniga	21	177	74	R	B	CM	["CM","DM"]	Athletic Club	2027	Spain	72	66	74	79	69	66	73	69	74	69	74	72	68	64	68	71	69	71	62	61	66	76	73	76	50	73
Beñat Prados Díaz	23	180	72	R	B	DM	["DM","CM","CBT"]	Athletic Club	2025	Spain	75	77	81	84	71	78	81	80	78	73	81	77	76	72	69	74	69	61	66	74	81	81	81	83	50	78
Alejandro Padilla Pérez	21	190	80	R	B	GK	["GK"]	Athletic Club	2027	Mexico	31	74	76	71	62	62	76	63	58	55	61	64	62	64	30	68	43	61	49	55	71	65	39	51	74	54
Adama Boiro Boiro	22	183	76	L	B	SB	["SB","SM","WB"]	Athletic Club	2029	Senegal	65	63	77	71	78	75	69	71	69	73	66	64	68	64	61	68	60	61	66	67	78	68	68	68	50	64
Oier Gastesi Serrano	21	190	76	R	B	GK	["GK"]	Athletic Club	2026	Spain	31	69	75	71	62	62	62	56	58	55	61	61	59	61	31	66	43	61	49	55	61	65	32	51	68	54
Juan Agustín Musso	30	191	93	R	B	GK	["GK"]	Atlético Madrid	2025	Argentina	31	83	83	71	62	62	84	68	58	55	61	67	64	67	39	77	43	61	49	55	79	65	53	74	81	70
José María Giménez de Vargas	30	185	77	R	B	CBT	["CBT"]	Atlético Madrid	2025	Uruguay	55	89	87	78	77	74	87	71	72	69	81	78	69	66	63	77	63	63	62	85	90	77	59	83	50	85
César Azpilicueta Tanco	35	178	77	R	B	CBT	["CBT","SB"]	Atlético Madrid	2025	Spain	76	81	76	78	66	69	86	71	78	67	83	77	82	77	63	73	68	68	73	83	83	81	86	82	50	79
Conor Gallagher	24	182	74	R	B	CM	["CM","AM","DM"]	Atlético Madrid	2029	England	84	80	80	94	81	76	85	76	84	81	86	85	81	79	79	84	79	79	77	70	79	85	84	92	50	85
Rodrigo Javier de Paul	30	180	70	R	B	CM	["CM"]	Atlético Madrid	2026	Argentina	83	77	81	93	79	80	85	81	85	81	87	85	84	82	81	83	81	81	86	68	80	86	85	90	50	86
Jorge Resurrección Merodio	33	176	77	R	B	DM	["DM","CM"]	Atlético Madrid	2025	Spain	83	79	81	88	73	74	85	74	84	76	88	86	87	86	76	85	76	82	86	71	78	87	85	85	50	84
Antoine Griezmann	33	176	73	L	B	CF	["CF"]	Atlético Madrid	2026	France	92	56	82	89	83	84	92	87	92	86	91	89	88	86	92	87	90	88	90	88	89	93	92	85	50	88
Pablo Barrios Rivas	21	181	75	R	B	CM	["CM","DM"]	Atlético Madrid	2028	Spain	77	70	73	73	82	84	81	82	82	82	83	79	74	70	75	76	73	61	66	66	78	82	78	72	50	76
Alexander Sørloth	29	195	90	L	B	CF	["CF"]	Atlético Madrid	2028	Norway	86	42	91	87	85	78	85	71	83	82	81	82	72	78	88	85	80	70	78	85	93	85	85	83	50	82
Ángel Martín Correa Martínez	29	171	68	R	B	CF	["CF","SM","WF"]	Atlético Madrid	2026	Argentina	87	52	82	85	87	88	87	90	88	88	84	84	79	82	86	85	86	74	85	78	85	88	87	85	50	86
Thomas Lemar	29	171	66	L	B	CM	["CM","SM"]	Atlético Madrid	2027	France	84	65	77	82	80	87	83	89	86	83	85	83	84	83	81	82	82	85	87	66	74	85	83	77	50	80
Samuel Dias Lino	25	178	69	R	B	WF	["WF","SM"]	Atlético Madrid	2027	Brazil	81	57	75	88	85	87	81	87	84	85	81	79	78	78	78	79	74	66	74	68	78	83	81	78	50	76
Jan Oblak	32	188	87	R	B	GK	["GK"]	Atlético Madrid	2028	Slovenia	31	89	86	73	62	62	90	78	60	57	63	68	68	69	36	81	43	63	49	57	83	67	56	82	90	80
Marcos Llorente Moreno	29	184	74	R	B	SM	["SM","SB","CM","WB"]	Atlético Madrid	2027	Spain	84	80	80	92	92	89	86	87	84	88	85	85	83	83	84	86	79	72	81	75	86	84	85	88	50	84
Clément Nicolas Laurent Lenglet	29	186	81	L	B	CBT	["CBT"]	Atlético Madrid	2025	France	65	82	79	77	66	66	82	66	73	62	84	75	73	63	62	68	64	62	65	81	81	78	71	77	50	79
Nahuel Molina Lucero	26	175	70	R	B	SB	["SB"]	Atlético Madrid	2027	Argentina	82	79	73	88	87	86	84	85	83	84	84	79	80	79	75	74	74	63	73	73	79	84	82	84	50	81
Rodrigo Riquelme Reche	24	174	68	R	B	WF	["WF","SM"]	Atlético Madrid	2028	Spain	80	55	75	75	80	83	79	84	83	82	81	80	78	79	81	79	78	66	77	62	69	82	79	71	50	76
Julián Álvarez	24	170	71	R	B	CF	["CF","AM","SS"]	Atlético Madrid	2030	Argentina	87	62	82	88	87	88	88	88	87	86	84	86	82	85	87	90	85	84	89	78	85	88	88	88	50	87
Axel Laurent Angel Lambert Witsel	36	186	81	R	B	CBT	["CBT"]	Atlético Madrid	2025	Belgium	74	87	83	76	66	66	86	67	82	68	87	78	79	71	71	69	75	73	75	85	79	84	79	77	50	83
Javier Galán Gil	30	172	70	L	B	SB	["SB","SM","WB"]	Atlético Madrid	2026	Spain	75	78	74	81	80	83	80	81	82	82	82	79	81	79	61	76	68	76	76	78	83	82	80	82	50	75
Giuliano Simeone Baldini	22	173	75	R	B	CF	["CF"]	Atlético Madrid	2028	Argentina	79	31	84	81	87	86	77	85	76	81	74	74	63	70	78	74	71	61	62	75	89	77	77	81	50	77
Reinildo Isnard Mandava	31	180	73	L	B	SB	["SB","CBT"]	Atlético Madrid	2025	Mozambique	78	78	79	86	87	85	82	82	81	82	81	73	75	72	68	68	66	63	73	82	90	81	82	85	50	78
Robin Le Normand	28	187	80	R	B	CBT	["CBT"]	Atlético Madrid	2029	Spain	56	87	88	77	74	73	86	67	73	68	85	75	69	53	63	68	64	63	62	88	90	80	59	79	50	80
Ilias Kostis Ηλίας Κωστής	21	192	83	L	B	CBT	["CBT","SB"]	Atlético Madrid	2027	Greece	65	69	85	71	67	66	74	62	65	64	68	65	61	56	61	68	60	61	62	74	80	67	73	71	50	61
Aitor Gismera Monge	20	182	76	R	B	CM	["CM"]	Atlético Madrid	2026	Spain	62	54	67	71	66	69	65	65	65	63	71	67	61	56	61	68	61	61	62	61	66	69	65	66	50	65
Javier Serrano Martínez	22	178	73	R	B	DM	["DM","CM","CBT"]	Atlético Madrid	2025	Spain	68	64	75	72	70	78	72	71	70	68	71	67	65	59	66	68	63	61	62	63	72	71	68	74	50	71
Antonio Gomis Alemañ	21	186	80	L	B	GK	["GK"]	Atlético Madrid	2025	Spain	31	73	75	71	62	62	76	64	58	55	61	64	62	64	32	69	43	61	49	55	71	65	45	61	73	62
Gerónimo Spina	19	187	76	R	B	CBT	["CBT"]	Atlético Madrid	2027	Argentina	48	66	66	71	66	66	68	65	68	64	71	68	63	49	61	68	61	61	62	74	72	71	49	66	50	63
Iván Villar Martínez	27	186	76	R	B	GK	["GK"]	Celta de Vigo	2027	Spain	31	78	77	71	62	62	80	65	58	55	61	66	64	66	34	75	43	61	49	55	73	65	51	68	77	66
Carl Anders Theodor Starfelt	29	187	80	R	B	CBT	["CBT"]	Celta de Vigo	2027	Sweden	52	78	79	79	81	75	78	74	74	77	77	71	65	50	61	68	63	61	62	78	85	75	58	80	50	77
Óscar Mingueza García	25	184	75	R	B	SB	["SB","CBT","SM","WB"]	Celta de Vigo	2026	Spain	73	74	77	83	85	79	78	78	77	79	81	79	78	77	61	76	70	74	76	78	85	79	76	80	50	74
Sergio Carreira Vilariño	24	170	65	R	B	SB	["SB","SM","WB"]	Celta de Vigo	2025	Spain	66	67	72	73	68	72	76	71	71	67	75	70	68	68	61	68	62	61	62	72	66	74	76	68	50	63
Moriba Kourouma Kourouma	22	185	73	R	B	CM	["CM","AM"]	Celta de Vigo	2025	Guinea	74	66	67	77	74	72	76	72	80	77	78	77	67	63	78	77	70	61	62	72	74	79	76	74	50	73
Borja Iglesias Quintas	32	187	86	R	B	CF	["CF"]	Celta de Vigo	2025	Spain	84	46	86	73	68	67	83	65	81	74	81	82	67	71	83	85	79	73	62	83	87	83	83	74	50	80
Francisco José Beltrán Peinado	25	165	64	R	B	DM	["DM","CM"]	Celta de Vigo	2026	Spain	73	78	75	73	66	67	79	74	79	70	85	76	80	71	63	68	69	65	62	68	71	80	78	74	50	76
Anastasios Douvikas Αναστάσιος Δουβίκας	25	186	76	R	B	CF	["CF"]	Celta de Vigo	2028	Greece	79	38	78	83	82	85	76	82	78	79	75	76	69	72	79	78	73	61	65	75	85	78	76	75	50	72
Iago Aspas Juncal	37	176	67	L	B	CF	["CF"]	Celta de Vigo	2025	Spain	89	42	71	76	85	81	88	84	89	87	83	83	82	84	91	85	86	86	82	82	83	89	88	75	50	83
Franco Emanuel Cervi	30	166	62	L	B	WF	["WF","SM"]	Celta de Vigo	2026	Argentina	79	60	79	81	90	90	77	92	79	84	79	76	75	74	76	73	70	80	81	61	66	80	77	79	50	77
Alfonso González Martínez	25	172	63	R	B	WF	["WF","SM","CF"]	Celta de Vigo	2025	Spain	68	42	74	71	80	78	68	76	73	77	69	66	68	66	73	68	67	61	62	67	72	71	68	65	50	67
Vicente Guaita Panadero	38	190	80	R	B	GK	["GK"]	Celta de Vigo	2025	Spain	31	82	80	71	62	62	82	75	58	56	62	68	66	69	34	81	43	62	49	56	78	66	52	75	82	72
Luca Daniel de la Torre	26	177	63	R	B	CM	["CM","SM"]	Celta de Vigo	2026	United States	75	67	75	89	66	76	73	78	78	70	79	72	78	70	72	68	66	68	71	61	66	78	73	77	50	72
Joseph Aidoo	29	181	80	R	B	CBT	["CBT"]	Celta de Vigo	2026	Ghana	52	79	92	83	82	74	83	73	65	72	77	71	60	53	61	68	60	61	62	81	90	67	57	85	50	79
Jaílson Marques Siqueira	29	187	75	R	B	CBT	["CBT","DM","CM"]	Celta de Vigo	2025	Brazil	69	72	79	80	73	77	72	74	72	71	76	73	66	65	61	72	62	61	62	72	83	73	71	79	50	71
Jonathan Bamba	28	175	70	R	B	SM	["SM","CM","WF"]	Celta de Vigo	2026	Côte d'Ivoire	79	43	76	81	85	86	80	85	83	84	79	80	77	80	76	82	77	74	79	70	79	82	80	76	50	76
Pablo Durán Fernández	23	176	74	R	B	CF	["CF"]	Celta de Vigo	2027	Spain	66	43	72	71	76	74	69	69	66	69	68	66	62	58	70	68	62	61	62	68	73	68	69	65	50	62
Williot Theo Swedberg	20	185	75	R	B	WF	["WF","SM","CM"]	Celta de Vigo	2027	Sweden	74	61	67	81	73	78	74	82	77	74	78	73	71	67	77	69	71	62	68	68	71	78	74	73	50	72
Marcos Alonso Mendoza	34	188	84	L	B	SB	["SB","CBT","SM","WB"]	Celta de Vigo	2025	Spain	81	76	75	80	66	66	82	68	82	68	85	85	83	85	76	85	80	85	86	83	80	83	82	80	50	80
Mihailo Ristić	29	180	73	L	B	SB	["SB"]	Celta de Vigo	2026	Serbia	74	69	71	81	78	79	75	76	79	78	76	80	74	82	67	86	69	61	68	71	79	79	75	75	50	70
Javier Manquillo Gaitán	30	178	76	R	B	SB	["SB","SM","WB"]	Celta de Vigo	2025	Spain	73	75	69	71	68	69	78	70	78	72	76	74	74	76	61	74	64	61	76	71	72	78	72	71	50	67
Tadeo Allende	25	183	78	R	B	WF	["WF","SM","CF"]	Celta de Vigo	2028	Argentina	75	41	79	83	85	80	72	75	77	80	74	80	72	78	75	87	77	65	62	76	85	78	72	75	50	72
Carlos Domínguez Cáceres	23	187	71	L	B	CBT	["CBT"]	Celta de Vigo	2026	Spain	56	76	68	71	74	68	76	63	65	68	75	70	62	60	61	68	62	61	62	77	77	74	61	72	50	70
Damián Rodríguez Sousa	21	180	75	L	B	CM	["CM","DM"]	Celta de Vigo	2028	Spain	70	67	68	77	74	69	70	70	71	70	77	74	71	68	61	72	62	66	62	65	67	74	70	76	50	72
Marc Vicente Vidal Girona	24	185	75	R	B	GK	["GK"]	Celta de Vigo	2028	Spain	31	69	72	71	62	62	70	61	58	55	61	65	63	65	29	71	43	61	49	55	68	65	40	55	71	59
César Fernández Gonzalez	20	181	74	R	B	GK	["GK"]	Celta de Vigo	2025	Spain	31	68	70	71	62	62	66	57	58	55	61	62	61	62	31	66	43	61	49	55	62	65	37	55	68	55
Hugo Álvarez Antúnez	21	176	72	R	B	WF	["WF","SM","AM"]	Celta de Vigo	2025	Spain	70	54	66	71	71	72	72	71	74	72	76	71	72	68	68	68	65	61	62	61	66	74	72	63	50	68
Javier Rodríguez Galiano	21	180	73	R	B	SB	["SB","CBT"]	Celta de Vigo	2028	Spain	63	64	68	71	66	68	66	64	69	65	67	65	65	65	61	68	61	61	62	66	67	71	66	67	50	62
Hugo Sotelo Gómez	21	180	75	R	B	CM	["CM","SM"]	Celta de Vigo	2028	Spain	74	59	66	71	70	71	77	68	73	71	68	66	67	62	71	68	65	61	62	61	66	72	77	67	50	70
Yoel Lago Amil	20	185	76	R	B	CBT	["CBT"]	Celta de Vigo	2027	Spain	47	65	66	71	68	67	63	62	65	65	65	64	58	51	61	68	56	61	62	68	68	65	46	63	50	59
Antonio Sivera Salvá	28	185	79	R	B	GK	["GK"]	Deportivo Alavés	2027	Spain	31	79	78	71	62	64	81	73	58	57	61	68	65	69	36	80	43	61	49	55	77	65	51	69	79	66
Manuel Sánchez de la Peña	24	171	66	L	B	SB	["SB","SM","WB"]	Deportivo Alavés	2025	Spain	68	72	71	78	74	79	78	76	75	73	76	71	69	67	61	68	63	61	62	70	73	76	73	75	50	68
Aleksandar Sedlar	33	180	79	R	B	CBT	["CBT","DM"]	Deportivo Alavés	2025	Serbia	67	75	83	78	66	66	79	70	65	60	74	69	62	52	61	68	61	61	62	75	77	70	79	79	50	68
Abdelkabir Abqar عبد الكبير أبقار	25	188	80	R	B	CBT	["CBT"]	Deportivo Alavés	2025	Morocco	52	79	77	72	66	66	78	62	66	64	76	70	61	53	61	68	63	61	62	78	76	76	55	73	50	69
Ander Guevara Lajo	27	180	73	R	B	CM	["CM","DM"]	Deportivo Alavés	2027	Spain	75	75	72	82	66	66	80	69	77	65	81	74	74	64	75	68	70	68	67	64	66	80	80	78	50	75
Carlos Vicente Robles	25	179	69	R	B	WF	["WF","SM"]	Deportivo Alavés	2027	Spain	75	37	72	78	83	85	76	75	79	81	77	75	76	76	77	74	72	63	69	64	74	80	76	68	50	71
Antonio Blanco Conde	24	176	68	R	B	DM	["DM","CM"]	Deportivo Alavés	2027	Spain	74	72	66	78	66	66	78	66	75	64	80	73	69	58	66	68	68	72	62	61	66	78	76	77	50	77
Asier Villalibre Molina	27	184	87	L	B	CF	["CF"]	Deportivo Alavés	2028	Spain	73	46	93	76	78	77	71	76	76	76	74	79	58	70	79	86	74	61	66	79	92	77	71	74	50	70
Tomás José Conechny	26	176	65	L	B	WF	["WF","SM","CF"]	Deportivo Alavés	2028	Argentina	74	37	76	80	91	91	72	91	80	86	74	74	73	74	79	76	76	61	62	81	94	79	72	74	50	72
Antonio Martínez López	27	187	84	R	B	CF	["CF"]	Deportivo Alavés	2028	Spain	80	31	85	78	73	72	80	72	78	75	75	78	62	70	81	83	77	61	62	78	85	78	80	77	50	76
Álvaro Santiago Mouriño González	22	183	76	R	B	CBT	["CBT","SB"]	Deportivo Alavés	2029	Uruguay	65	70	83	76	75	71	73	71	65	68	69	66	59	54	61	68	57	61	62	76	85	65	73	78	50	69
Jesús Lázaro Owono Ngua Akeng	23	181	75	R	B	GK	["GK"]	Deportivo Alavés	2026	Equatorial Guinea	31	72	72	71	62	62	72	63	58	55	61	64	62	64	32	70	43	61	49	55	70	65	43	60	73	62
Facundo Nahuel Tenaglia	28	181	70	R	B	SB	["SB","CBT"]	Deportivo Alavés	2027	Argentina	73	75	80	83	75	75	79	76	76	76	76	70	72	67	61	68	63	61	62	78	85	75	78	83	50	76
Carlos Martín Domínguez	22	180	74	R	B	CF	["CF"]	Deportivo Alavés	2025	Spain	72	33	73	71	84	78	73	78	76	79	70	71	66	72	79	74	69	70	68	68	77	77	73	66	50	67
Hugo Novoa Ramos	21	182	69	R	B	SM	["SM","SB","WB"]	Deportivo Alavés	2029	Spain	74	54	72	71	91	86	73	85	78	85	66	67	65	68	77	71	70	61	62	71	76	78	73	63	50	68
Enrique García Martínez	35	186	79	R	B	CF	["CF"]	Deportivo Alavés	2025	Spain	81	48	81	71	66	66	78	66	79	68	78	79	65	71	80	79	78	68	62	80	82	79	78	72	50	77
Jon Guridi Aldalur	29	179	70	L	B	AM	["AM","CM","DM"]	Deportivo Alavés	2026	Spain	75	63	73	71	67	71	76	74	81	74	81	74	73	62	77	68	70	61	62	61	66	80	76	65	50	71
Juan Diego Molina Martínez	31	178	71	R	B	WF	["WF","SM","CF","AM","SS"]	Deportivo Alavés	2027	Spain	78	52	78	77	76	78	75	81	79	78	76	77	73	75	82	79	74	71	71	71	80	79	75	73	50	76
Luka Romero Bezzana	20	165	64	L	B	WF	["WF","SM"]	Deportivo Alavés	2025	Argentina	73	55	78	75	79	85	73	87	78	79	76	75	72	74	71	76	69	66	62	61	66	78	73	75	50	74
Abderrahman Rebbach	26	176	72	R	B	WF	["WF","SM","AM"]	Deportivo Alavés	2028	Algeria	70	41	76	71	76	74	68	72	78	77	75	77	74	78	79	81	68	61	62	65	75	77	68	71	50	71
Moussa Diarra	24	185	73	L	B	SB	["SB","CBT"]	Deportivo Alavés	2028	Mali	68	73	75	78	68	73	77	70	69	68	75	70	65	63	61	68	61	61	62	72	78	70	75	78	50	67
Carlos Nahuel Benavidez Protesoni	26	185	77	R	B	DM	["DM","CM"]	Deportivo Alavés	2026	Uruguay	66	72	74	76	70	74	77	71	73	70	75	71	69	68	61	69	63	61	62	74	78	75	75	79	50	73
Joan Jordán Moreno	30	184	74	R	B	CM	["CM","DM"]	Deportivo Alavés	2025	Spain	80	72	78	82	66	66	81	68	81	71	83	82	79	78	79	82	75	84	84	62	67	81	81	82	50	81
Tomás Alage Mendes Mendes	20	179	72	R	B	CM	["CM","DM"]	Deportivo Alavés	2027	Spain	69	52	68	71	68	69	70	66	68	66	68	66	62	55	66	68	62	61	62	61	66	69	70	67	50	68
Eneko Ortiz Díaz	21	180	75	L	B	SB	["SB"]	Deportivo Alavés	2025	Spain	65	60	68	74	74	80	68	76	66	68	67	65	64	62	61	68	60	61	62	66	74	68	68	73	50	66
Adrián Hernández Hernández	22	190	80	R	B	CBT	["CBT"]	Deportivo Alavés	2026	Spain	47	66	73	71	66	66	63	62	65	64	65	64	58	50	61	68	56	61	62	65	69	65	47	63	50	56
Julen Lartitegi Ugarte	21	184	76	R	B	WF	["WF","SM"]	Deportivo Alavés	2025	Spain	61	35	66	71	77	76	63	69	65	69	63	63	61	64	65	68	58	65	62	61	66	65	57	63	50	64
Joan García Pons	23	191	79	R	B	GK	["GK"]	Espanyol	2028	Spain	31	80	79	71	62	62	81	67	58	55	61	68	66	68	30	79	43	61	49	55	76	65	50	74	81	71
Sergi Gómez Solà	32	185	80	R	B	CBT	["CBT"]	Espanyol	2025	Spain	62	78	79	71	74	68	78	64	69	68	75	70	66	59	61	68	62	61	62	78	82	73	67	73	50	75
Marash Kumbulla	24	191	78	R	B	CBT	["CBT"]	Espanyol	2025	Albania	57	79	79	72	66	66	79	64	68	64	71	68	63	57	61	68	61	61	62	82	84	71	64	76	50	75
Fernando Calero Villa	29	183	71	R	B	CBT	["CBT","DM"]	Espanyol	2026	Spain	67	74	77	71	67	69	78	71	72	67	76	71	72	65	61	68	62	61	66	78	81	74	78	73	50	71
Leandro Daniel Cabrera Sasía	33	190	82	L	B	CBT	["CBT","SB"]	Espanyol	2025	Uruguay	67	75	85	78	66	66	79	62	65	61	68	73	68	74	61	79	59	61	62	81	85	65	79	80	50	69
Javier Puado Díaz	26	177	69	R	B	CF	["CF","SM","WF"]	Espanyol	2025	Spain	81	52	78	84	86	85	80	85	80	83	79	79	72	76	82	79	75	61	66	79	88	80	80	78	50	76
Eduardo Expósito Jaén	28	178	68	R	B	CM	["CM","DM","AM"]	Espanyol	2027	Spain	78	73	74	78	69	71	78	75	79	74	79	79	77	76	78	79	76	71	79	68	72	79	78	78	50	78
Alejo Véliz	21	186	77	R	B	CF	["CF"]	Espanyol	2025	Argentina	79	35	79	76	77	75	78	71	76	75	72	74	61	68	79	79	73	64	62	83	90	78	78	79	50	76
Pol Lozano Vizuete	25	177	62	R	B	DM	["DM","CM"]	Espanyol	2027	Spain	73	71	74	83	74	70	76	74	74	71	76	76	76	76	63	77	67	64	68	63	68	76	76	81	50	75
Pere Milla Peña	32	184	72	L	B	CF	["CF","SM","SB","WB"]	Espanyol	2027	Spain	78	54	68	83	76	78	77	78	78	76	77	77	75	77	78	79	74	72	73	78	80	78	77	76	50	74
Álvaro Tejero Sacristán	28	174	69	R	B	SB	["SB","SM","WB"]	Espanyol	2025	Spain	74	67	75	88	83	83	73	83	77	79	77	76	76	77	71	76	70	78	77	65	75	77	73	79	50	74
Fernando Pacheco Flores	32	186	81	L	B	GK	["GK"]	Espanyol	2026	Spain	31	77	80	71	62	62	78	71	58	55	61	65	63	65	37	73	43	61	49	55	75	65	51	73	77	70
Brian Oliván Herrero	30	177	73	L	B	SB	["SB"]	Espanyol	2025	Spain	72	69	73	85	81	81	73	76	75	76	78	74	75	74	66	70	68	70	78	68	79	78	73	85	50	76
José Gragera Amado	24	186	78	R	B	DM	["DM","CM","CBT"]	Espanyol	2028	Spain	67	75	81	77	70	68	79	69	73	69	76	71	70	67	61	68	64	61	68	77	83	76	78	76	50	72
Walid Cheddira	27	187	80	R	B	CF	["CF"]	Espanyol	2025	Morocco	78	48	88	76	84	82	76	78	74	78	73	75	71	75	79	79	72	61	62	74	89	75	76	70	50	72
Jofre Carreras Pagès	23	175	70	R	B	WF	["WF","SM"]	Espanyol	2029	Spain	76	47	71	72	85	85	75	83	78	82	76	76	74	76	75	77	72	61	74	68	76	78	75	71	50	74
Álvaro Aguado Méndez	28	174	66	R	B	CM	["CM","DM"]	Espanyol	2025	Spain	74	67	73	85	77	79	76	79	78	77	79	74	78	73	71	69	72	68	77	63	73	78	76	73	50	71
Salvador Sánchez Ponce	33	175	64	R	B	WF	["WF","SM"]	Espanyol	2025	Spain	72	42	74	71	85	85	72	83	74	79	73	71	72	71	71	70	69	68	74	61	66	74	72	66	50	69
Alex Král	26	187	80	R	B	DM	["DM","CM"]	Espanyol	2025	Czechia	76	74	80	83	79	76	78	77	80	79	78	80	75	77	73	82	76	62	71	77	85	80	78	82	50	78
Carlos Romero Serrano	23	180	70	L	B	SB	["SB","SM","CBT","WB"]	Espanyol	2025	Spain	74	68	70	80	79	79	73	79	78	78	78	75	76	75	67	73	67	72	77	68	76	78	73	74	50	73
Omar El Hilali عمر الهلالي	21	183	75	R	B	SB	["SB","CBT"]	Espanyol	2027	Morocco	67	73	76	79	81	84	76	81	73	76	74	69	73	67	61	68	62	61	69	74	85	74	76	79	50	72
Irvin Cardona	27	185	76	R	B	CF	["CF","SM","WF"]	Espanyol	2025	France	77	36	75	74	91	79	76	76	77	84	76	77	69	75	78	80	76	67	73	78	85	78	76	69	50	72
José Luis Català Vázquez	20	188	76	R	B	CBT	["CBT"]	Espanyol	2026	Spain	53	69	68	71	70	68	70	64	65	66	70	68	63	55	61	68	59	61	62	68	72	66	57	69	50	65
Antoniu Roca Vives	22	178	67	R	B	WF	["WF","SM"]	Espanyol	2026	Spain	70	47	68	73	85	87	70	86	72	78	71	67	69	67	69	68	63	61	65	64	74	72	70	72	50	70
Omar Sadik عمر صديق	20	185	80	L	B	CF	["CF"]	Espanyol	2027	Morocco	70	34	69	71	77	68	68	69	68	71	70	68	61	60	71	68	64	61	62	71	73	70	68	67	50	65
Ángel Fortuño Viñas	23	183	77	R	B	GK	["GK"]	Espanyol	2027	Spain	31	71	74	71	62	62	72	61	58	55	61	64	62	64	32	69	43	61	49	55	68	65	45	63	71	64
Marc Jurado Gómez	20	178	65	R	B	SB	["SB","SM","WB"]	Espanyol	2028	Spain	69	62	74	71	79	79	68	81	70	74	71	68	70	69	64	68	61	63	70	62	68	70	68	66	50	68
Rafel Bauzà Sureda	19	183	74	R	B	DM	["DM","CM"]	Espanyol	2026	Spain	64	65	68	71	69	68	70	65	69	68	70	67	65	61	61	68	61	61	62	66	69	70	69	71	50	67
Joan Puig Mateos	22	184	75	L	B	SB	["SB","CBT"]	Espanyol	2025	Spain	65	62	68	71	79	79	68	76	69	72	69	66	66	64	61	68	61	61	62	66	75	69	68	69	50	66
Naci Ünüvar	21	168	63	R	B	WF	["WF","SM","AM"]	Espanyol	2025	Türkiye	69	47	73	71	66	75	71	77	78	71	75	71	73	70	71	68	68	73	78	61	66	79	71	63	50	69
Alex Almansa López	21	186	76	L	B	WF	["WF","SM"]	Espanyol	2026	Spain	68	45	68	71	81	85	66	83	71	75	71	67	69	67	68	68	62	61	64	66	78	71	66	67	50	67
Justin Smith	21	188	79	R	B	DM	["DM","CM"]	Espanyol	2026	Canada	62	63	75	71	66	66	65	63	67	60	71	68	63	59	61	68	61	61	62	68	72	69	65	70	50	65
Llorenç Serred Martínez	19	186	76	R	B	GK	["GK"]	Espanyol	2027	Spain	31	68	73	71	62	62	69	60	58	55	61	63	61	63	31	66	43	61	49	55	66	65	42	58	68	58
Marc-André ter Stegen	32	187	85	R	B	GK	["GK"]	FC Barcelona	2028	Germany	31	90	86	73	62	62	93	71	61	55	72	76	75	75	39	90	43	64	49	58	84	68	56	84	89	82
Pau Cubarsí Paredes	18	182	75	R	B	CBT	["CBT"]	FC Barcelona	2026	Spain	60	79	68	74	74	70	79	70	78	74	82	74	68	49	61	68	65	61	62	81	80	80	65	74	50	74
Alejandro Balde Martínez	21	175	69	L	B	SB	["SB","SM","WB"]	FC Barcelona	2028	Spain	76	77	73	81	92	91	84	88	84	87	85	75	81	73	63	68	66	63	62	76	83	84	84	71	50	71
Ronald Federico Araújo da Silva	25	188	79	R	B	CBT	["CBT","SB"]	FC Barcelona	2026	Uruguay	74	83	89	79	88	79	88	71	72	75	81	76	72	68	68	73	62	63	62	88	93	76	88	84	50	76
Íñigo Martínez Berridi	33	182	76	L	B	CBT	["CBT"]	FC Barcelona	2025	Spain	66	86	85	76	76	74	85	73	71	69	81	82	75	72	63	84	71	78	76	85	89	80	71	82	50	82
Pablo Martín Páez Gavira	20	173	70	R	B	CM	["CM","WF","SM"]	FC Barcelona	2026	Spain	86	68	79	87	79	80	88	84	88	83	87	76	81	68	78	68	73	63	78	63	68	88	88	87	50	86
Ferran Torres García	24	184	77	R	B	WF	["WF","SM","CF"]	FC Barcelona	2027	Spain	85	40	77	78	84	88	84	87	84	84	81	81	82	81	83	82	80	70	79	81	86	84	84	72	50	77
Pedro González López	22	174	60	R	B	CM	["CM","WF","SM"]	FC Barcelona	2026	Spain	86	72	84	90	79	82	90	86	90	84	90	81	83	73	79	73	75	72	82	63	77	90	90	81	50	82
Robert Lewandowski	36	185	81	R	B	CF	["CF"]	FC Barcelona	2026	Poland	92	45	90	83	79	79	92	80	91	83	88	88	81	85	93	90	88	88	82	91	93	93	92	84	50	88
Anssumane Fati Vieira	22	178	66	R	B	AM	["AM","SM","CF","SS","WF"]	FC Barcelona	2027	Spain	80	36	76	72	89	92	79	91	84	86	79	78	77	76	82	79	78	78	79	71	75	84	79	67	50	74
Raphael Dias Belloli	28	176	68	L	B	WF	["WF","SM"]	FC Barcelona	2027	Brazil	87	56	76	88	92	91	87	90	89	90	85	85	83	85	84	85	82	83	84	80	85	88	87	85	50	85
Ignacio Peña Sotorres	25	184	78	R	B	GK	["GK"]	FC Barcelona	2026	Spain	31	78	77	71	62	62	79	67	58	55	61	68	68	69	30	80	43	61	49	55	73	65	49	66	77	65
Pablo Torre Carral	21	173	63	R	B	AM	["AM","SM","CM"]	FC Barcelona	2026	Spain	75	51	75	76	74	79	75	82	80	76	81	74	79	73	72	68	70	82	79	61	66	80	75	67	50	72
Andreas Bødtker Christensen	28	187	82	R	B	CBT	["CBT","DM"]	FC Barcelona	2026	Denmark	71	84	81	79	79	66	88	66	79	76	86	76	73	60	63	68	66	63	62	84	83	83	87	80	50	73
Fermín López Marín	21	174	64	R	B	CM	["CM","WF","SM","AM"]	FC Barcelona	2029	Spain	82	58	75	76	77	79	80	82	81	79	81	78	69	65	81	74	72	65	62	80	74	81	80	71	50	76
Marc Casadó Torras	21	172	66	R	B	DM	["DM","CM","SB"]	FC Barcelona	2028	Spain	71	69	67	71	66	68	72	68	77	68	80	74	69	62	68	68	67	61	67	68	67	79	71	68	50	71
Pau Víctor Delgado	23	184	77	R	B	CF	["CF","AM","SS"]	FC Barcelona	2029	Spain	68	52	72	71	79	80	68	80	73	75	71	70	66	66	71	70	66	65	66	68	79	73	68	72	50	71
Lamine Yamal Nasraoui Ebana لامين يامال نصراوي إبانا	17	180	72	L	B	WF	["WF","SM"]	FC Barcelona	2026	Spain	84	33	72	72	84	86	84	88	88	86	85	83	79	83	83	83	76	73	84	63	66	88	84	65	50	77
Daniel Olmo Carvajal	26	179	72	R	B	AM	["AM","CM"]	FC Barcelona	2030	Spain	87	55	77	74	74	81	88	85	89	82	89	85	84	82	84	82	85	81	79	63	66	89	88	69	50	79
Frenkie de Jong	27	181	74	R	B	CM	["CM","DM"]	FC Barcelona	2026	Netherlands	85	76	79	90	85	83	90	86	90	87	92	82	87	77	79	73	78	73	86	79	85	90	90	85	50	85
Jules Olivier Koundé	26	180	75	R	B	SB	["SB","CBT"]	FC Barcelona	2027	France	76	85	83	83	85	87	88	81	81	82	85	75	80	69	63	68	65	63	69	84	91	82	88	83	50	75
Eric García Martret	24	182	76	R	B	CBT	["CBT","DM","SB"]	FC Barcelona	2026	Spain	69	80	76	73	73	66	83	68	77	72	85	75	74	61	62	68	65	62	70	80	79	81	82	77	50	74
Wojciech Tomasz Szczęsny	34	196	90	R	B	GK	["GK"]	FC Barcelona	2025	Poland	31	88	85	73	62	62	90	74	60	55	64	67	72	67	36	78	43	63	49	57	81	67	55	79	87	74
Ander Astralaga Aranguren	20	190	77	R	B	GK	["GK"]	FC Barcelona	2025	Spain	31	70	77	71	62	62	69	59	58	55	61	64	62	64	30	68	43	61	49	55	65	65	42	61	69	61
Marc Bernal Casas	17	191	78	L	B	DM	["DM","CM"]	FC Barcelona	2026	Spain	69	62	73	71	70	68	71	73	73	69	78	72	69	63	61	68	63	61	62	61	66	76	65	66	50	70
Héctor Fort García	18	185	78	R	B	SB	["SB","CBT"]	FC Barcelona	2026	Spain	64	66	73	71	79	74	70	71	68	71	71	68	72	67	61	68	61	61	62	71	74	70	68	72	50	67
Gerard Martín Langreo	22	186	76	L	B	SB	["SB","CBT"]	FC Barcelona	2025	Spain	64	65	71	71	74	74	74	68	67	68	68	70	64	71	61	74	61	68	62	73	75	68	71	70	50	63
Sergi Domínguez Viloria	19	188	78	R	B	CBT	["CBT"]	FC Barcelona	2027	Spain	46	68	75	71	67	67	67	62	65	64	65	64	58	49	61	68	59	61	62	67	74	65	45	65	50	58
Andrés Cuenca Cejudo	17	181	72	L	B	CBT	["CBT"]	FC Barcelona	2026	Spain	47	72	68	71	68	69	73	68	65	65	71	67	62	50	61	68	60	61	62	67	68	68	46	67	50	64
Rubén López Durán	20	175	70	L	B	CM	["CM"]	FC Barcelona	2025	Spain	63	58	72	71	68	68	67	64	66	66	73	68	65	61	61	68	59	61	62	71	67	66	67	71	50	68
Jiří Letáček	26	196	98	R	B	GK	["GK"]	Getafe	2028	Czechia	31	75	85	71	62	62	76	64	58	55	61	64	62	64	36	70	43	61	49	55	75	65	44	62	75	60
Dakonam Ortega Djené	33	178	72	R	B	CBT	["CBT","CM","SB","DM"]	Getafe	2025	Togo	73	77	79	78	70	75	82	75	74	69	81	76	73	69	62	73	64	62	62	78	85	78	81	82	50	75
Fabrizio Germán Angileri	30	185	73	L	B	SB	["SB"]	Getafe	2026	Argentina	75	68	81	82	79	79	73	78	74	76	73	79	75	81	68	87	74	76	81	71	83	75	73	79	50	76
Juan Berrocal González	25	184	72	R	B	CBT	["CBT"]	Getafe	2027	Spain	53	77	80	79	68	66	76	66	65	65	73	68	62	54	61	68	61	61	62	74	77	69	59	77	50	71
Luis Milla Manzanares	30	175	67	R	B	CM	["CM","DM"]	Getafe	2027	Spain	81	77	77	85	73	77	84	75	81	76	83	81	82	79	76	79	74	81	79	62	72	82	83	82	50	81
Christantus Ugonna Uche Uche	21	190	80	R	B	CF	["CF","DM"]	Getafe	2028	Nigeria	73	66	85	83	76	72	73	72	75	75	73	74	64	61	73	76	64	61	62	77	87	76	73	81	50	73
Alejandro Sola López-Ocaña	25	178	75	R	B	SM	["SM","SB","WB"]	Getafe	2027	Spain	72	65	73	87	80	82	72	78	77	78	76	70	73	68	74	68	64	61	67	70	79	77	72	82	50	72
Mauro Wilney Arambarri Rosa	29	175	74	R	B	DM	["DM","CM"]	Getafe	2028	Uruguay	73	79	80	83	66	72	81	72	79	69	80	82	75	77	66	85	76	76	79	70	79	80	80	83	50	76
Borja Mayoral Moya	27	182	74	R	B	CF	["CF"]	Getafe	2027	Spain	84	44	76	73	75	74	81	75	82	77	81	82	73	76	85	83	80	76	76	86	86	83	81	68	50	75
Bertuğ Özgür Yıldırım	22	186	78	R	B	CF	["CF"]	Getafe	2025	Türkiye	72	41	79	73	77	71	68	70	72	72	70	71	58	59	73	74	66	61	62	76	81	76	68	74	50	72
Carles Aleñá Castillo	27	180	73	L	B	CM	["CM","SM","AM"]	Getafe	2026	Spain	81	64	71	71	72	73	80	75	80	75	78	75	75	72	75	73	72	71	74	61	66	81	80	68	50	75
Allan-Roméo Nyom	36	189	80	R	B	SB	["SB","CBT","SM","WB"]	Getafe	2025	Cameroon	78	71	87	81	80	78	76	68	74	75	75	76	73	74	63	78	68	61	75	73	86	76	75	84	50	81
David Soria Solís	31	192	85	R	B	GK	["GK"]	Getafe	2026	Spain	31	84	85	71	62	62	85	71	58	55	62	67	65	67	40	77	43	62	49	56	82	66	54	76	83	71
Omar Federico Alderete Fernández	28	188	77	L	B	CBT	["CBT"]	Getafe	2028	Paraguay	67	82	84	77	69	68	81	71	75	72	76	76	70	71	65	78	68	63	62	82	86	75	72	79	50	77
Diego Rico Salguero	31	183	78	L	B	SB	["SB"]	Getafe	2026	Spain	78	78	83	78	78	76	83	72	79	78	83	81	81	82	61	79	71	80	79	76	85	79	79	78	50	79
Carles Pérez Sayol	26	173	75	L	B	WF	["WF","SM"]	Getafe	2025	Spain	79	45	78	71	82	84	80	84	84	82	80	83	73	80	78	87	78	73	68	70	79	85	80	68	50	72
Álvaro Daniel Rodríguez Muñoz	20	193	81	L	B	CF	["CF","WF","SM"]	Getafe	2025	Uruguay	70	31	69	71	73	72	70	70	72	72	73	71	65	70	72	70	66	61	62	80	82	71	70	63	50	66
Peter Federico González Carmona	22	180	71	L	B	WF	["WF","SM"]	Getafe	2028	Dominican Republic	72	46	72	71	83	82	69	82	80	81	71	70	70	71	70	70	69	61	62	61	66	81	69	63	50	69
Jesús Santiago Pérez	20	192	75	R	B	DM	["DM","CM"]	Getafe	2025	Spain	65	69	66	71	66	66	73	66	65	62	71	68	64	60	61	68	62	61	62	70	70	69	73	69	50	68
Juan Antonio Iglesias Sánchez	26	187	77	R	B	SB	["SB"]	Getafe	2026	Spain	70	72	73	81	85	82	76	76	73	79	74	69	68	67	61	68	62	61	64	76	81	73	76	76	50	68
Domingos de Sousa Coutinho Meneses Duarte	29	190	80	R	B	CBT	["CBT"]	Getafe	2026	Portugal	57	79	81	76	66	66	80	62	65	60	77	71	67	62	61	68	61	61	62	80	82	70	63	77	50	75
Alberto Risco Alcántara	19	178	68	L	B	AM	["AM"]	Getafe	2026	Spain	65	47	71	71	69	66	66	62	67	66	72	68	65	60	61	68	60	61	62	61	66	67	66	65	50	65
Nabil Aberdin	22	180	75	R	B	CBT	["CBT","DM"]	Getafe	2025	France	63	64	66	71	66	66	68	62	65	62	65	64	62	61	61	68	57	61	62	64	66	65	68	68	50	60
Gorka Rivera Alonso	20	184	78	L	B	SB	["SB","CBT"]	Getafe	2029	Spain	64	60	71	71	76	74	70	72	65	69	66	71	63	72	61	78	64	70	62	71	75	66	70	73	50	62
John Joe Patrick Finn Benoa	21	193	81	R	B	AM	["AM","SM","CF","SS","WF"]	Getafe	2025	Republic of Ireland	71	31	77	71	74	78	71	73	72	72	70	67	60	53	73	68	64	61	62	65	78	73	71	63	50	66
David Argüelles Álvarez	23	175	71	L	B	SB	["SB"]	Getafe	2028	Spain	64	61	75	71	83	82	68	80	65	73	61	62	61	61	61	68	59	61	62	61	66	65	67	73	50	64
Diego Ferrer Martinez	17	185	76	R	B	GK	["GK"]	Getafe	2025	Spain	31	68	70	71	62	62	66	59	58	55	61	61	60	61	31	66	43	61	49	55	65	65	33	47	68	51
Juan Carlos Martín Corral	37	186	85	R	B	GK	["GK"]	Girona	2025	Spain	31	77	79	71	67	64	78	69	58	60	61	66	64	66	36	76	43	61	49	55	76	65	48	68	77	64
Miguel Gutiérrez Ortega	23	180	73	L	B	SB	["SB","SM","WB"]	Girona	2027	Spain	85	77	76	88	84	86	84	85	85	84	85	82	83	82	76	79	74	63	84	76	82	85	84	82	50	81
Arnau Martínez López	21	182	72	R	B	SB	["SB","CBT"]	Girona	2027	Spain	73	73	71	81	81	85	82	82	79	79	82	74	78	73	61	68	65	61	73	78	85	80	82	77	50	72
David López Silva	35	185	81	R	B	CBT	["CBT","DM"]	Girona	2026	Spain	73	81	83	71	66	66	83	62	75	63	83	81	74	70	63	79	69	61	62	84	83	79	81	76	50	77
Donny van de Beek	27	184	76	R	B	CM	["CM","AM","DM"]	Girona	2028	Netherlands	81	71	73	72	71	70	79	73	83	75	84	83	76	76	81	84	81	73	83	75	75	85	79	75	50	82
Cristhian Ricardo Stuani Curbelo	38	186	76	R	B	CF	["CF"]	Girona	2026	Uruguay	83	52	90	78	72	70	78	69	77	73	78	79	74	78	83	83	78	67	71	83	90	78	78	79	50	81
Viktor Tsygankov Циганков Віктор Віталійович	27	178	73	L	B	SM	["SM","CM","AM"]	Girona	2027	Ukraine	85	58	71	82	87	87	84	86	86	86	85	83	84	83	85	81	81	81	84	63	69	86	84	77	50	81
Abel Ruiz Ortega	24	180	75	R	B	CF	["CF","AM","SS"]	Girona	2029	Spain	80	49	78	84	81	79	80	79	80	80	79	79	71	73	81	80	78	66	64	77	85	81	80	71	50	74
Yaser Esneider Asprilla Martínez	21	180	75	L	B	WF	["WF","SM","AM"]	Girona	2030	Colombia	76	58	70	74	81	83	74	85	79	80	78	78	77	78	76	78	72	63	78	61	68	78	74	68	50	72
Arnaut Danjuma Adam Groeneveld	27	178	74	R	B	CF	["CF","SM","WF"]	Girona	2025	Netherlands	82	48	77	71	90	85	83	85	82	86	81	80	76	79	79	79	79	68	82	77	87	82	83	71	50	77
Paulo Dino Gazzaniga Farias	33	196	90	R	B	GK	["GK"]	Girona	2027	Argentina	31	85	82	72	62	63	85	77	59	58	63	70	70	72	36	85	43	63	49	56	80	66	55	77	85	76
Oriol Romeu Vidal	33	183	83	R	B	DM	["DM","CM"]	Girona	2025	Spain	75	79	85	80	66	66	83	63	76	66	83	82	69	68	62	81	65	64	63	78	81	79	81	83	50	79
Juan Pedro Ramírez López	33	190	80	R	B	CBT	["CBT"]	Girona	2025	Spain	52	78	85	74	66	66	76	62	65	60	77	71	65	53	61	68	61	68	62	81	85	71	57	76	50	75
Alejandro Francés Torrijo	22	181	70	R	B	CBT	["CBT","SB"]	Girona	2029	Spain	72	75	79	81	79	84	79	81	71	74	76	71	75	68	61	68	62	61	62	77	88	72	78	79	50	72
Daley Blind	34	180	72	L	B	CBT	["CBT","SB"]	Girona	2026	Netherlands	79	83	77	72	66	66	88	70	83	68	88	83	88	82	67	78	75	71	86	83	76	85	85	75	50	81
Ladislav Krejčí	25	191	87	L	B	CBT	["CBT","DM"]	Girona	2029	Czechia	78	76	87	82	76	72	80	68	76	75	79	79	72	71	70	79	69	64	62	85	90	77	78	86	50	81
Bojan Miovski Бојан Миовски	25	189	76	L	B	CF	["CF"]	Girona	2028	North Macedonia	80	33	77	82	78	76	80	74	76	77	71	75	63	70	82	82	72	63	74	79	85	74	80	78	50	73
Bryan Gil Salvatierra	23	175	60	L	B	WF	["WF","SM"]	Girona	2025	Spain	80	40	74	71	79	81	80	86	83	82	79	74	79	76	78	69	72	77	74	61	66	81	80	66	50	74
Yangel Clemente Herrera Ravelo	27	184	78	R	B	DM	["DM","CM"]	Girona	2027	Venezuela	84	80	84	84	68	71	84	72	84	76	85	85	79	78	82	85	77	67	70	83	86	85	84	84	50	84
Jhon Elmer Solís Romero	20	189	80	R	B	DM	["DM","CM"]	Girona	2028	Colombia	73	69	80	83	68	70	76	66	75	71	77	74	69	65	70	71	66	61	62	70	79	75	76	79	50	73
Iván Martín Núñez	25	178	70	L	B	AM	["AM","CM"]	Girona	2028	Spain	83	73	71	78	78	79	81	82	84	81	83	80	83	80	81	77	77	72	84	61	70	84	81	72	50	77
Cristian Portugués Manzanera	32	167	66	R	B	WF	["WF","SM"]	Girona	2027	Spain	79	59	80	82	84	85	80	85	80	82	79	81	77	81	80	83	80	71	81	75	85	80	80	82	50	80
Pau López Sabata	30	189	77	L	B	GK	["GK"]	Girona	2025	Spain	31	82	80	71	62	62	85	67	58	56	71	72	69	70	40	82	46	62	49	56	76	66	55	75	81	75
Gabriel Osei Misehouy	19	173	68	R	B	AM	["AM"]	Girona	2028	Netherlands	71	41	77	71	74	75	70	76	72	72	72	70	71	70	68	70	66	66	71	61	66	73	70	71	50	72
Silvi Clua Oya	19	189	75	L	B	DM	["DM","CM"]	Girona	2026	Spain	64	67	69	71	66	66	71	67	66	62	73	68	65	59	61	68	61	61	62	67	68	71	68	68	50	67
Min-su Kim 김민수	19	177	66	R	B	WF	["WF","SM","CF"]	Girona	2027	Korea Republic	68	33	71	71	79	81	68	80	71	74	70	67	65	64	68	68	62	61	62	64	66	71	68	63	50	66
Antal Yaakobishvili	20	193	86	R	B	CBT	["CBT"]	Girona	2028	Hungary	50	71	79	71	71	70	71	64	66	66	74	69	64	49	61	68	61	61	62	72	79	71	53	68	50	63
Ricard Artero Ruiz	21	181	75	R	B	AM	["AM","SM","WF"]	Girona	2026	Spain	67	62	67	71	70	76	67	76	72	70	73	70	68	65	70	68	64	61	62	62	68	73	67	67	50	67
Raúl Martínez Moreno	18	175	71	R	B	CM	["CM","AM"]	Girona	2025	Spain	65	60	69	71	70	68	67	69	68	68	70	67	66	61	63	68	60	61	62	65	67	68	67	63	50	64
Lucas García Madrigal	20	184	70	R	B	GK	["GK"]	Girona	2025	Spain	31	69	73	71	62	62	69	60	58	55	61	63	61	63	29	66	43	61	49	55	66	65	43	59	69	60
Papa Dame Ba	20	175	66	L	B	WF	["WF","SM"]	Girona	2026	Senegal	68	33	72	71	79	79	68	79	70	73	70	67	65	64	67	68	61	61	62	61	66	70	68	63	50	65
Ferrán Ruiz Martí	21	172	65	R	B	SB	["SB"]	Girona	2026	Spain	64	63	71	71	71	75	69	72	69	68	69	66	66	65	61	68	61	61	62	61	66	70	69	67	50	64
Jacobus Antonius Peter Cillessen	35	185	83	R	B	GK	["GK"]	Las Palmas	2026	Netherlands	31	81	80	71	62	62	81	68	58	55	62	67	65	67	34	77	43	62	49	56	77	66	52	76	81	73
Marvin Olawale Akinlabi Park	24	178	63	R	B	SM	["SM","SB","WB"]	Las Palmas	2028	Spain	67	64	74	79	90	89	71	85	77	83	76	71	75	70	73	68	66	61	68	61	73	76	68	77	50	72
Mika Mármol Medina	23	182	72	L	B	CBT	["CBT"]	Las Palmas	2026	Spain	64	81	80	72	84	82	80	80	78	80	82	74	69	60	61	68	64	61	62	76	88	78	69	76	50	78
José Alejandro Suárez Suárez	31	180	72	R	B	CBT	["CBT","SB"]	Las Palmas	2026	Spain	66	75	83	76	79	78	78	74	69	72	78	71	71	66	61	68	61	61	62	76	87	71	76	78	50	68
Javier Muñoz Jiménez	29	175	69	R	B	CM	["CM","AM","DM"]	Las Palmas	2025	Spain	77	69	79	88	75	78	74	76	79	76	81	76	74	70	72	72	71	63	77	61	74	80	74	84	50	78
Fabio González Estupiñán	27	176	69	R	B	DM	["DM","CM"]	Las Palmas	2025	Spain	67	70	76	78	66	70	72	70	74	65	77	72	66	60	66	68	69	61	62	71	74	76	70	74	50	68
Francisco Jesús Crespo García	28	177	67	L	B	WF	["WF","SM"]	Las Palmas	2026	Spain	72	42	71	71	93	91	70	86	77	85	74	80	72	79	76	87	75	76	75	61	72	78	70	65	50	70
José Ángel Gómez Campaña	31	179	70	R	B	CM	["CM","SM","DM"]	Las Palmas	2025	Spain	79	72	79	83	68	69	79	73	82	74	83	81	82	80	76	79	76	82	87	72	77	83	79	79	50	79
Marc Cardona Rovira	29	183	70	R	B	CF	["CF"]	Las Palmas	2026	Spain	76	35	71	83	81	83	76	81	74	77	75	73	64	68	73	73	72	63	66	75	81	75	76	75	50	72
Alberto Moleiro González	21	172	67	R	B	WF	["WF","SM","AM","CF","SS"]	Las Palmas	2026	Spain	77	55	76	79	86	88	76	89	84	86	81	79	76	75	75	78	73	63	79	66	78	83	76	74	50	77
Benito Ramírez del Toro	29	179	70	L	B	SB	["SB","SM","WB"]	Las Palmas	2025	Spain	72	62	76	76	89	87	73	84	74	81	74	74	71	72	70	76	68	72	66	74	83	74	73	73	50	70
Enzo Loiodice	24	175	71	L	B	CM	["CM","DM"]	Las Palmas	2025	France	72	73	75	83	72	69	74	73	80	76	81	79	75	73	67	77	73	75	72	67	68	80	74	81	50	76
Dinko Horkaš	25	189	77	R	B	GK	["GK"]	Las Palmas	2028	Croatia	31	73	78	71	62	62	76	68	58	55	61	64	63	64	33	70	43	61	49	55	71	65	46	63	73	67
Manuel Fuster Lázaro	27	169	65	R	B	SM	["SM","CM"]	Las Palmas	2028	Spain	75	56	76	71	77	85	75	80	77	77	79	74	77	73	78	69	70	77	74	72	70	76	75	65	50	71
Scott Fraser McKenna	28	189	80	L	B	CBT	["CBT"]	Las Palmas	2027	Scotland	51	76	88	72	70	67	76	62	65	66	71	67	64	57	61	68	61	61	62	82	89	69	52	78	50	76
Oliver Robert McBurnie	28	191	77	R	B	CF	["CF"]	Las Palmas	2027	Scotland	79	40	90	77	70	69	77	68	78	72	78	79	63	65	77	82	74	61	62	81	90	80	77	81	50	80
Jaime Mata Arnaiz	36	185	79	R	B	CF	["CF","SM","WF"]	Las Palmas	2025	Spain	81	44	78	71	70	66	81	66	78	73	73	77	67	76	76	82	76	63	62	78	79	78	81	76	50	79
Víctor Álvarez Rozada	27	170	64	R	B	SB	["SB","SM","WB"]	Las Palmas	2027	Spain	75	67	78	86	92	89	76	87	75	83	73	70	71	69	68	68	68	61	62	61	68	75	76	83	50	75
Sandro Ramírez Castillo	29	175	71	R	B	CF	["CF","SM","WF"]	Las Palmas	2026	Spain	78	35	74	71	80	82	76	82	81	80	80	83	70	79	77	87	79	80	83	77	84	81	76	69	50	71
Kirian Rodríguez Concepción	28	180	73	R	B	CM	["CM","DM","AM"]	Las Palmas	2028	Spain	78	74	75	83	69	77	78	77	81	75	81	81	76	76	80	81	74	78	75	66	76	81	77	79	50	79
Iván Gil Calero	25	168	63	R	B	CM	["CM","SM","WF"]	Las Palmas	2027	Spain	76	62	75	71	70	71	75	74	78	74	77	74	71	69	76	73	68	71	68	61	66	77	75	65	50	71
Daley Sinkgraven	29	179	70	L	B	SB	["SB","SM","WB"]	Las Palmas	2025	Netherlands	75	70	74	76	74	77	74	79	77	75	77	72	78	73	67	68	71	72	78	73	69	78	73	77	50	77
Alejandro José Muñoz Miguel	30	187	80	L	B	SB	["SB","CBT"]	Las Palmas	2026	Spain	72	75	83	90	85	82	79	77	73	77	76	79	74	77	73	83	70	63	65	79	90	74	75	83	50	70
Adnan Januzaj	29	186	76	L	B	WF	["WF","SM"]	Las Palmas	2025	Belgium	77	37	72	71	78	79	76	82	83	80	83	81	78	79	73	79	77	79	83	62	66	83	76	64	50	73
Álvaro Vallés Rosa	27	192	82	R	B	GK	["GK"]	Las Palmas	2025	Spain	31	84	82	72	62	62	86	68	59	55	66	70	69	70	31	82	43	63	49	56	78	66	52	71	84	73
Juan Manuel Herzog González	20	186	85	R	B	CBT	["CBT"]	Las Palmas	2025	Spain	59	72	79	77	81	79	79	74	67	71	77	71	68	65	61	68	62	61	62	79	89	73	65	78	50	72
Dário Cassia Luís Essugo	19	178	80	R	B	CM	["CM","DM"]	Las Palmas	2025	Portugal	78	78	86	81	84	80	81	81	79	82	79	75	66	63	61	72	68	61	62	70	86	78	76	81	50	79
Victor Puig Iglesias	19	185	72	R	B	GK	["GK"]	Las Palmas	2026	Spain	31	68	72	71	62	62	68	59	58	55	61	64	62	64	30	68	43	61	49	55	65	65	36	55	68	57
Fábio Daniel Soares Silva	22	185	75	R	B	CF	["CF","WF","SM"]	Las Palmas	2025	Portugal	78	40	78	79	85	83	78	79	80	82	72	74	60	65	80	77	75	61	62	73	84	80	78	80	50	77
Juan Soriano Oropesa	27	185	78	L	B	GK	["GK"]	Leganés	2027	Spain	31	79	77	71	62	62	81	66	58	55	61	66	63	66	36	74	43	61	49	55	75	65	51	68	78	64
Adrià Altimira Reynaldos	23	176	69	R	B	SB	["SB","SM","WB"]	Leganés	2025	Spain	72	65	74	76	69	71	72	68	71	68	71	68	69	65	68	68	61	61	62	71	70	71	72	67	50	68
Jorge Sáenz de Miera Colmeiro	28	192	75	R	B	CBT	["CBT"]	Leganés	2025	Spain	60	78	81	81	77	66	77	66	71	70	73	68	63	56	61	68	63	61	62	78	82	75	65	80	50	77
Jackson Gabriel Porozo Vernaza	24	192	84	R	B	CBT	["CBT"]	Leganés	2025	Ecuador	51	75	83	71	82	66	77	62	65	72	68	65	58	51	61	68	59	61	62	77	83	65	56	73	50	72
Renato Fabrizio Tapia Cortijo	29	185	80	R	B	DM	["DM","CM","CBT"]	Leganés	2026	Peru	76	79	88	86	72	74	81	72	75	71	81	81	75	76	70	81	71	64	70	78	86	78	78	85	50	79
Sergio González Poirrier	32	186	67	R	B	CBT	["CBT"]	Leganés	2025	Spain	55	80	77	71	66	66	78	62	65	62	76	70	64	52	61	68	63	61	62	83	79	75	59	74	50	77
Óscar Rodríguez Arnaiz	26	174	67	R	B	CM	["CM","SM"]	Leganés	2026	Spain	78	59	70	71	66	66	80	68	79	71	81	79	77	75	81	79	78	86	81	61	66	80	80	64	50	73
Seydouba Cissé	23	179	72	R	B	CM	["CM","SM","DM"]	Leganés	2026	Guinea	74	64	70	78	66	69	76	67	75	67	81	76	71	65	74	72	69	68	64	67	66	78	73	77	50	74
Miguel de la Fuente Escudero	25	182	83	R	B	CF	["CF","SM","WF"]	Leganés	2028	Spain	76	42	85	78	75	75	74	76	79	76	77	77	58	64	81	79	72	61	62	77	88	79	74	74	50	69
Daniel Raba Antolín	29	184	76	L	B	WF	["WF","SM","CF"]	Leganés	2025	Spain	78	46	76	71	66	76	72	74	79	71	77	76	79	76	80	75	70	76	74	63	74	79	72	65	50	73
Juan Cruz Díaz Espósito	24	177	72	L	B	WF	["WF","SM","AM"]	Leganés	2028	Spain	75	40	68	71	81	85	72	86	80	81	73	73	73	74	78	74	71	69	77	61	66	80	72	68	50	73
Valentin André Henri Rosier	28	175	75	R	B	SB	["SB"]	Leganés	2025	France	73	72	82	81	85	85	76	85	76	80	75	71	74	73	61	69	65	61	75	71	77	77	74	81	50	75
Marko Dmitrović Марко Дмитровић	32	194	91	L	B	GK	["GK"]	Leganés	2025	Serbia	31	82	86	71	62	62	82	66	58	55	62	68	66	69	41	81	43	62	49	56	78	66	51	74	81	69
Darko Brašanac	32	178	73	R	B	CM	["CM","DM","AM"]	Leganés	2025	Serbia	78	75	74	73	66	66	81	64	77	65	80	81	76	76	73	83	70	68	66	71	74	80	81	78	50	79
Enric Franquesa Dolz	27	174	70	L	B	SB	["SB","SM","WB"]	Leganés	2026	Spain	70	65	74	84	79	87	71	83	74	75	76	70	69	68	66	68	63	61	62	63	75	75	71	77	50	67
Yvan Neyou Noupa	28	180	63	R	B	DM	["DM","CM"]	Leganés	2025	Cameroon	74	72	74	78	73	68	76	72	79	76	76	72	68	64	68	69	66	61	62	71	73	78	74	80	50	77
Sébastien Romain Teddy Haller	30	191	90	R	B	CF	["CF"]	Leganés	2025	Côte d'Ivoire	86	53	86	72	66	66	85	68	82	70	82	83	62	68	85	85	80	63	63	86	86	85	85	72	50	80
Diego García Campos	24	185	75	R	B	CF	["CF","SM","WF"]	Leganés	2027	Spain	76	31	68	71	78	79	73	72	76	75	70	71	58	60	78	74	71	61	62	76	82	77	73	63	50	67
Javier Hernández Carrera	26	182	75	L	B	SB	["SB","CBT"]	Leganés	2026	Spain	72	72	76	81	74	76	76	75	73	72	74	74	74	76	61	76	68	76	74	71	86	75	76	76	50	70
Roberto López Alcaide	24	180	70	L	B	AM	["AM","SM","CF","SS","WF"]	Leganés	2027	Spain	74	52	74	84	66	66	73	71	79	70	81	80	77	77	78	79	73	79	74	61	66	80	73	71	50	71
Matija Nastasić Матија Настасић	31	188	83	L	B	CBT	["CBT"]	Leganés	2026	Serbia	53	79	82	71	69	66	81	68	65	65	76	70	68	60	61	68	62	72	76	76	78	72	60	75	50	82
Munir El Haddadi Mohamed منير الحدادي محمد	29	175	69	L	B	WF	["WF","SM"]	Leganés	2026	Morocco	78	43	74	73	82	81	78	83	80	81	79	80	77	80	78	81	80	73	84	79	81	80	78	70	50	75
Julián Antonio Chicco	27	186	73	R	B	CM	["CM","DM","CBT"]	Leganés	2025	Argentina	71	70	80	76	66	66	73	65	73	65	78	74	67	62	65	70	66	65	62	69	74	77	70	74	50	72
Naim García García	22	180	75	R	B	WF	["WF","SM"]	Leganés	2027	Spain	64	44	70	71	67	66	63	64	76	71	72	72	69	71	75	74	65	61	62	61	66	77	61	63	50	63
Carlos Guirao Mora	21	175	68	R	B	CM	["CM"]	Leganés	2025	Spain	61	56	72	71	67	69	63	64	65	64	68	65	61	57	61	68	57	61	62	61	66	65	61	67	50	64
Joao Andrés Urbáez Gómez	22	179	73	R	B	CBT	["CBT"]	Leganés	2025	Dominican Republic	45	63	68	71	66	67	65	62	65	62	61	62	58	49	61	68	56	61	62	61	66	65	42	64	50	58
Álvaro Abajas Martín	21	181	75	R	B	GK	["GK"]	Leganés	2025	Spain	31	70	70	71	62	62	65	61	58	55	61	62	61	62	30	66	43	61	49	55	68	65	38	52	71	59
Dominik Greif	27	197	82	R	B	GK	["GK"]	Mallorca	2026	Slovakia	31	79	81	71	62	62	79	66	58	55	61	68	66	69	32	81	43	61	49	55	74	65	47	62	79	62
Mateu Jaume Morey Bauzà	24	173	67	R	B	SB	["SB","SM","WB"]	Mallorca	2025	Spain	72	71	76	71	71	79	79	80	79	75	79	72	74	68	61	68	64	61	68	61	66	79	77	74	50	72
Antonio Latorre Grueso	27	171	64	L	B	SB	["SB","SM","WB"]	Mallorca	2027	Spain	75	71	74	76	79	82	76	80	76	77	78	73	81	76	65	69	67	61	79	67	74	77	76	74	50	73
Siebe Van der Heyden	26	185	76	L	B	CBT	["CBT"]	Mallorca	2028	Belgium	52	78	76	79	68	66	79	65	65	65	73	69	68	62	61	68	60	61	62	76	77	68	58	81	50	76
Omar Mascarell González	31	181	76	R	B	CM	["CM","DM","CBT"]	Mallorca	2026	Spain	78	73	75	80	66	66	79	71	79	67	81	79	73	68	67	76	72	76	67	68	72	80	79	77	50	76
José Manuel Arias Copete	25	192	73	L	B	CBT	["CBT"]	Mallorca	2026	Spain	53	81	74	73	66	67	80	62	69	61	78	72	63	54	61	68	63	61	62	81	81	76	59	76	50	74
Vedat Muriqi	30	194	92	L	B	CF	["CF"]	Mallorca	2027	Kosovo	84	34	92	77	69	66	85	62	83	75	82	83	65	65	86	85	81	68	64	86	85	85	85	78	50	79
Manuel Morlanes Ariño	26	178	75	R	B	CM	["CM","DM"]	Mallorca	2028	Spain	73	72	74	79	69	75	80	75	78	73	83	77	77	71	71	71	71	76	73	65	74	78	80	77	50	74
Abdón Prats Bastidas	32	181	81	L	B	CF	["CF"]	Mallorca	2028	Spain	78	37	79	74	74	70	73	75	78	76	73	75	69	74	81	79	76	75	73	73	79	78	73	66	50	67
Sergi Darder Moll	31	180	71	R	B	CM	["CM","AM","DM"]	Mallorca	2028	Spain	84	76	79	87	82	81	84	84	86	84	88	86	84	82	83	85	81	78	85	70	81	85	84	84	50	84
Takuma Asano 浅野 拓磨	30	173	71	R	B	WF	["WF","SM","CF"]	Mallorca	2026	Japan	79	39	82	83	85	92	80	92	80	83	75	74	67	73	74	74	76	61	67	67	84	80	80	71	50	71
Samuel de Almeida Costa	24	183	75	L	B	DM	["DM","CM"]	Mallorca	2028	Portugal	74	75	77	84	66	71	79	71	76	69	81	82	73	73	68	82	70	63	62	67	75	78	78	83	50	76
Leonardo Román Riquelme	24	189	83	R	B	GK	["GK"]	Mallorca	2026	Spain	31	77	79	71	62	62	79	67	58	55	61	66	64	66	34	76	43	61	49	55	75	65	50	68	78	66
Daniel José Rodríguez Vázquez	36	178	71	R	B	SM	["SM","CM"]	Mallorca	2025	Spain	79	65	74	81	86	81	79	76	79	82	80	78	78	76	81	76	72	81	76	66	77	80	79	74	50	75
Valery Fernández Estrada	25	182	75	R	B	SM	["SM","SB","WB"]	Mallorca	2025	Spain	76	71	74	83	89	90	77	86	80	84	78	75	76	75	77	72	71	61	73	61	74	80	77	77	50	74
Cyle Christopher Larin	29	188	90	R	B	CF	["CF"]	Mallorca	2028	Canada	80	33	90	77	78	72	78	70	76	76	76	79	67	78	81	83	72	61	71	79	88	76	78	73	50	74
Antonio Sánchez Navarro	27	179	78	R	B	SM	["SM","CM"]	Mallorca	2027	Spain	74	67	79	86	78	79	77	82	77	77	83	83	76	76	69	82	72	66	68	64	77	78	74	79	50	74
Javier Llabrés Exposito	22	174	67	R	B	WF	["WF","SM"]	Mallorca	2026	Spain	70	39	76	81	82	85	70	86	75	77	71	68	70	69	72	68	64	61	64	61	66	76	70	69	50	67
Francisco Jorge Tavares Oliveira	24	179	73	R	B	WF	["WF","SM"]	Mallorca	2025	Portugal	73	42	74	71	89	88	71	85	79	84	73	73	72	75	76	74	68	61	75	63	77	79	71	64	50	68
Antonio José Raíllo Arenas	33	187	80	R	B	CBT	["CBT"]	Mallorca	2026	Spain	62	82	76	89	66	66	81	62	68	60	81	73	63	51	61	68	62	61	62	83	79	73	68	88	50	79
Johan Andrés Mojica Palacio	32	185	73	L	B	SB	["SB","SM","WB"]	Mallorca	2027	Colombia	75	73	74	72	91	88	78	81	78	84	81	82	78	82	70	83	68	71	78	66	80	79	75	75	50	75
Pablo Carmine Maffeo Becerra	27	172	70	R	B	SB	["SB"]	Mallorca	2026	Argentina	75	77	79	76	83	87	78	83	83	83	79	72	78	73	63	68	66	61	75	76	84	83	78	75	50	73
Martin Valjent	29	187	70	R	B	CBT	["CBT"]	Mallorca	2025	Slovakia	62	83	87	85	66	72	76	74	73	66	80	72	66	55	62	68	63	62	62	81	88	76	66	84	50	76
Iván Cuéllar Sacristán	40	187	76	L	B	GK	["GK"]	Mallorca	2025	Spain	31	72	79	71	62	62	73	63	58	55	61	64	62	64	36	69	43	61	49	55	71	65	48	69	73	66
Robert Navarro Muñoz	22	178	65	R	B	SM	["SM","CM"]	Mallorca	2025	Spain	75	37	73	73	75	80	76	81	80	78	78	73	72	70	78	68	71	69	74	61	71	80	76	70	50	73
Miquel Jan Salas Franch	19	182	72	R	B	CM	["CM","AM"]	Mallorca	2025	Spain	63	54	67	71	71	68	63	68	68	67	69	66	62	56	61	68	63	61	62	61	66	70	63	65	50	64
Marc Domenech González	18	185	80	R	B	CF	["CF","SM","WF"]	Mallorca	2027	Spain	65	33	66	71	72	70	64	69	65	67	65	64	58	56	68	68	61	61	62	63	66	65	64	65	50	60
Daniel Andrés Luna García	21	179	66	L	B	AM	["AM"]	Mallorca	2028	Colombia	74	41	67	71	73	73	68	71	73	71	71	67	63	55	69	68	65	65	62	61	66	74	68	65	50	72
Pau Mascaró Ruiz	20	178	72	R	B	CF	["CF"]	Mallorca	2025	Spain	68	33	72	73	81	73	69	72	66	72	63	65	58	57	71	71	62	63	62	67	72	66	69	65	50	63
Sergio Herrera Pirón	31	192	82	R	B	GK	["GK"]	Osasuna	2026	Spain	31	81	81	71	62	62	81	67	58	55	61	67	65	68	37	79	43	61	49	55	78	65	53	72	81	65
Ignacio Vidal Miralles	29	180	75	R	B	SB	["SB"]	Osasuna	2025	Spain	72	71	69	71	77	77	77	75	72	73	80	73	75	71	66	68	62	61	74	76	78	73	77	72	50	70
Juan Cruz Álvaro Armada	32	182	79	L	B	SB	["SB","CBT"]	Osasuna	2026	Spain	67	75	74	78	75	79	79	75	72	71	80	73	71	66	61	68	63	61	65	73	79	76	79	77	50	66
Unai García Lugea	32	186	81	R	B	CBT	["CBT"]	Osasuna	2025	Spain	55	77	75	79	66	66	77	65	66	62	77	71	70	63	61	68	62	61	62	80	82	74	59	77	50	74
Jorge Herrando Oroz	23	192	76	L	B	CBT	["CBT"]	Osasuna	2027	Spain	52	78	67	71	66	66	77	63	65	61	76	70	65	57	61	68	63	61	62	79	76	75	57	73	50	72
Lucas Torró Marset	30	190	77	R	B	DM	["DM","CM"]	Osasuna	2027	Spain	71	76	79	81	66	66	79	68	76	63	82	79	72	68	68	77	71	63	64	79	79	81	78	79	50	73
Jon Moncayola Tollar	26	182	78	R	B	CM	["CM","DM","SB"]	Osasuna	2031	Spain	79	75	72	78	69	69	80	70	83	77	84	79	78	73	74	74	70	66	62	65	71	81	80	79	50	79
Pablo Ibáñez Lumbreras	26	179	74	R	B	CM	["CM","DM"]	Osasuna	2025	Spain	76	68	70	75	66	66	76	66	75	67	78	72	69	61	71	68	67	67	62	63	66	78	76	71	50	73
Raúl García de Haro	24	192	70	R	B	CF	["CF"]	Osasuna	2028	Spain	76	31	78	71	77	71	74	68	79	77	81	79	65	60	80	78	73	68	62	82	85	80	74	70	50	73
Aimar Oroz Huarte	23	177	72	R	B	CM	["CM","AM"]	Osasuna	2029	Spain	75	54	71	80	69	76	76	76	81	74	81	79	73	71	81	76	75	68	65	72	77	83	74	70	50	72
Enrique Barja Alfonso	27	179	69	R	B	WF	["WF","SM"]	Osasuna	2026	Spain	78	42	67	71	78	81	75	78	79	79	76	73	76	74	76	71	68	61	62	68	75	79	75	65	50	73
Jesús Areso Blanco	25	182	81	R	B	SB	["SB","SM","WB"]	Osasuna	2026	Spain	70	73	76	79	74	79	75	79	75	72	78	71	76	71	61	68	64	61	74	74	81	77	75	75	50	70
Aitor Fernández Abarisketa	33	182	78	R	B	GK	["GK"]	Osasuna	2025	Spain	31	80	77	71	62	64	83	71	58	57	61	65	63	65	34	73	43	61	49	55	77	65	54	72	79	69
Rubén García Santos	31	172	71	L	B	WF	["WF","SM"]	Osasuna	2026	Spain	79	52	77	74	75	85	78	85	82	78	83	81	83	81	81	79	76	83	80	65	67	83	78	71	50	76
Rubén Peña Jiménez	33	170	65	R	B	SB	["SB","SM","WB"]	Osasuna	2025	Spain	79	73	74	75	77	75	81	76	77	75	79	78	77	79	75	78	73	66	65	78	80	78	81	73	50	73
Moisés Gómez Bordonado	30	176	73	R	B	CM	["CM","SM"]	Osasuna	2027	Spain	81	66	71	81	67	75	81	76	82	74	83	80	83	79	81	77	78	77	85	64	69	83	81	72	50	76
Ante Budimir	33	190	75	L	B	CF	["CF"]	Osasuna	2027	Croatia	83	40	85	75	68	66	80	65	83	75	73	76	60	69	86	80	78	71	62	88	89	84	80	78	50	73
Iker Muñoz Cameros	22	180	73	R	B	CM	["CM","DM"]	Osasuna	2027	Spain	69	58	69	72	70	66	73	66	74	70	75	70	67	59	68	68	65	61	62	63	66	76	73	70	50	69
Bryan Zaragoza Martínez	23	164	60	R	B	WF	["WF","SM"]	Osasuna	2025	Spain	74	37	79	71	82	87	73	90	84	84	77	79	77	81	77	81	76	73	73	61	66	83	73	66	50	68
José Manuel Arnáiz Díaz	29	173	69	R	B	WF	["WF","SM","CF"]	Osasuna	2025	Spain	72	52	76	78	79	87	72	86	77	78	70	76	69	75	76	84	74	77	74	73	83	76	72	71	50	68
Javier Martínez Calvo	25	181	71	R	B	CM	["CM","SM"]	Osasuna	2026	Spain	75	59	74	79	72	68	75	69	77	74	80	73	65	58	73	68	68	61	62	67	72	78	75	76	50	74
Flavien Enzo Thiedort Boyomo	23	181	86	R	B	CBT	["CBT","SB"]	Osasuna	2029	Cameroon	65	76	83	81	76	78	78	71	65	69	73	69	62	53	61	68	61	61	62	79	88	70	73	76	50	64
Abel Bretones Cruz	24	188	79	L	B	SB	["SB"]	Osasuna	2029	Spain	73	70	79	82	80	77	76	76	76	77	77	77	78	79	68	79	71	70	81	72	81	76	75	82	50	74
Alejandro Catena Marugán	30	194	82	R	B	CBT	["CBT"]	Osasuna	2028	Spain	54	83	81	81	70	69	81	68	65	66	83	74	71	55	61	68	63	61	62	85	87	76	61	81	50	78
Iker Benito Sánchez	22	176	71	R	B	WF	["WF","SM"]	Osasuna	2027	Spain	68	43	72	71	79	85	68	82	74	76	73	71	70	71	69	71	64	63	62	61	66	73	68	63	50	66
Dimitrios Stamatakis	21	191	82	R	B	GK	["GK"]	Osasuna	2025	Greece	31	69	75	71	62	62	69	58	58	55	61	64	62	64	30	68	43	61	49	55	64	65	38	51	69	58
Noel López de la Fuente	21	182	68	R	B	CF	["CF","WF","SM"]	Osasuna	2025	Spain	71	39	66	71	71	68	71	65	72	69	69	68	60	64	71	70	67	62	65	68	66	73	71	63	50	67
Daniel Cárdenas Lindez	27	186	80	R	B	GK	["GK"]	Rayo Vallecano	2027	Spain	31	79	78	71	62	62	81	70	58	55	61	67	65	67	29	77	43	61	49	55	74	65	49	67	77	63
Andrei Florin Rațiu	26	183	72	R	B	SB	["SB","SM","WB"]	Rayo Vallecano	2028	Romania	74	70	68	74	88	91	73	83	74	79	76	71	73	71	64	68	68	61	74	79	87	76	73	74	50	72
Josep María Chavarría Pérez	26	174	72	L	B	SB	["SB","SM","WB"]	Rayo Vallecano	2027	Spain	75	67	77	87	86	82	74	80	73	79	73	68	73	69	61	68	62	61	68	68	80	73	74	79	50	72
Pedro Díaz Fanjul	26	180	78	R	B	CM	["CM","DM","AM"]	Rayo Vallecano	2028	Spain	73	69	75	84	71	75	73	79	76	73	79	81	77	79	79	83	76	84	83	61	69	77	73	78	50	74
Aridane Hernández Umpiérrez	35	186	77	R	B	CBT	["CBT"]	Rayo Vallecano	2025	Spain	54	79	92	81	66	66	81	68	65	60	72	71	61	62	61	71	62	61	62	81	81	73	60	81	50	77
Pathé Ismaël Ciss	30	186	71	R	B	DM	["DM","CM"]	Rayo Vallecano	2025	Senegal	72	71	86	88	66	69	77	66	72	66	78	76	68	65	65	75	63	61	62	80	88	75	75	85	50	74
Isaac Palazón Camacho	30	169	71	L	B	WF	["WF","SM","AM"]	Rayo Vallecano	2028	Spain	82	47	76	78	85	89	81	88	85	85	84	81	83	81	83	79	79	81	79	63	70	85	81	72	50	78
Óscar Guido Trejo	36	180	79	R	B	AM	["AM","CF","SS"]	Rayo Vallecano	2025	Argentina	78	72	81	88	70	68	78	79	83	78	83	81	79	78	79	79	78	80	78	73	78	80	77	82	50	80
Raúl de Tomás Gómez	30	180	72	R	B	CF	["CF"]	Rayo Vallecano	2027	Spain	83	44	77	74	77	79	84	81	82	79	83	82	77	76	81	80	79	83	77	83	87	82	84	78	50	82
James David Rodríguez Rubio	33	180	75	L	B	AM	["AM","SM","CM"]	Rayo Vallecano	2025	Colombia	84	53	74	72	66	66	83	73	88	72	87	87	89	89	85	88	89	88	90	71	70	90	83	70	50	80
Randy Nteka	27	189	75	L	B	CF	["CF","AM","SS"]	Rayo Vallecano	2026	France	76	52	90	81	75	78	74	79	76	75	75	76	69	70	75	78	72	62	63	76	90	76	74	81	50	77
Sergio Guardiola Navarro	33	184	78	L	B	CF	["CF"]	Rayo Vallecano	2025	Spain	75	37	81	74	74	73	69	74	77	75	77	76	62	68	78	77	75	65	75	76	84	78	69	75	50	75
Augusto Martín Batalla Barga	28	185	87	R	B	GK	["GK"]	Rayo Vallecano	2025	Argentina	31	79	80	71	62	62	81	67	58	55	61	67	65	67	36	78	43	61	49	55	78	65	53	64	79	67
Sergio Camello Pérez	23	177	69	R	B	CF	["CF"]	Rayo Vallecano	2027	Spain	81	38	71	73	75	74	81	73	80	77	78	77	63	66	79	77	77	67	73	76	74	81	81	65	50	74
Gerard Gumbau Garriga	30	187	77	L	B	CM	["CM","DM","SM"]	Rayo Vallecano	2025	Spain	73	74	75	73	66	66	76	66	77	67	82	80	78	76	71	79	70	80	78	74	74	78	76	72	50	74
Khalid Abdul Mumin Suleman	26	188	79	R	B	CBT	["CBT"]	Rayo Vallecano	2026	Ghana	57	76	79	76	81	79	75	74	71	74	74	69	67	58	61	68	62	61	63	71	84	72	61	77	50	75
Unai López Cabrera	29	170	68	R	B	DM	["DM","CM","AM"]	Rayo Vallecano	2026	Spain	76	71	78	81	74	75	79	81	79	75	84	82	79	79	76	79	72	82	79	62	70	81	79	79	50	76
Álvaro García Rivera	32	167	61	L	B	WF	["WF","SM","AM"]	Rayo Vallecano	2026	Spain	81	57	80	76	90	90	82	90	80	85	80	76	79	77	79	73	68	61	73	61	66	80	82	67	50	75
Jorge de Frutos Sebastián	27	173	72	R	B	WF	["WF","SM"]	Rayo Vallecano	2028	Spain	77	49	75	83	85	86	76	85	81	84	78	80	77	80	76	83	74	66	80	65	75	81	76	75	50	74
Iván Balliu Campeny	33	172	63	R	B	SB	["SB"]	Rayo Vallecano	2025	Albania	74	75	74	85	85	81	77	81	79	81	77	71	77	71	61	68	68	67	68	72	79	81	76	82	50	74
Adrián Embarba Blazquez	32	173	68	R	B	WF	["WF","SM"]	Rayo Vallecano	2025	Spain	79	47	73	78	80	82	78	82	80	80	78	80	77	81	77	84	75	81	79	66	75	79	78	79	50	79
Luis Alfonso Espino García	33	172	71	L	B	SB	["SB"]	Rayo Vallecano	2026	Uruguay	75	75	81	90	88	90	83	83	78	84	74	77	79	82	69	83	64	67	74	71	86	76	73	87	50	76
Óscar Valentín Martín Luengo	30	177	72	R	B	DM	["DM","CM"]	Rayo Vallecano	2027	Spain	72	76	76	84	70	69	81	69	71	68	81	78	69	67	61	76	67	61	62	68	74	75	72	84	50	76
Florian Grégoire Claude Lejeune	33	189	89	R	B	CBT	["CBT"]	Rayo Vallecano	2027	France	62	81	84	71	66	66	83	62	74	63	81	79	72	68	62	79	68	80	63	81	80	77	67	76	50	82
Jonathan Montiel Caballero	26	174	80	L	B	AM	["AM","CM","SM"]	Rayo Vallecano	2025	Spain	73	58	75	73	71	79	75	82	80	76	80	82	77	80	80	85	76	81	79	61	67	79	75	71	50	73
Marco de las Sías López	19	180	74	R	B	CBT	["CBT","SB"]	Rayo Vallecano	2027	Spain	60	59	68	71	66	70	63	64	65	63	62	62	58	47	61	68	56	61	62	66	66	65	57	68	50	59
Pelayo Fernández Balboa	21	193	78	R	B	CBT	["CBT","DM"]	Rayo Vallecano	2028	Spain	61	66	74	74	66	66	67	62	65	63	70	67	66	60	61	68	57	61	62	63	67	65	61	71	50	64
Etienne Eto'o Pineda	22	189	76	R	B	CF	["CF","AM","SS"]	Rayo Vallecano	2025	Cameroon	66	31	66	71	68	66	65	62	65	65	61	62	61	64	68	68	60	74	71	66	66	65	65	64	50	65
Diego Méndez Molero	21	182	75	R	B	CBT	["CBT","CM","SB","DM"]	Rayo Vallecano	2025	Spain	61	63	69	71	71	66	66	63	65	66	67	65	61	54	61	68	60	61	62	68	71	68	61	66	50	62
Rui Tiago Dantas da Silva	30	191	91	R	B	GK	["GK"]	Real Betis	2026	Portugal	31	85	82	72	62	62	87	69	59	55	63	68	67	69	41	80	43	63	49	56	79	66	54	71	83	69
Héctor Bellerín Moruno	29	178	74	R	B	SB	["SB"]	Real Betis	2028	Spain	77	74	74	78	84	81	81	80	81	82	80	72	75	70	64	68	65	63	68	68	74	81	81	78	50	76
Diego Javier Llorente Ríos	31	186	76	R	B	CBT	["CBT"]	Real Betis	2028	Spain	60	82	81	72	69	70	82	68	75	70	79	72	72	62	62	68	63	62	62	80	84	77	66	79	50	81
João Lucas de Souza Cardoso	23	186	78	R	B	DM	["DM","CM"]	Real Betis	2029	United States	78	78	72	76	77	78	81	79	81	78	82	80	73	71	70	78	74	73	72	63	73	82	78	73	50	75
Marc Bartra Aregall	34	184	73	R	B	CBT	["CBT"]	Real Betis	2025	Spain	70	82	80	75	73	73	85	72	78	73	83	79	75	70	66	77	70	63	71	83	86	81	75	78	50	81
Natan Bernardo de Souza	23	188	85	L	B	CBT	["CBT"]	Real Betis	2025	Brazil	53	82	80	76	66	67	81	65	65	62	71	67	60	55	61	68	61	61	62	76	79	70	59	77	50	73
Juan Miguel Jiménez López	31	172	69	R	B	WF	["WF","SM","CF","AM","SS"]	Real Betis	2026	Spain	82	36	73	78	79	83	82	82	83	81	81	80	74	79	83	80	79	68	70	81	83	83	82	72	50	74
Vitor Hugo Roque Ferreira	19	172	78	R	B	CF	["CF","WF","SM"]	Real Betis	2025	Brazil	80	31	81	73	85	90	76	88	83	85	64	72	66	75	84	83	79	76	78	70	85	81	76	65	50	71
Luis Ezequiel Ávila	30	172	81	R	B	CF	["CF","SM","WF"]	Real Betis	2027	Argentina	82	48	88	81	82	78	82	76	82	82	77	81	69	76	83	87	81	67	64	85	93	81	82	85	50	82
Abdessamad Ezzalzouli عبد الصمد الزلزولي	23	177	73	R	B	WF	["WF","SM"]	Real Betis	2029	Morocco	75	37	74	71	85	87	76	85	82	84	74	75	74	76	78	77	72	61	70	61	66	81	76	63	50	69
Cédric Bakambu	33	182	73	R	B	CF	["CF"]	Real Betis	2026	Congo DR	82	40	74	71	80	79	78	79	78	78	76	77	72	77	80	79	77	67	71	80	85	78	78	64	50	72
Ricardo Iván Rodríguez Araya	32	182	83	L	B	CBT	["CBT","SM","SB","WB"]	Real Betis	2026	Switzerland	77	80	76	80	74	74	83	71	82	77	84	84	83	84	68	85	78	85	83	72	78	83	80	81	50	79
Adrián San Miguel del Castillo	38	190	80	R	B	GK	["GK"]	Real Betis	2026	Spain	31	75	78	71	62	62	75	67	58	55	61	65	63	65	37	72	43	61	49	55	72	65	49	71	76	63
William Silva de Carvalho	32	187	79	R	B	DM	["DM","AM","CM"]	Real Betis	2026	Portugal	79	77	91	84	66	66	83	62	84	71	86	82	79	75	73	79	72	62	85	76	76	84	80	82	50	81
Romain Paul Jean-Michel Perraud	27	173	68	L	B	SB	["SB"]	Real Betis	2029	France	79	73	76	78	71	77	78	77	79	75	79	82	77	82	72	86	77	76	74	70	76	78	78	82	50	81
Sergi Altimira Clavell	23	188	75	R	B	CM	["CM","DM"]	Real Betis	2027	Spain	76	72	71	73	68	66	78	66	77	71	80	75	69	62	72	70	68	61	62	61	66	78	77	72	50	75
Pablo Fornals Malla	28	178	67	R	B	WF	["WF","SM","AM"]	Real Betis	2029	Spain	80	72	74	84	67	73	80	76	81	72	81	80	81	80	73	79	78	76	75	62	70	83	80	81	50	80
Iker Losada Aragunde	23	175	70	R	B	WF	["WF","SM","AM"]	Real Betis	2026	Spain	76	42	76	71	79	79	77	71	78	78	78	76	78	76	79	76	75	79	75	66	72	78	77	63	50	71
Giovani Lo Celso	28	177	68	L	B	AM	["AM","CM"]	Real Betis	2028	Argentina	82	69	78	75	73	74	84	79	87	79	85	84	84	82	79	83	80	83	85	71	75	87	84	80	50	84
Marc Roca Junqué	28	184	81	L	B	DM	["DM","CM"]	Real Betis	2029	Spain	72	76	79	78	69	66	80	68	79	74	83	79	78	73	71	76	70	63	71	61	66	81	79	78	50	75
Francisco Román Alarcón Suárez	32	176	79	R	B	AM	["AM","SM","CM"]	Real Betis	2027	Spain	83	63	76	75	70	73	83	77	87	78	87	81	83	79	80	76	79	81	87	66	68	88	83	71	50	79
Youssouf Sabaly	31	173	67	R	B	SB	["SB"]	Real Betis	2026	Senegal	78	76	79	81	82	79	80	78	79	79	79	75	76	76	62	73	67	62	66	66	77	79	78	78	50	71
Aitor Ruibal García	28	176	75	R	B	SB	["SB","SM","WB"]	Real Betis	2028	Spain	77	72	73	71	87	85	78	81	81	83	78	80	77	81	78	83	75	64	62	76	83	81	78	74	50	76
Francisco Barbosa Vieites	25	196	88	R	B	GK	["GK"]	Real Betis	2026	Spain	31	75	78	71	62	62	74	65	58	55	61	67	64	67	30	77	43	61	49	55	73	65	47	65	74	66
Nobel Mendy	20	187	80	L	B	SB	["SB","CBT"]	Real Betis	2027	France	63	61	71	71	77	68	66	64	65	69	66	64	62	60	61	68	59	61	62	65	70	65	66	68	50	66
Félix Martí Garreta	20	184	77	L	B	CBT	["CBT","SB"]	Real Betis	2026	Spain	65	70	77	71	69	69	74	64	71	69	73	68	65	60	61	68	62	61	62	72	77	72	73	70	50	68
Daniel Pérez Guerrero	19	173	65	R	B	CM	["CM","AM"]	Real Betis	2025	Spain	63	56	75	71	66	73	63	78	74	66	75	70	70	63	65	68	66	61	63	61	66	75	63	68	50	68
Assane Diao Diaoune	19	185	72	R	B	WF	["WF","SM"]	Real Betis	2027	Spain	74	37	74	71	91	91	74	88	77	83	70	69	67	69	78	70	72	64	64	61	67	78	74	67	50	69
Manuel González Pallarés	17	186	72	R	B	GK	["GK"]	Real Betis	2027	Spain	31	68	70	71	62	62	66	59	58	55	61	63	61	63	32	66	43	61	49	55	65	65	40	54	68	58
Lucas Alcázar Moreno	22	182	68	L	B	SB	["SB","SM","WB"]	Real Betis	2025	Spain	62	59	67	71	80	77	65	67	67	71	75	70	70	65	61	68	61	61	67	66	70	68	65	65	50	62
Mateo Flores Lozano	20	175	64	L	B	CM	["CM","AM"]	Real Betis	2027	Spain	64	56	73	71	72	74	63	71	69	69	71	69	65	63	64	69	63	63	62	61	66	70	63	65	50	66
Thibaut Nicolas Marc Courtois	32	200	96	L	B	GK	["GK"]	Real Madrid	2026	Belgium	31	90	88	73	62	62	93	78	61	56	64	68	68	68	39	79	43	64	49	58	82	68	58	83	90	76
Daniel Carvajal Ramos	33	173	73	R	B	SB	["SB"]	Real Madrid	2026	Spain	83	81	82	87	84	85	88	83	85	82	87	79	84	80	67	73	69	63	80	81	87	88	88	87	50	84
Éder Gabriel Militão	27	186	78	R	B	CBT	["CBT"]	Real Madrid	2028	Brazil	73	89	82	88	90	84	88	79	78	82	83	74	79	71	63	68	64	63	66	89	92	79	78	88	50	84
David Olatukunbo Alaba	32	180	78	L	B	CBT	["CBT","SB"]	Real Madrid	2026	Austria	83	86	81	79	82	81	90	80	84	81	90	87	85	85	71	85	79	88	79	82	88	86	90	81	50	81
Jude Victor William Bellingham	21	186	75	R	B	AM	["AM","CM"]	Real Madrid	2029	England	93	78	81	95	83	84	93	84	92	87	92	89	84	79	92	87	86	77	77	82	86	92	93	92	50	92
Eduardo Celmi Camavinga	22	182	68	L	B	CM	["CM","DM","SB"]	Real Madrid	2029	France	81	78	83	87	83	84	85	84	88	85	88	82	84	79	73	77	76	69	76	73	85	88	85	85	50	83
Vinicius José Paixão de Oliveira Junior	24	176	73	R	B	WF	["WF","SM","CF"]	Real Madrid	2027	Brazil	90	39	78	88	96	96	90	95	94	95	88	85	85	84	92	84	85	73	82	64	78	93	90	79	50	83
Federico Santiago Valverde Dipetta	26	182	78	R	B	CM	["CM","SM"]	Real Madrid	2029	Uruguay	90	80	85	93	92	86	91	83	89	89	90	90	87	87	84	92	85	77	78	73	85	90	91	89	50	88
Kylian Mbappé Lottin	26	182	75	R	B	CF	["CF","WF","SM"]	Real Madrid	2029	France	95	38	82	90	97	97	95	96	94	96	90	90	82	86	95	91	88	78	83	81	90	94	95	82	50	85
Luka Modrić	39	172	66	R	B	CM	["CM","AM","DM"]	Real Madrid	2025	Croatia	84	72	79	81	74	79	88	86	90	80	92	87	90	85	79	82	85	83	87	67	72	92	88	76	50	81
Rodrygo Silva de Goes	24	174	64	R	B	WF	["WF","SM","CF"]	Real Madrid	2028	Brazil	87	37	76	85	90	91	87	90	90	90	84	81	81	81	88	79	80	79	83	75	80	89	87	75	50	80
Andriy Lunin Лунін Андрій Олексійович	25	191	83	R	B	GK	["GK"]	Real Madrid	2030	Ukraine	31	83	81	71	62	62	84	68	58	55	61	68	65	69	31	80	43	61	49	55	78	65	54	74	82	72
Aurélien Djani Tchouameni	24	188	82	R	B	DM	["DM","CM","CBT"]	Real Madrid	2028	France	82	82	85	86	76	78	87	77	84	79	88	84	81	77	73	81	73	65	79	81	86	85	85	85	50	83
Arda Güler	19	175	70	L	B	AM	["AM","SM","WF"]	Real Madrid	2029	Türkiye	77	58	76	76	74	79	78	82	84	79	83	81	82	81	77	79	79	80	86	61	66	84	78	67	50	73
Endrick Felipe Moreira de Sousa	18	173	66	L	B	CF	["CF","WF","SM"]	Real Madrid	2027	Brazil	80	36	79	73	90	92	81	90	81	85	74	77	63	68	81	82	78	76	69	76	87	80	81	66	50	71
Lucas Vázquez Iglesias	33	173	70	R	B	SB	["SB"]	Real Madrid	2025	Spain	84	76	75	93	84	84	85	84	85	84	85	84	84	84	79	83	76	78	85	68	74	84	85	85	50	82
Jesús Vallejo Lázaro	28	184	79	R	B	CBT	["CBT"]	Real Madrid	2025	Spain	55	79	75	71	74	68	81	70	71	68	76	70	66	56	61	68	63	61	62	76	78	75	62	75	50	81
Daniel Ceballos Fernández	28	179	70	R	B	CM	["CM","AM"]	Real Madrid	2027	Spain	82	74	74	81	66	74	82	77	86	75	85	82	81	79	74	79	77	74	80	62	66	86	81	80	50	82
Francisco José García Torres	25	169	63	L	B	SB	["SB"]	Real Madrid	2027	Spain	76	72	81	83	90	91	79	89	81	85	81	74	75	74	62	68	66	62	74	65	79	81	78	78	50	73
Brahim Abdelkader Díaz ابراهيم عبد القادر دياز	25	170	68	R	B	AM	["AM","WF","SM"]	Real Madrid	2027	Morocco	83	43	79	76	87	87	83	89	87	87	86	81	81	78	81	77	79	71	78	63	66	88	83	67	50	77
Antonio Rüdiger	31	190	86	R	B	CBT	["CBT"]	Real Madrid	2026	Germany	69	90	92	78	92	75	89	69	79	83	88	86	81	79	63	86	69	68	62	87	90	81	74	85	50	89
Ferland Sinna Mendy	29	180	73	L	B	SB	["SB"]	Real Madrid	2025	France	83	79	86	90	90	90	84	86	81	85	84	78	82	76	72	74	68	63	76	78	91	81	84	88	50	82
Francisco Javier González Pérez	19	199	80	R	B	GK	["GK"]	Real Madrid	2026	Spain	31	69	79	71	62	62	71	60	58	55	61	62	61	62	32	66	43	61	49	55	67	65	44	60	69	60
Jacobo Ramón Naveros	20	190	78	R	B	CBT	["CBT"]	Real Madrid	2028	Spain	50	72	72	71	69	68	71	65	65	65	71	68	61	49	61	68	59	61	62	77	79	65	52	68	50	66
Raúl Asencio del Rosario	21	184	79	R	B	CBT	["CBT"]	Real Madrid	2026	Spain	46	68	73	71	69	68	67	66	65	65	71	68	65	49	61	68	60	61	62	76	75	67	43	65	50	61
Alejandro Remiro Gargallo	29	192	79	R	B	GK	["GK"]	Real Sociedad	2027	Spain	31	88	86	72	62	62	88	80	59	55	63	69	67	70	36	83	43	63	49	56	82	66	53	75	85	67
Álvaro Odriozola Arzallus	29	175	66	R	B	SB	["SB"]	Real Sociedad	2029	Spain	76	74	74	81	85	79	78	78	79	82	76	71	77	73	61	68	67	61	75	76	77	78	78	76	50	72
Aihen Muñoz Capellán	27	175	68	L	B	SB	["SB"]	Real Sociedad	2027	Spain	76	74	71	81	80	81	78	76	78	81	76	71	78	69	62	68	65	61	71	72	79	74	78	81	50	76
Martín Zubimendi Ibáñez	25	181	74	R	B	DM	["DM","CM"]	Real Sociedad	2027	Spain	85	78	76	83	68	71	87	74	82	74	85	76	79	68	76	68	72	67	72	73	75	84	87	80	50	81
Igor Zubeldía Elorza	27	181	73	R	B	CBT	["CBT"]	Real Sociedad	2029	Spain	70	83	84	83	83	79	85	78	77	79	83	81	76	74	70	79	67	72	77	78	87	78	76	85	50	82
Aritz Elustondo Irribaria	30	180	71	R	B	SB	["SB","CBT"]	Real Sociedad	2026	Spain	69	80	80	76	72	66	85	65	70	67	83	75	74	69	61	68	65	61	62	83	85	81	85	80	50	66
Ander Barrenetxea Muguruza	23	175	74	R	B	WF	["WF","SM"]	Real Sociedad	2030	Spain	79	36	76	71	79	83	79	85	81	80	76	77	73	78	78	79	74	61	69	67	67	81	79	63	50	73
Arsen Zakharyan Захарян Арсен Норайрович	21	182	73	R	B	SM	["SM","CM"]	Real Sociedad	2029	Russia	76	60	70	78	80	85	77	79	78	78	77	77	79	77	74	78	76	81	77	62	70	79	77	72	50	73
Orri Steinn Óskarsson	20	188	80	R	B	CF	["CF"]	Real Sociedad	2030	Iceland	77	37	76	75	74	74	76	73	74	72	72	73	63	66	75	76	69	66	62	70	78	76	76	69	50	70
Mikel Oyarzabal Ugarte	27	181	79	L	B	CF	["CF","WF","SM"]	Real Sociedad	2028	Spain	87	53	73	83	79	81	85	81	87	82	87	86	82	85	86	86	85	83	81	81	80	87	85	74	50	79
Sheraldo Rudi Becker	29	180	77	R	B	CF	["CF","SM","WF"]	Real Sociedad	2026	Suriname	81	35	80	78	95	92	82	87	82	88	79	79	77	78	80	80	78	62	71	73	86	82	82	71	50	72
Javier López Carballo	22	183	75	L	B	SB	["SB"]	Real Sociedad	2030	Spain	67	69	72	79	82	78	74	77	67	72	72	68	65	65	61	68	62	61	62	71	78	72	72	74	50	63
Unai Marrero Larrañaga	23	189	82	R	B	GK	["GK"]	Real Sociedad	2027	Spain	31	73	76	71	62	62	74	62	58	55	61	63	61	63	29	66	43	61	49	55	70	65	40	58	73	60
Takefusa Kubo 久保 建英	23	173	64	L	B	WF	["WF","SM","CF"]	Real Sociedad	2029	Japan	83	48	76	80	82	90	83	89	87	84	83	79	81	79	85	77	79	80	79	63	74	87	83	69	50	76
Urko González de Zarate Quirós	23	189	83	R	B	CBT	["CBT","DM"]	Real Sociedad	2028	Spain	64	67	79	71	66	66	71	64	65	60	77	71	66	54	61	68	60	61	62	76	79	68	69	67	50	66
Jon Ander Olasagasti Imizcoz	24	176	74	L	B	CM	["CM","DM"]	Real Sociedad	2025	Spain	72	67	74	81	66	70	75	70	68	63	78	73	68	62	70	68	64	70	70	70	74	69	75	77	50	71
Sergio Gómez Martín	24	171	68	L	B	SB	["SB","CM"]	Real Sociedad	2030	Spain	77	72	76	79	68	79	78	83	79	74	78	77	78	79	73	76	76	80	79	61	68	79	78	77	50	77
Hamari Traoré	32	175	64	R	B	SB	["SB"]	Real Sociedad	2026	Mali	79	76	80	90	86	83	81	81	81	83	80	77	81	79	63	76	67	62	78	77	85	81	81	85	50	77
Umar Sadiq Mesbah	27	192	78	R	B	CF	["CF"]	Real Sociedad	2028	Nigeria	77	40	91	77	88	83	76	77	80	84	78	80	62	71	83	84	74	62	68	79	93	80	76	68	50	70
Jon Pacheco Dozagarat	24	184	77	L	B	CBT	["CBT"]	Real Sociedad	2027	Spain	52	76	77	71	66	66	75	62	65	61	80	73	63	49	61	68	63	61	62	79	77	76	57	71	50	69
Nayef Aguerd نايف أكرد	28	190	76	L	B	CBT	["CBT"]	Real Sociedad	2025	Morocco	65	84	79	76	80	66	84	62	73	72	79	76	70	65	62	74	65	62	62	84	84	79	71	78	50	79
Beñat Turrientes Imaz	22	181	70	R	B	CM	["CM","DM"]	Real Sociedad	2027	Spain	71	62	75	80	69	73	73	73	73	69	78	73	73	67	61	68	64	76	68	66	66	76	73	77	50	73
Brais Méndez Portela	28	187	76	L	B	CM	["CM","SM","AM"]	Real Sociedad	2028	Spain	85	68	77	78	74	76	85	78	87	80	87	83	84	81	86	80	81	81	78	78	83	87	85	79	50	84
Luka Sučić	22	185	77	L	B	AM	["AM","CM"]	Real Sociedad	2028	Croatia	74	54	75	77	79	85	75	81	79	79	78	80	78	79	76	82	78	78	79	61	76	79	75	72	50	73
Jon Magunazelaia Argoitia	23	180	75	R	B	AM	["AM","SM","WF"]	Real Sociedad	2026	Spain	66	49	74	71	77	80	65	77	72	74	71	72	68	70	71	75	68	61	62	67	71	71	65	66	50	66
Jon Mikel Aramburu Mejías	22	176	71	R	B	SB	["SB"]	Real Sociedad	2026	Venezuela	67	68	70	76	74	77	75	74	69	71	71	67	68	65	61	68	60	65	66	61	67	68	73	71	50	65
Pablo Marín Tejada	21	178	73	R	B	AM	["AM","CM"]	Real Sociedad	2027	Spain	69	45	69	71	73	66	66	64	74	72	77	71	67	57	71	68	66	61	62	61	66	75	66	65	50	67
Jon Martín Vicente	18	188	74	R	B	CBT	["CBT"]	Real Sociedad	2030	Spain	50	64	69	73	72	74	67	65	65	67	63	62	58	50	61	68	57	61	62	69	74	65	53	70	50	63
Aitor Fraga Torres	21	194	83	R	B	GK	["GK"]	Real Sociedad	2025	Spain	31	70	78	71	62	62	67	58	58	55	61	62	61	62	32	66	43	61	49	55	64	65	37	52	69	54
Egoitz Arana Aizpurua	22	197	88	R	B	GK	["GK"]	Real Sociedad	2025	Spain	31	69	78	71	62	62	66	57	58	55	61	62	60	62	32	66	43	61	49	55	62	65	41	64	68	61
André Filipe Magalhães Ribeiro Ferreira	28	193	79	R	B	GK	["GK"]	Real Valladolid	2027	Portugal	31	76	83	71	62	62	77	70	58	55	61	65	63	65	38	71	43	61	49	55	73	65	47	62	74	64
Luis Jesús Pérez Maqueda	29	174	71	R	B	SB	["SB"]	Real Valladolid	2025	Spain	76	69	79	88	89	90	76	88	71	79	71	67	67	65	61	68	61	61	64	65	83	69	72	81	50	74
David Torres Ortiz	21	182	76	L	B	CBT	["CBT"]	Real Valladolid	2026	Spain	49	74	75	71	68	66	75	62	65	65	77	71	64	53	61	68	61	61	62	71	74	71	51	69	50	69
Víctor Andrés Meseguer Cavas	25	184	77	R	B	CM	["CM","AM","CF","SS"]	Real Valladolid	2029	Spain	75	68	76	78	69	67	74	65	77	72	78	74	71	66	78	70	69	74	70	74	77	78	74	77	50	76
Javier Sánchez de Felipe	27	189	84	R	B	CBT	["CBT"]	Real Valladolid	2026	Spain	59	78	85	73	73	74	81	65	71	68	75	73	66	58	66	72	64	74	62	73	83	76	65	74	50	77
Cenk Özkaçar	24	190	85	L	B	CBT	["CBT","SB"]	Real Valladolid	2025	Türkiye	65	71	82	74	66	67	74	67	69	65	72	70	64	60	61	69	61	61	62	76	83	71	73	75	50	69
Mamadou Sylla Diallo	30	184	84	R	B	CF	["CF","SM","WF"]	Real Valladolid	2026	Senegal	76	38	82	80	80	79	73	79	76	78	75	75	64	70	78	76	72	62	70	77	89	74	73	74	50	73
Enrique Pérez Muñoz	27	184	74	L	B	CM	["CM","AM","DM"]	Real Valladolid	2025	Spain	73	60	70	71	66	68	77	73	82	73	81	74	71	62	73	68	73	68	77	66	68	83	77	68	50	72
Marcos André de Sousa Mendonça	28	184	78	R	B	CF	["CF"]	Real Valladolid	2028	Brazil	75	42	81	71	75	78	67	75	75	74	73	75	64	68	76	79	74	67	62	76	85	76	67	70	50	72
Iván Sánchez Aguayo	32	169	66	L	B	SM	["SM","CM","AM"]	Real Valladolid	2025	Spain	73	48	77	71	72	75	73	82	81	76	80	75	77	73	75	71	70	73	79	61	66	81	73	68	50	74
Raúl Moro Prescoli	22	168	67	R	B	WF	["WF","SM"]	Real Valladolid	2028	Spain	72	38	75	71	84	86	68	83	80	82	75	70	71	68	72	68	68	61	73	61	66	80	68	63	50	70
Mario Martín Rielves	20	177	75	R	B	CM	["CM"]	Real Valladolid	2025	Spain	72	64	72	71	73	74	74	74	77	74	78	72	72	63	63	68	64	61	66	64	66	77	74	71	50	74
Karl Jakob Hein	22	193	76	R	B	GK	["GK"]	Real Valladolid	2025	Estonia	31	73	77	71	62	62	75	62	58	55	61	63	61	63	31	66	43	61	49	55	70	65	45	58	73	60
Juan Miguel Latasa Fernández Layos	23	192	83	L	B	CF	["CF"]	Real Valladolid	2029	Spain	78	31	83	74	76	70	76	65	75	75	73	75	59	66	79	78	73	64	62	81	87	75	76	66	50	69
Eray Ervin Cömert	26	183	80	R	B	CBT	["CBT"]	Real Valladolid	2025	Switzerland	53	78	81	79	76	74	76	73	65	69	76	77	67	68	61	79	68	68	62	78	85	75	59	79	50	74
César de la Hoz López	32	180	75	R	B	DM	["DM","CBT","CM"]	Real Valladolid	2025	Spain	71	69	76	87	66	66	73	64	72	63	75	70	66	57	69	68	66	61	62	68	69	74	71	80	50	71
Darwin Daniel Machís Marcano	31	174	74	R	B	WF	["WF","SM"]	Real Valladolid	2026	Venezuela	78	46	81	73	86	90	76	91	84	86	78	81	77	81	80	85	76	82	76	63	78	83	76	75	50	77
Amath Ndiaye Diedhiou	28	173	70	R	B	WF	["WF","SM","CF"]	Real Valladolid	2027	Senegal	76	53	72	71	90	91	73	88	81	85	78	78	72	75	78	79	76	72	76	72	82	81	73	73	50	76
Stanko Jurić	28	188	82	R	B	DM	["DM","CM"]	Real Valladolid	2027	Croatia	69	70	88	84	69	69	73	68	74	71	74	75	66	65	75	77	68	65	62	73	83	75	71	80	50	70
Selim Amallah	28	185	81	R	B	AM	["AM","CM","SM"]	Real Valladolid	2027	Morocco	78	66	78	75	71	73	75	75	77	74	80	79	76	76	77	79	76	77	78	71	78	77	75	79	50	81
Lucas Oliveira Rosa	24	177	73	R	B	SB	["SB","SM","WB"]	Real Valladolid	2025	Brazil	65	67	71	83	75	79	72	73	68	68	72	68	69	68	61	68	62	61	62	67	72	72	71	72	50	60
Anuar Mohamed Tuhami	30	174	71	R	B	CM	["CM","AM","SM"]	Real Valladolid	2025	Morocco	76	66	76	88	80	82	78	85	73	76	74	70	70	67	72	68	67	61	69	67	74	73	78	80	50	73
Robert Kenedy Nunes do Nascimento	28	180	85	L	B	WF	["WF","SM","CF"]	Real Valladolid	2027	Brazil	77	63	72	71	74	79	76	78	78	76	76	78	73	77	71	81	71	76	78	72	77	78	76	67	50	72
Arnau Rafús Aulet	21	187	75	R	B	GK	["GK"]	Real Valladolid	2025	Spain	31	71	74	71	62	62	71	62	58	55	61	66	64	66	29	74	43	61	49	55	69	65	38	55	71	62
Iván San José Cantalejo	20	172	64	L	B	AM	["AM","CM"]	Real Valladolid	2025	Spain	67	43	72	71	66	72	63	75	73	68	72	70	63	61	72	69	68	66	62	61	66	73	59	63	50	67
Raúl Chasco Ruiz	21	179	71	L	B	SB	["SB"]	Real Valladolid	2025	Spain	65	60	66	71	75	78	69	73	68	72	63	63	67	64	61	68	59	61	65	61	66	65	68	66	50	61
Jorge Iglesias González	19	172	67	R	B	SB	["SB"]	Real Valladolid	2026	Spain	68	65	74	71	69	69	70	64	65	68	61	62	62	62	61	68	56	61	62	64	66	65	68	67	50	64
Mario Maroto Argüello	21	176	66	R	B	CM	["CM","AM"]	Real Valladolid	2025	Spain	67	51	66	71	71	70	67	65	67	68	71	67	61	56	61	68	60	61	62	61	66	67	67	65	50	65
Abdulai Juma Bah	18	195	80	R	B	CBT	["CBT"]	Real Valladolid	2025	Sierra Leone	48	76	77	73	70	74	72	66	65	66	61	62	59	55	61	68	54	61	62	63	74	65	50	71	50	65
Álvaro Aceves Catalina	21	190	85	R	B	GK	["GK"]	Real Valladolid	2025	Spain	31	75	80	71	62	62	77	64	58	55	61	66	63	66	33	74	43	61	49	55	72	65	43	59	75	61
Eugene Adjei Frimpong	21	174	70	L	B	CM	["CM","AM"]	Real Valladolid	2025	Ghana	65	61	70	76	76	78	71	77	66	69	74	69	66	59	61	68	60	64	62	66	72	68	67	72	50	68
Adrián Arnuncio Baquerín	17	185	74	R	B	CF	["CF"]	Real Valladolid	2027	Spain	67	32	68	71	66	66	63	67	65	62	66	65	58	55	73	68	62	65	62	69	66	65	63	66	50	63
Mario Sesè Vera	22	178	72	R	B	SM	["SM","SB","WB"]	Real Valladolid	2025	Spain	68	57	71	71	83	81	66	79	69	76	66	64	66	67	71	68	64	61	62	61	66	68	66	69	50	66
Álvaro Fernández Llorente	26	186	75	L	B	GK	["GK"]	Sevilla	2025	Spain	31	78	77	71	62	62	80	76	58	56	61	65	63	65	31	73	43	61	49	55	74	65	49	71	78	65
Adrià Giner Pedrosa	26	176	69	L	B	SB	["SB"]	Sevilla	2028	Spain	76	71	74	87	90	91	78	88	81	86	77	72	74	72	69	68	69	61	78	68	80	78	78	84	50	77
Enrique Jesús Salas Valiente	22	186	80	L	B	CBT	["CBT","SB"]	Sevilla	2026	Spain	67	75	79	77	74	66	79	62	65	68	71	68	58	48	61	68	62	61	62	74	77	73	78	77	50	67
Nemanja Gudelj Немања Гудељ	33	187	79	R	B	CBT	["CBT","DM"]	Sevilla	2026	Serbia	76	79	90	83	66	66	83	66	78	66	85	88	82	84	71	90	81	83	85	81	85	83	83	84	50	79
Isaac Romero Bernal	24	184	70	L	B	CF	["CF","WF","SM"]	Sevilla	2025	Spain	76	31	73	72	77	74	76	72	77	76	78	76	74	74	81	75	74	61	74	78	80	78	76	65	50	70
Pedro Ortiz Bernat	24	184	76	L	B	CM	["CM","DM"]	Sevilla	2025	Spain	71	59	73	77	66	70	73	70	73	65	76	71	67	57	69	68	66	61	62	63	69	76	72	74	50	72
Kelechi Promise Iheanacho	28	185	82	L	B	CF	["CF"]	Sevilla	2026	Nigeria	79	46	78	73	75	75	78	75	80	77	78	79	72	73	78	80	79	71	78	72	80	81	78	73	50	77
Jesús Joaquín Fernández Sáez de la Torre	31	177	70	L	B	SM	["SM","AM","CM"]	Sevilla	2025	Spain	81	47	75	71	75	77	81	79	87	81	84	82	82	82	79	80	83	84	85	62	66	87	81	65	50	76
Dodi Lukébakio Ngandoli	27	187	77	L	B	WF	["WF","SM","CF"]	Sevilla	2028	Belgium	81	40	74	73	89	85	81	84	86	88	78	81	74	82	81	85	81	75	80	66	78	85	81	66	50	74
Albert Mboyo Sambi Lokonga	25	183	73	R	B	CM	["CM","DM"]	Sevilla	2025	Belgium	74	69	74	80	70	68	78	71	82	75	81	77	77	73	63	73	72	74	75	69	74	83	77	78	50	76
Ørjan Håskjold Nyland	34	192	90	R	B	GK	["GK"]	Sevilla	2025	Norway	31	79	82	71	62	62	79	66	58	55	61	68	65	69	34	80	43	61	49	55	77	65	51	66	79	63
Gerard Fernández Castellano	22	172	65	R	B	AM	["AM","WF","SM"]	Sevilla	2028	Spain	78	45	76	77	85	83	77	84	79	81	78	75	72	71	80	73	72	71	74	61	66	79	77	67	50	72
Gonzalo Ariel Montiel	28	175	70	R	B	SB	["SB"]	Sevilla	2026	Argentina	78	73	76	81	83	82	78	83	77	80	77	74	75	75	67	73	67	61	69	73	80	77	78	83	50	79
Jesús Navas González	39	172	60	R	B	SB	["SB","SM","WB"]	Sevilla	2024	Spain	82	76	75	83	82	85	82	85	84	82	85	81	84	82	72	78	79	63	85	78	72	85	81	82	50	82
Saúl Ñíguez Esclapez	30	184	75	L	B	CM	["CM","SM"]	Sevilla	2025	Spain	82	77	78	81	74	72	83	74	83	78	84	83	80	78	79	83	81	71	77	84	85	83	83	81	50	82
Lucien Jefferson Agoume	22	188	72	R	B	CM	["CM","DM"]	Sevilla	2028	France	74	72	74	79	66	72	78	71	79	70	81	74	72	65	62	68	67	61	63	70	75	80	78	75	50	73
Valentín Barco	20	170	66	L	B	SB	["SB","SM","WB"]	Sevilla	2025	Argentina	77	68	75	78	79	80	77	84	80	80	81	74	78	72	61	68	65	68	79	61	66	79	77	78	50	78
Mohameth Djibril Ibrahima Sow	27	184	76	R	B	CM	["CM","DM"]	Sevilla	2028	Switzerland	80	76	79	88	85	79	83	79	82	81	83	79	80	75	76	75	76	71	73	71	75	84	82	85	50	80
Chidera Ejuke	27	176	72	R	B	WF	["WF","SM"]	Sevilla	2027	Nigeria	76	44	80	81	91	95	78	94	83	88	77	78	75	78	73	80	74	71	78	61	72	83	78	72	50	72
Loïc Badé	24	191	89	R	B	CBT	["CBT"]	Sevilla	2027	France	54	81	86	73	72	66	81	62	75	70	78	72	64	53	61	68	64	61	62	80	85	79	61	77	50	79
Marcos do Nascimento Teixeira	28	185	80	L	B	CBT	["CBT"]	Sevilla	2027	Brazil	54	82	85	86	68	68	82	68	77	71	79	72	67	53	61	68	64	61	62	76	82	78	59	88	50	85
Tanguy-Austin Nianzou Kouassi	22	191	83	R	B	CBT	["CBT"]	Sevilla	2027	France	55	80	85	74	74	66	78	63	72	71	78	72	65	55	61	68	62	61	62	81	86	73	60	77	50	78
Juan Luis Sánchez Velasco	21	186	70	R	B	SB	["SB"]	Sevilla	2026	Spain	68	72	68	79	70	70	76	65	81	74	75	70	72	70	72	68	66	61	62	71	70	82	76	74	50	67
Stanis Idumbo Muzambo	19	171	61	R	B	AM	["AM","SM","WF"]	Sevilla	2025	Belgium	67	38	75	73	79	73	65	72	69	73	66	65	65	63	72	68	63	63	62	68	77	69	65	66	50	65
Manuel Bueno Sebastián	20	178	73	L	B	CM	["CM","AM","DM"]	Sevilla	2025	Spain	71	63	68	71	66	71	72	68	73	66	74	69	65	56	72	68	66	61	62	63	66	74	70	69	50	70
Darío Benavides Fuentes	22	178	72	R	B	SB	["SB","CBT"]	Sevilla	2025	Spain	65	65	70	73	66	69	71	65	70	63	71	68	63	63	61	68	62	61	62	71	72	72	71	71	50	61
Alberto Collado López	19	176	70	R	B	CM	["CM"]	Sevilla	2027	Spain	63	57	71	71	69	68	65	66	65	65	70	67	62	54	61	68	58	61	62	61	66	65	65	67	50	66
Alberto Flores López	21	186	80	L	B	GK	["GK"]	Sevilla	2027	Spain	31	71	74	71	62	62	71	62	58	55	61	64	62	64	29	68	43	61	49	55	69	65	42	57	72	60
José Ángel Carmona Navarro	22	183	80	R	B	SB	["SB","SM","WB"]	Sevilla	2025	Spain	76	74	70	78	85	81	78	79	78	81	77	73	75	73	74	70	70	61	77	70	79	78	78	75	50	74
Pablo Rivera Cruz	21	178	68	R	B	CM	["CM"]	Sevilla	2026	Spain	62	57	71	71	68	69	63	67	65	65	68	65	61	54	61	68	59	61	62	61	66	65	63	67	50	65
Diego Hormigo Iturralde	21	182	75	L	B	SB	["SB","CBT"]	Sevilla	2025	Spain	64	65	66	71	70	74	72	67	65	66	70	67	65	64	61	68	59	61	62	65	68	65	68	66	50	60
Ibrahima Sow	17	184	75	R	B	CF	["CF"]	Sevilla	2026	Senegal	67	31	74	71	79	77	63	67	65	70	68	65	61	59	66	68	61	63	62	76	80	65	61	63	50	64
Israel Domínguez Velasco	21	176	64	R	B	WF	["WF","SM"]	Sevilla	2025	Spain	65	37	73	71	74	75	63	68	68	70	68	65	65	65	68	68	60	61	64	61	66	68	63	63	50	64
Jaume Doménech Sánchez	34	185	73	R	B	GK	["GK"]	Valencia	2025	Spain	31	76	78	71	64	64	78	70	58	59	66	69	67	67	34	77	43	61	49	55	74	65	51	71	76	66
Maximiliano Caufriez	27	189	83	R	B	CBT	["CBT"]	Valencia	2025	Belgium	55	77	80	72	66	66	77	62	68	62	73	68	67	62	61	68	62	61	62	74	77	73	61	75	50	74
Cristhian Andrey Mosquera Ibarguen	20	188	79	R	B	CBT	["CBT"]	Valencia	2026	Spain	53	82	78	82	78	82	82	78	65	70	78	74	67	61	61	70	62	61	62	81	89	73	59	81	50	78
Mouctar Diakhaby	28	189	78	R	B	CBT	["CBT"]	Valencia	2027	Guinea	60	80	82	76	68	68	81	68	68	65	76	71	62	51	61	68	61	61	62	82	86	70	65	78	50	77
Enzo Alan Tomás Barrenechea	23	186	81	R	B	CM	["CM","DM"]	Valencia	2025	Argentina	69	65	69	82	66	70	73	70	78	66	82	79	71	66	67	75	72	61	63	61	66	79	71	77	50	71
Hugo Guillamón Sanmartín	24	178	62	R	B	DM	["DM","CM","CBT"]	Valencia	2026	Spain	66	76	74	75	66	66	78	67	71	64	77	71	72	64	65	68	63	63	62	77	78	75	75	77	50	73
Sergi Canós Tenés	27	175	66	R	B	WF	["WF","SM"]	Valencia	2027	Spain	78	63	79	75	74	78	77	78	78	76	78	80	75	79	76	82	74	66	74	62	75	78	77	77	50	78
Javier Guerra Moreno	21	187	77	R	B	CM	["CM","DM"]	Valencia	2027	Spain	80	74	75	79	78	77	79	80	79	78	80	77	74	71	78	74	71	70	64	74	79	79	79	76	50	78
Hugo Duro Perales	25	177	70	L	B	CF	["CF"]	Valencia	2028	Spain	82	49	80	81	78	76	81	75	78	77	76	77	73	76	82	80	76	62	62	83	89	78	81	77	50	77
Domingos André Ribeiro Almeida	24	176	62	R	B	AM	["AM","CF","CM","SS"]	Valencia	2028	Portugal	79	69	73	76	74	79	80	79	82	78	81	80	78	76	66	79	77	83	79	61	68	81	79	75	50	78
Rafael Mir Vicente	27	191	86	R	B	CF	["CF"]	Valencia	2025	Spain	80	49	87	76	82	77	75	74	78	79	78	80	69	78	78	83	77	69	69	83	92	78	75	76	50	76
Thierry Rendall Correia	25	176	69	R	B	SB	["SB"]	Valencia	2026	Portugal	77	75	75	79	93	93	79	86	81	88	79	72	74	70	61	68	66	61	78	67	82	80	79	77	50	75
Stole Dimitrievski Столе Димитриевски	31	188	84	R	B	GK	["GK"]	Valencia	2026	North Macedonia	31	81	82	71	62	62	81	68	58	55	61	67	65	67	40	78	43	61	49	55	78	65	54	72	82	69
José Luis Gayà Peña	29	172	66	L	B	SB	["SB"]	Valencia	2027	Spain	82	79	77	88	85	82	85	83	83	82	83	75	82	75	71	68	71	63	83	68	77	84	85	85	50	81
César Tárrega Requeni	22	193	78	R	B	CBT	["CBT"]	Valencia	2028	Spain	51	77	87	71	68	69	76	66	65	65	72	69	65	60	61	68	62	61	62	79	86	74	56	70	50	68
Diego López Noguerol	22	172	63	R	B	WF	["WF","SM","CF"]	Valencia	2027	Spain	79	45	70	76	82	82	77	80	79	80	78	75	74	73	78	73	73	63	70	68	76	80	77	67	50	72
Daniel Gómez Alcón	26	178	69	R	B	CF	["CF"]	Valencia	2025	Spain	77	49	75	76	78	79	74	77	74	75	73	75	67	71	73	79	72	61	64	72	80	75	74	67	50	71
José Luis García Vayá	26	186	73	R	B	CM	["CM","DM"]	Valencia	2028	Spain	77	77	79	89	73	73	81	73	82	77	86	82	81	78	73	78	77	81	83	70	78	83	79	84	50	79
Dimitri Foulquier	31	183	72	R	B	SB	["SB"]	Valencia	2025	France	77	74	78	80	79	79	76	76	74	76	74	74	75	75	64	75	66	61	70	73	82	74	76	78	50	75
Jesús Vázquez Alcalde	22	172	73	L	B	SB	["SB","SM","WB"]	Valencia	2026	Spain	70	70	67	74	77	74	76	72	72	75	76	73	74	71	61	71	65	61	70	70	74	71	76	71	50	68
Luis Jesús Rioja González	31	176	70	L	B	WF	["WF","SM"]	Valencia	2026	Spain	78	52	74	76	79	83	74	85	82	81	78	79	77	80	79	81	73	74	76	61	66	81	74	67	50	71
Francisco Pérez Martínez	22	176	67	R	B	WF	["WF","SM"]	Valencia	2026	Spain	76	50	69	76	78	79	76	80	79	79	79	75	74	73	73	72	75	70	68	61	66	78	76	67	50	70
Yarek Gąsiorowski Hernandis	20	190	75	L	B	CBT	["CBT","SB"]	Valencia	2025	Spain	64	73	71	76	73	71	76	73	65	67	73	68	67	62	61	68	62	61	62	79	79	71	71	75	50	69
Giorgi Mamardashvili გიორგი მამარდაშვილი	24	199	88	L	B	GK	["GK"]	Valencia	2025	Georgia	31	88	88	72	62	62	88	71	59	55	63	66	66	66	34	76	43	63	49	56	84	66	50	63	87	65
David Otorbi Ejededawe	17	180	75	R	B	WF	["WF","SM"]	Valencia	2026	Spain	68	39	68	71	74	79	67	73	72	74	69	66	69	67	62	68	62	61	62	61	66	69	67	63	50	63
Ali Fadal	21	180	72	R	B	CM	["CM"]	Valencia	2025	Ghana	63	59	68	71	68	66	66	66	66	65	73	68	65	60	61	68	63	61	62	68	66	71	66	67	50	66
Germán Valera Karabinaite	22	170	68	L	B	WF	["WF","SM"]	Valencia	2028	Spain	72	36	74	71	88	83	71	83	76	82	70	69	69	69	73	70	63	61	67	61	66	74	71	63	50	68
Rubén Iranzo Lendínez	21	182	69	R	B	CBT	["CBT","SB"]	Valencia	2025	Spain	62	66	70	71	66	66	72	65	65	60	71	68	66	64	61	68	59	61	62	73	71	66	64	71	50	66
Martín Tejón Fauli	20	165	60	R	B	AM	["AM","SM","WF"]	Valencia	2026	Spain	68	47	68	71	66	66	65	70	68	65	74	70	68	65	67	68	67	65	62	61	66	68	65	63	50	68
Raúl Jiménez Latorre	18	186	78	R	B	GK	["GK"]	Valencia	2025	Spain	31	68	71	71	62	62	68	60	58	55	61	63	61	63	31	66	43	61	49	55	66	65	34	47	68	54
Mario Dominguez Franco	20	175	67	R	B	CF	["CF"]	Valencia	2025	Spain	67	35	70	71	72	74	63	71	72	71	66	64	58	57	71	68	64	61	62	67	66	72	60	63	50	63
Marco Camús Muñoz	23	183	73	L	B	WF	["WF","SM"]	Valencia	2025	Spain	66	40	68	71	74	72	63	73	71	72	69	67	66	65	68	68	61	63	64	61	66	70	60	67	50	67
Iker Córdoba Sánchez	19	190	78	L	B	CBT	["CBT"]	Valencia	2026	Spain	46	64	69	71	67	68	65	62	65	64	68	66	60	50	61	68	58	61	62	71	73	65	45	64	50	57
Rodrigo Abajas Martín	21	186	78	L	B	SB	["SB"]	Valencia	2026	Spain	62	66	68	71	79	81	69	70	65	71	65	64	63	61	61	68	58	61	62	61	67	65	63	68	50	60
Luiz Lúcio Reis Júnior	24	194	88	R	B	GK	["GK"]	Villarreal	2030	Brazil	31	80	83	71	62	62	81	66	58	55	61	66	63	66	32	74	43	61	49	55	76	65	49	65	79	67
Logan Evans Costa	23	190	91	R	B	CBT	["CBT"]	Villarreal	2030	Cabo Verde	52	80	83	77	66	66	78	62	73	67	77	71	69	63	61	68	62	61	62	81	85	73	57	77	50	78
Raúl Albiol Tortajada	39	190	82	R	B	CBT	["CBT"]	Villarreal	2025	Spain	55	86	81	72	66	66	83	62	74	61	80	74	69	59	63	70	64	63	62	81	76	78	60	77	50	82
Eric Bertrand Bailly	30	187	77	R	B	CBT	["CBT"]	Villarreal	2025	Côte d'Ivoire	60	80	83	71	75	69	81	68	73	73	75	69	66	59	62	68	62	62	62	78	84	74	65	76	50	82
Willy Kambwala Ndengushi	20	192	85	R	B	CBT	["CBT"]	Villarreal	2029	France	56	74	81	71	76	74	75	72	67	70	71	68	64	59	61	68	60	61	62	73	81	68	60	71	50	73
Denis Suárez Fernández	31	176	66	R	B	CM	["CM","SM","AM"]	Villarreal	2026	Spain	79	70	73	71	66	72	81	76	82	70	82	79	81	78	76	78	76	76	83	62	66	83	81	65	50	74
Gerard Moreno Balagueró	32	180	77	L	B	CF	["CF","WF","SM","AM","SS"]	Villarreal	2027	Spain	86	50	77	82	80	80	85	80	86	83	83	83	81	82	90	85	84	71	80	85	89	85	85	76	50	80
Juan Marcos Foyth	27	187	83	R	B	SB	["SB"]	Villarreal	2026	Argentina	69	81	80	75	74	74	83	74	77	74	82	74	76	70	61	68	64	61	67	81	86	79	81	78	50	73
Daniel Parejo Muñoz	35	182	74	R	B	CM	["CM","DM"]	Villarreal	2026	Spain	81	76	76	78	66	66	83	66	85	69	90	87	89	85	83	83	83	91	90	72	72	88	81	76	50	82
Ilias Akhomach Chakkour إلياس أخوماش	20	175	70	L	B	WF	["WF","SM"]	Villarreal	2026	Morocco	76	37	71	75	81	83	76	83	81	81	77	76	71	76	78	76	73	71	73	61	66	81	76	68	50	71
Juan Bernat Velasco	31	170	67	L	B	SB	["SB"]	Villarreal	2025	Spain	82	76	78	71	74	74	83	78	83	78	83	78	80	78	71	74	72	63	81	66	67	83	83	74	50	81
Diego José Conde Alcolado	26	188	78	R	B	GK	["GK"]	Villarreal	2029	Spain	31	79	79	71	62	62	82	71	58	55	61	65	63	65	34	73	43	61	49	55	76	65	51	68	79	67
Santiago Comesaña Veiga	28	184	75	R	B	CM	["CM","DM"]	Villarreal	2027	Spain	77	78	79	80	66	66	81	66	79	71	82	78	71	65	78	74	71	65	62	73	76	80	81	78	50	75
Thierno Barry	22	195	82	R	B	CF	["CF","WF","SM"]	Villarreal	2029	France	76	31	79	73	85	81	73	81	75	80	71	74	59	67	78	78	71	61	62	74	84	74	73	67	50	67
Alejandro Baena Rodríguez	23	175	70	R	B	SM	["SM","CF","CM"]	Villarreal	2028	Spain	83	69	71	80	80	81	83	81	84	82	85	83	83	82	79	80	79	83	81	67	75	84	83	79	50	82
Francisco Femenía Far	33	174	61	R	B	SB	["SB","SM","WB"]	Villarreal	2025	Spain	71	75	70	78	74	75	78	75	74	72	78	72	73	71	63	68	68	65	68	68	74	75	76	77	50	73
Pape Alassane Gueye	25	189	79	L	B	CM	["CM","DM"]	Villarreal	2028	Senegal	76	75	81	78	67	66	81	63	78	71	82	79	74	71	66	77	68	61	62	69	75	80	79	78	50	78
Nicolas Pépé	29	183	73	L	B	WF	["WF","SM","CF"]	Villarreal	2026	Côte d'Ivoire	81	44	79	76	89	89	82	90	84	87	81	82	77	82	80	85	78	83	84	67	83	83	82	67	50	74
Ramón Terrats Espacio	24	181	71	L	B	CM	["CM","DM"]	Villarreal	2026	Spain	77	73	75	78	66	66	78	68	78	71	82	75	72	65	74	68	68	61	62	71	75	80	78	77	50	77
Yéremy Jesús Pino Santos	22	172	65	R	B	WF	["WF","SM"]	Villarreal	2027	Spain	82	45	74	76	80	81	81	82	84	82	82	79	80	79	83	77	76	69	77	62	66	83	81	70	50	76
Ayoze Pérez Gutiérrez	31	178	66	R	B	WF	["WF","SM","CF","AM","SS"]	Villarreal	2028	Spain	85	64	75	78	79	83	84	83	87	83	85	81	82	81	84	79	79	70	79	81	83	86	84	79	50	84
Sergi Cardona Bermúdez	25	185	77	L	B	SB	["SB"]	Villarreal	2027	Spain	69	75	76	86	83	86	80	81	77	79	76	77	72	77	61	79	65	61	67	72	84	78	77	81	50	72
Alfonso Pedraza Sag	28	184	73	L	B	SB	["SB"]	Villarreal	2026	Spain	80	76	77	76	80	83	79	81	80	80	78	79	77	80	77	81	74	66	78	73	83	80	79	76	50	77
Pau Navarro Badenes	19	185	72	R	B	CBT	["CBT","CM","DM"]	Villarreal	2027	Spain	63	65	66	71	67	67	71	66	65	64	61	62	58	54	61	68	57	61	62	69	68	65	68	68	50	63
Arnau Solà Mateu	21	179	73	L	B	SB	["SB","SM","WB"]	Villarreal	2025	Spain	65	67	69	71	66	72	73	68	66	64	70	67	64	65	61	68	60	61	62	71	72	68	73	66	50	59
Iker Álvarez de Eulate Molne	23	190	78	R	B	GK	["GK"]	Villarreal	2026	Andorra	31	74	77	71	62	62	74	64	58	55	61	65	63	65	31	72	43	61	49	55	70	65	43	66	73	66
Pau Cabanes De La Torre	19	179	71	R	B	CF	["CF","WF","SM"]	Villarreal	2026	Spain	63	31	69	71	73	75	63	76	72	71	63	63	62	64	66	68	63	61	62	63	67	71	60	64	50	62
Alex Quevedo Barber	20	191	79	L	B	GK	["GK"]	Villarreal	2028	Spain	31	70	75	71	62	62	66	62	58	55	61	66	63	66	33	74	43	61	49	55	69	65	43	55	72	58
Lucas Moura Alviano	20	187	83	L	B	GK	["GK"]	AVS	2025	Brazil	31	69	72	71	62	62	75	60	58	55	61	61	60	61	30	66	43	61	49	55	67	65	40	56	69	57
Fernando Manuel Ferreira Fonseca	27	182	75	R	B	SB	["SB","CBT"]	AVS	2025	Portugal	71	66	73	78	76	73	71	70	72	73	69	66	68	65	61	68	62	61	66	68	74	73	71	76	50	70
Rafael Vela Rodrigues	22	183	77	L	B	SB	["SB","SM","WB"]	AVS	2025	Portugal	69	61	70	77	73	77	69	77	74	73	70	67	69	67	61	68	62	70	66	61	67	74	69	72	50	68
Ignacio Rodríguez Elduayen	21	188	82	R	B	CBT	["CBT"]	AVS	2025	Uruguay	47	78	87	71	67	66	71	62	65	64	61	62	58	48	61	68	55	61	62	77	79	65	49	72	50	68
Jorge Filipe Avelino Teixeira	38	188	89	R	B	CBT	["CBT"]	AVS	2025	Portugal	59	72	82	71	66	66	71	62	65	60	68	65	64	60	61	68	59	66	62	72	71	66	61	71	50	74
Baptiste Roux	25	190	79	L	B	CBT	["CBT","DM","CM"]	AVS	2026	France	64	70	79	71	67	66	72	65	67	64	73	69	63	56	61	68	62	61	62	74	77	72	69	71	50	68
Luís Manuel Costa Silva	32	185	75	L	B	CM	["CM","DM"]	AVS	2025	Portugal	73	65	74	80	66	66	69	65	77	68	79	79	75	75	73	79	68	68	72	66	71	77	69	80	50	77
Giorgi Aburjania	30	186	75	R	B	CM	["CM","DM"]	AVS	2025	Georgia	72	66	75	76	66	66	75	66	74	67	74	71	72	70	71	70	66	73	72	66	76	74	72	78	50	75
Issiaka Kamate	20	186	77	L	B	WF	["WF","SM","CF"]	AVS	2025	France	71	63	70	81	79	80	68	77	73	75	69	66	62	61	74	68	64	61	62	61	68	73	68	79	50	72
Vasco Rafael Fortes Lopes	25	188	76	L	B	WF	["WF","SM"]	AVS	2025	Cabo Verde	70	38	66	71	85	82	63	84	78	82	73	72	68	70	71	73	67	61	62	61	69	76	62	65	50	68
Babatunde Jimoh Akinsola	21	175	68	L	B	WF	["WF","SM","CF"]	AVS	2027	Nigeria	71	38	74	71	83	84	70	84	75	79	70	73	69	73	73	78	63	61	62	61	66	75	70	66	50	67
Gustavo Enrique Giordano Amaro Assunção da Silva	24	178	70	R	B	DM	["DM","CM"]	AVS	2025	Brazil	69	70	70	80	68	71	76	74	76	71	76	74	67	65	64	73	68	71	64	64	67	76	76	78	50	71
Francisco Guillermo Ochoa Magaña	39	185	78	R	B	GK	["GK"]	AVS	2025	Mexico	31	82	78	72	62	62	82	71	59	55	63	65	64	65	36	71	43	63	49	56	77	66	51	73	79	70
Gustavo Lucas Domingues Piazón	31	182	73	R	B	AM	["AM","WF","SM","CM"]	AVS	2025	Brazil	77	38	68	71	73	73	78	74	77	74	76	78	76	78	75	81	74	78	78	63	67	76	78	65	50	72
Jaume Grau Ciscar	27	182	67	L	B	CM	["CM"]	AVS	2026	Spain	70	69	75	80	71	68	74	67	72	70	74	71	73	71	66	70	65	61	62	67	74	72	72	77	50	71
Yair Mena Palacios	24	176	67	R	B	WF	["WF","SM"]	AVS	2025	Colombia	68	34	68	71	78	79	65	75	74	76	68	66	67	64	67	68	62	61	62	61	66	73	65	63	50	66
John Anthony Mercado Cuero	22	186	74	L	B	WF	["WF","SM"]	AVS	2027	Ecuador	72	34	66	75	88	89	63	85	80	84	71	71	67	69	71	72	67	61	69	61	68	79	61	69	50	72
Rodrigo Duarte Ribeiro	19	185	72	R	B	CF	["CF","AM","WF","SM","SS"]	AVS	2025	Portugal	75	31	74	71	77	73	75	72	77	76	71	70	63	63	76	70	67	61	62	75	77	78	75	63	50	71
Leandro Santos do Nascimento	25	183	73	R	B	SB	["SB","SM","WB"]	AVS	2026	Brazil	62	69	68	76	79	77	67	77	68	72	69	66	65	62	61	68	60	61	63	63	66	68	65	69	50	61
Gustavo Pinto Mendonça	21	178	72	R	B	CM	["CM","DM"]	AVS	2025	Portugal	67	69	74	81	76	79	76	74	70	70	77	71	66	58	61	68	62	61	62	66	77	73	74	80	50	73
Christian Neiva Afonso	30	181	76	L	B	SB	["SB","CBT","SM","WB"]	AVS	2026	Portugal	70	70	73	78	86	85	76	77	69	76	71	68	71	68	61	68	61	61	69	67	79	70	73	74	50	67
Eric Veiga	27	183	72	L	B	SB	["SB","SM","DM","WB"]	AVS	2025	Luxembourg	67	67	67	71	71	75	68	71	72	72	73	68	71	66	61	68	61	61	62	64	70	71	68	69	50	68
José Luís Mendes Andrade	33	184	80	L	B	CF	["CF"]	AVS	2025	Cabo Verde	78	40	76	71	69	69	76	68	76	71	71	74	58	66	76	79	75	64	71	81	84	77	76	72	50	77
Cristian David Castro Devenish	23	192	84	R	B	CBT	["CBT"]	AVS	2026	Colombia	51	75	84	71	66	66	73	62	65	61	70	67	59	52	61	68	58	61	62	72	76	65	56	71	50	68
Jonatan Lucca	30	184	77	L	B	CM	["CM","DM"]	AVS	2027	Brazil	66	69	79	84	73	74	75	68	72	70	75	73	72	70	63	73	64	74	69	62	74	73	75	81	50	72
Samuel Salustiano de Jesus Silva	24	185	68	R	B	CF	["CF","WF","SM"]	AVS	2025	Brazil	72	31	67	71	66	67	68	65	72	66	62	66	58	58	73	74	64	61	62	76	68	71	68	63	50	65
Pedro José da Silva Trigueira	37	192	84	R	B	GK	["GK"]	AVS	2025	Portugal	31	73	79	71	62	62	71	64	58	55	61	65	63	65	36	71	43	61	49	55	70	65	52	65	72	62
Simão Verza Bertelli	31	187	83	R	B	GK	["GK"]	AVS	2026	Brazil	31	73	76	71	62	62	73	63	58	55	61	64	62	64	32	69	43	61	49	55	70	65	42	60	73	59
João Nuno Figueiredo Valido	24	185	77	R	B	GK	["GK"]	Arouca	2027	Portugal	31	71	74	71	62	62	71	62	58	55	61	65	63	65	31	71	43	61	49	55	68	65	46	59	71	62
Morlaye Sylla	26	170	67	R	B	SM	["SM","CM"]	Arouca	2025	Guinea	76	62	75	83	83	85	73	80	80	82	77	79	72	75	67	81	72	72	67	68	77	79	73	75	50	72
José Manuel Fontán Mondragón	24	183	76	L	B	CBT	["CBT","SB"]	Arouca	2027	Spain	64	70	67	71	66	69	72	68	71	65	76	70	67	64	61	68	63	61	66	77	76	75	69	73	50	69
Matías Emiliano Rocha Calderón	23	183	75	R	B	CBT	["CBT","SB"]	Arouca	2027	Uruguay	66	70	81	71	71	66	71	68	65	66	69	66	65	60	61	68	60	61	62	70	76	67	71	71	50	67
David Martins Simão	34	183	74	L	B	CM	["CM","DM"]	Arouca	2025	Portugal	78	73	72	79	71	68	78	73	77	73	81	80	76	76	73	80	75	78	75	67	72	79	78	79	50	80
Mateus Quaresma Correia	28	181	76	L	B	SB	["SB"]	Arouca	2025	Brazil	65	68	77	78	73	76	75	70	74	73	74	69	74	69	61	68	62	61	62	63	75	73	72	74	50	62
Ivo Tiago dos Santos Rodrigues	29	180	76	R	B	AM	["AM","CM","SM"]	Arouca	2026	Portugal	74	60	71	77	73	79	76	79	79	76	77	75	73	73	74	74	75	71	76	61	77	80	76	75	50	74
Jules Christ Kouassi Eboue	27	185	67	R	B	DM	["DM","CM"]	Arouca	2025	Côte d'Ivoire	65	69	74	71	71	69	76	71	69	68	74	69	66	56	61	68	62	61	62	70	74	71	71	74	50	70
Vladislav Morozov Морозов Владислав Владимирович	24	188	84	L	B	CF	["CF"]	Arouca	2027	Belarus	69	33	79	76	79	77	63	71	71	74	61	66	58	56	76	74	63	61	62	79	88	72	62	72	50	70
David Remeseiro Salgueiro	30	178	65	R	B	WF	["WF","SM"]	Arouca	2025	Spain	76	52	74	72	76	78	73	79	80	78	76	76	76	77	76	79	77	79	75	70	76	79	73	71	50	75
Miguel Puche García	23	179	73	R	B	CF	["CF","SM","WF"]	Arouca	2026	Spain	70	48	70	71	78	76	70	74	72	75	71	70	68	69	70	70	68	61	62	66	74	71	70	65	50	68
Thiago Rodrigues da Silva	28	185	75	R	B	GK	["GK"]	Arouca	2026	Brazil	31	74	75	71	62	62	74	62	58	55	61	66	64	66	32	74	43	61	49	55	70	65	51	62	72	67
Boris Popović Борис Поповић	24	189	75	R	B	CBT	["CBT"]	Arouca	2025	Serbia	51	74	84	71	66	66	73	66	65	62	70	67	63	60	61	68	60	61	62	75	79	68	56	72	50	70
Oriol Busquets Mas	26	185	77	R	B	DM	["DM","CM","CBT"]	Arouca	2025	Spain	65	67	74	73	66	66	73	63	70	62	76	71	69	62	61	68	62	61	62	71	67	72	71	72	50	70
Alfonso Trezza Hernández	25	166	59	R	B	WF	["WF","SM","CF"]	Arouca	2027	Uruguay	72	51	79	90	93	91	79	91	72	82	69	68	68	71	67	69	65	61	62	61	66	71	79	82	50	70
Pedro Manuel da Silva Moreira	35	182	76	R	B	CM	["CM","DM"]	Arouca	2025	Portugal	72	65	74	73	66	66	72	65	70	62	73	72	66	65	71	72	66	61	72	68	66	71	72	73	50	73
Taichi Fukui 福井 太智	20	172	65	R	B	CM	["CM","AM","DM"]	Arouca	2025	Japan	72	59	76	71	79	81	71	85	78	78	77	71	71	62	61	68	65	61	62	61	66	78	71	67	50	72
Pablo Gozálbez Gilabert	23	170	65	R	B	AM	["AM","SM","WF"]	Arouca	2027	Spain	71	54	72	71	66	68	70	69	77	68	76	73	71	70	72	72	70	72	69	65	66	77	70	66	50	69
Weverson Moreira da Costa	24	185	69	L	B	SB	["SB","SM","WB"]	Arouca	2025	Brazil	69	70	69	79	84	84	75	82	69	75	76	71	72	70	64	68	62	61	62	68	76	70	71	72	50	67
Amadou Dante	24	179	70	L	B	SB	["SB"]	Arouca	2025	Mali	67	66	74	83	84	85	71	85	72	77	68	66	66	62	61	68	62	61	62	68	79	72	71	79	50	69
Tiago Alexandre de Sousa Esgaio	29	175	72	R	B	SB	["SB","SM","WB"]	Arouca	2027	Portugal	72	73	73	83	74	75	74	73	77	74	75	73	76	74	61	72	66	71	73	68	76	77	73	78	50	72
Mamadou Loum N'Diaye	28	188	80	R	B	CBT	["CBT","CM","DM"]	Arouca	2027	Senegal	64	68	85	76	66	66	73	62	71	64	73	76	64	65	61	79	65	61	67	74	74	70	71	78	50	71
Henrique Pereira Araújo	23	182	78	R	B	CF	["CF"]	Arouca	2025	Portugal	76	34	79	73	73	76	76	67	73	72	70	71	60	65	72	74	70	61	74	74	82	74	76	71	50	71
Victor Gabriel Moura de Oliveira	25	175	68	R	B	CM	["CM","DM","SM"]	Arouca	2025	Brazil	72	56	73	71	71	69	70	72	72	71	73	73	67	68	70	74	69	64	68	66	68	71	70	64	50	69
Nino Galović	32	186	80	R	B	CBT	["CBT"]	Arouca	2025	Croatia	57	73	83	73	70	66	73	62	68	67	73	69	74	68	61	68	61	61	62	73	77	70	62	73	50	72
Güven Yalçın	26	184	77	R	B	CF	["CF","SM","WF"]	Arouca	2025	Türkiye	72	31	73	71	79	83	71	79	77	78	72	76	66	74	75	81	76	65	66	73	81	77	71	65	50	68
Nico Alexander Mantl	24	193	88	R	B	GK	["GK"]	Arouca	2028	Germany	31	74	80	71	62	62	76	64	58	55	61	65	63	65	31	71	43	61	49	55	72	65	42	60	75	59
Chico Faria Camará Lamba	21	190	84	R	B	CBT	["CBT"]	Arouca	2027	Portugal	50	73	78	74	72	69	71	64	68	68	71	68	66	52	64	68	61	61	62	73	78	71	54	73	50	70
Carlos Alexandre Reis Pinto	26	187	79	R	B	SB	["SB"]	Arouca	2026	Portugal	69	68	80	79	80	76	75	68	72	74	68	66	66	65	61	68	62	61	67	68	80	73	74	80	50	67
Pedro Carvalho Santos	24	174	61	R	B	CM	["CM","AM","DM"]	Arouca	2028	Portugal	73	73	76	83	78	75	76	77	74	75	78	72	71	65	63	68	65	71	62	61	69	75	71	81	50	76
Anatolii Trubin Трубін Анатолій Володимирович	23	199	86	R	B	GK	["GK"]	Benfica	2028	Ukraine	31	81	86	71	62	62	84	65	58	55	61	68	65	69	32	80	43	61	49	55	75	65	47	68	78	69
Álvaro Fernández Carreras	21	186	78	L	B	SB	["SB","SM","WB"]	Benfica	2029	Spain	79	70	73	84	85	82	80	81	80	82	80	77	79	76	68	74	66	61	79	65	77	81	80	81	50	78
António João Pereira de Albuquerque Tavares da Silva	21	187	82	R	B	CBT	["CBT"]	Benfica	2027	Portugal	56	84	85	85	84	81	83	72	77	79	81	73	69	60	62	68	64	62	62	81	85	78	63	81	50	79
Alexander Hartmann Bah	27	183	75	R	B	SB	["SB"]	Benfica	2027	Denmark	78	74	81	87	93	90	82	85	79	86	76	79	77	81	68	84	70	71	79	76	85	78	81	86	50	81
Mohamed Zeki Amdouni	24	185	79	R	B	CF	["CF","AM","SS"]	Benfica	2025	Switzerland	79	49	77	77	74	73	78	75	80	77	78	78	70	71	79	78	76	68	68	72	78	81	78	72	50	76
Fredrik Aursnes	29	179	71	R	B	CM	["CM","SM","SB","WB"]	Benfica	2027	Norway	84	76	80	92	79	77	85	80	83	79	83	78	82	76	76	74	74	71	76	73	81	85	85	88	50	83
Arthur Mendonça Cabral	26	186	82	R	B	CF	["CF"]	Benfica	2028	Brazil	80	37	89	78	78	72	78	74	79	77	78	79	63	69	83	81	80	61	68	81	90	81	78	74	50	75
Orkun Kökçü	24	175	72	R	B	CM	["CM","AM"]	Benfica	2028	Türkiye	82	72	80	86	74	79	82	80	85	77	87	85	85	82	78	84	83	85	85	63	71	88	82	84	50	84
Ángel Fabián Di María Hernández	36	180	69	L	B	WF	["WF","SM","AM"]	Benfica	2025	Argentina	83	52	72	76	78	81	82	85	91	84	88	86	85	84	81	85	87	90	93	65	74	91	82	77	50	84
Vangelis Pavlidis Βαγγέλης Παυλίδης	26	186	78	R	B	CF	["CF"]	Benfica	2029	Greece	83	51	84	87	79	79	82	77	80	79	78	82	71	74	86	85	81	64	73	81	85	81	82	84	50	79
Muhammed Kerem Aktürkoğlu	26	173	68	R	B	WF	["WF","SM"]	Benfica	2029	Türkiye	84	40	74	87	86	90	83	90	80	85	78	77	74	75	79	76	73	81	80	63	68	77	83	73	50	76
Leandro Barreiro Martins	25	174	67	R	B	CM	["CM","DM"]	Benfica	2029	Luxembourg	78	75	79	88	74	79	83	85	82	77	82	74	71	64	73	68	70	62	68	63	66	82	81	84	50	79
Andreas Rædergård Schjelderup	20	176	69	R	B	WF	["WF","SM","CF","AM","SS"]	Benfica	2028	Norway	75	43	77	73	77	85	75	86	79	79	74	72	67	69	75	71	69	72	71	61	66	78	75	66	50	71
Samuel Jumpe Soares	22	190	94	R	B	GK	["GK"]	Benfica	2027	Portugal	31	73	80	71	63	66	77	68	58	58	65	70	69	70	32	82	43	61	49	55	74	65	45	57	73	67
Gianluca Prestianni Gross	18	166	63	R	B	WF	["WF","SM","AM"]	Benfica	2029	Argentina	73	48	80	71	85	92	76	93	81	84	69	67	65	65	69	68	68	61	62	61	66	81	76	72	50	72
Issa Kaboré	23	180	72	R	B	SB	["SB","SM","WB"]	Benfica	2025	Burkina Faso	73	68	77	78	89	89	78	85	76	82	75	70	71	67	61	68	63	61	62	68	83	76	78	79	50	74
Nicolás Hernán Gonzalo Otamendi	36	183	78	R	B	CBT	["CBT"]	Benfica	2025	Argentina	64	87	84	85	69	66	87	65	69	65	79	75	71	66	66	74	66	63	62	83	89	74	69	88	50	87
Benjamín Rollheiser	24	175	66	L	B	AM	["AM","SM","WF"]	Benfica	2029	Argentina	78	53	75	82	85	86	76	86	80	83	80	79	72	73	78	79	77	76	75	70	77	79	76	76	50	75
Jan-Niklas Beste	26	175	66	L	B	SM	["SM","SB","WB"]	Benfica	2029	Germany	75	65	75	87	79	83	73	84	80	80	79	79	84	85	78	80	71	88	90	61	66	79	73	78	50	75
Tomás Lemos Araújo	22	187	81	R	B	CBT	["CBT"]	Benfica	2028	Portugal	56	79	84	81	83	81	81	73	78	79	81	74	72	61	61	68	64	61	62	77	90	79	62	79	50	78
Tiago Maria Antunes Gouveia	23	176	73	R	B	WF	["WF","SM"]	Benfica	2028	Portugal	73	44	71	85	86	88	74	86	80	83	74	72	72	72	76	72	73	61	70	61	66	79	74	77	50	74
Florentino Ibrain Morris Luís	25	184	76	R	B	DM	["DM","CM"]	Benfica	2027	Portugal	76	80	80	84	66	66	85	71	78	69	82	76	69	60	61	70	66	61	62	73	76	78	80	83	50	76
André Nogueira Gomes	20	182	80	L	B	GK	["GK"]	Benfica	2028	Portugal	31	72	73	71	62	62	73	65	58	55	61	63	62	63	34	67	43	61	49	55	69	65	44	60	71	64
Adrian Bajrami	22	188	80	L	B	CBT	["CBT"]	Benfica	2026	Albania	52	75	74	71	66	66	77	62	65	63	65	64	58	48	61	68	60	61	62	70	73	67	58	71	50	66
João Pedro Seno Luís Rêgo	19	182	64	R	B	AM	["AM","SM","WF"]	Benfica	2028	Portugal	66	61	68	71	72	69	70	71	77	73	73	69	68	65	63	68	66	61	63	61	66	78	70	68	50	68
Renato Júnior Luz Sanches	27	176	70	R	B	CM	["CM","DM"]	Benfica	2025	Portugal	81	73	85	78	79	82	81	82	84	81	84	85	81	82	70	87	78	76	74	71	84	84	81	83	50	84
César Bernardo Dutra	32	192	73	R	B	GK	["GK"]	Boavista	2026	Brazil	31	72	77	71	62	62	73	61	58	55	61	64	62	64	37	68	43	61	49	55	68	65	46	55	71	55
Ibrahima Camará	25	190	78	R	B	DM	["DM","CM"]	Boavista	2026	Guinea	64	68	79	72	66	66	74	62	72	65	75	71	67	65	61	69	62	66	64	70	76	74	71	75	50	71
Salvador José Milhazes Agra	33	166	69	R	B	WF	["WF","SM"]	Boavista	2025	Portugal	73	64	80	78	86	89	71	90	77	82	76	76	73	76	73	79	72	76	74	61	68	76	71	78	50	77
Róbert Boženík	25	188	80	R	B	CF	["CF"]	Boavista	2026	Slovakia	77	40	79	78	78	78	75	74	74	74	74	76	68	71	78	80	72	61	65	75	84	76	75	77	50	75
Miguel Silva Reisinho	25	184	76	R	B	AM	["AM","CM"]	Boavista	2025	Portugal	76	68	78	80	75	74	78	77	77	75	78	78	70	69	72	79	70	61	65	71	79	78	78	76	50	75
Luís Henrique Moraes Pires	20	188	78	R	B	GK	["GK"]	Boavista	2025	Brazil	31	69	75	71	62	62	68	59	58	55	61	62	61	62	33	66	43	61	49	55	65	65	45	58	68	60
Pedro Injai Gomes	21	185	75	R	B	CBT	["CBT","SB"]	Boavista	2025	Portugal	64	67	81	71	67	71	69	64	65	64	67	65	59	54	61	68	61	61	62	70	79	69	69	73	50	63
Joel Filipe Organista da Silva	21	185	80	R	B	CM	["CM","SM"]	Boavista	2027	Portugal	76	66	70	78	78	76	78	75	75	75	77	76	65	65	66	75	67	61	62	61	66	77	78	76	50	74
Manuel Maria de Melo Machado Cerejeira Namora	26	180	73	L	B	CF	["CF"]	Boavista	2026	Portugal	70	34	70	71	72	73	68	68	71	70	67	68	58	62	73	72	70	72	65	73	74	72	68	63	50	66
Ilija Vukotić	26	191	78	L	B	CM	["CM","DM"]	Boavista	2025	Montenegro	72	69	78	74	70	66	75	64	75	71	76	74	73	70	63	72	66	71	76	74	76	76	75	75	50	73
Filipe Miguel Neves Ferreira	34	178	70	L	B	SB	["SB","CBT"]	Boavista	2025	Portugal	69	71	75	73	73	68	72	68	73	71	73	72	72	74	61	73	64	66	71	67	72	75	72	73	50	69
Tiago André Rajão Machado	20	185	82	L	B	CF	["CF"]	Boavista	2028	Portugal	68	32	76	71	72	73	69	67	69	69	64	63	58	57	69	68	63	61	62	68	77	70	69	63	50	63
Sebastián Pérez Cardona	31	175	72	R	B	DM	["DM","CM"]	Boavista	2025	Colombia	75	71	73	81	73	71	77	70	76	73	76	74	67	63	68	72	73	61	62	61	66	77	74	82	50	76
Augusto Júlio Dabó	21	186	77	L	B	SB	["SB"]	Boavista	2026	Guinea-Bissau	64	59	71	71	79	78	69	70	68	74	61	62	62	62	61	68	59	61	62	61	66	66	69	66	50	61
Rodrigo Abascal Barros	31	186	82	L	B	CBT	["CBT"]	Boavista	2025	Uruguay	57	79	84	76	73	66	74	64	67	67	71	68	67	59	61	68	61	61	62	75	79	70	62	79	50	74
Gonçalo Miguel Cardoso Almeida	21	181	65	R	B	SB	["SB"]	Boavista	2025	Portugal	64	60	69	71	76	79	71	69	72	72	61	62	63	64	61	68	62	61	62	61	66	73	71	67	50	61
Sopuruchukwu Bruno Onyemaechi	25	183	80	L	B	SB	["SB","SM","CBT","WB"]	Boavista	2025	Nigeria	65	73	80	76	84	83	75	74	72	77	74	71	66	68	61	70	64	61	65	66	82	71	73	72	50	63
João Ferreira Barros	19	174	70	R	B	CF	["CF"]	Boavista	2026	Portugal	67	31	69	71	69	68	65	65	67	65	61	63	58	59	72	68	63	61	62	71	67	68	65	63	50	64
Alexandre Magalhães Marques	19	186	65	R	B	CBT	["CBT"]	Boavista	2026	Portugal	50	66	66	71	66	66	70	62	65	62	61	62	58	49	61	68	52	61	62	62	66	65	54	67	50	61
Tomás Vaz Silva	18	180	70	L	B	SB	["SB","CM"]	Boavista	2027	Portugal	65	60	69	71	71	74	65	68	66	69	66	65	63	62	61	68	57	61	62	61	66	65	65	67	50	65
Tomé de Castro Sousa	18	190	82	R	B	GK	["GK"]	Boavista	2028	Portugal	31	69	75	71	62	62	74	60	58	55	61	64	62	64	29	68	43	61	49	55	66	65	42	57	68	58
Marco António Martins Ribeiro	19	188	80	R	B	CM	["CM"]	Boavista	2027	Portugal	66	61	72	71	66	67	72	62	69	64	73	69	65	58	61	68	61	61	62	61	66	71	72	69	50	67
João Pedro Oliveira Gonçalves	24	188	80	R	B	GK	["GK"]	Boavista	2027	Portugal	31	76	77	71	62	62	77	64	58	55	61	65	63	65	31	73	43	61	49	55	72	65	46	62	76	62
Patrick Gilmar Sequeira Mejías	25	190	84	R	B	GK	["GK"]	Casa Pia	2027	Costa Rica	31	75	76	71	62	62	73	66	58	55	61	65	63	65	30	72	43	61	49	55	74	65	45	64	77	65
Duplexe Tchamba Bangou	26	191	79	L	B	CBT	["CBT"]	Casa Pia	2026	Cameroon	52	74	84	75	76	70	75	65	65	69	68	65	62	54	61	68	59	61	62	73	88	66	55	78	50	73
Ruben Caine Kluivert	23	178	73	R	B	CBT	["CBT"]	Casa Pia	2027	Netherlands	50	72	72	71	78	73	72	71	65	70	68	65	58	54	61	68	60	61	62	71	74	68	54	68	50	68
João Pedro Goulart da Silva	24	191	88	R	B	CBT	["CBT"]	Casa Pia	2027	Portugal	49	76	84	71	66	66	72	62	65	60	66	64	58	53	61	68	61	61	62	69	74	69	51	75	50	70
Leonardo Filipe da Cruz Lelo	24	175	70	L	B	SM	["SM","SB","WB"]	Casa Pia	2025	Portugal	77	70	73	90	85	85	78	82	78	80	72	68	71	67	68	68	68	61	63	66	77	78	78	82	50	75
José Miguel da Rocha Fonte	41	191	81	R	B	CBT	["CBT"]	Casa Pia	2025	Portugal	59	79	85	78	66	66	78	62	72	62	78	72	67	60	61	68	62	61	62	83	79	74	62	79	50	78
Nuno Gonçalo Rocha Moreira	25	175	66	L	B	WF	["WF","SM"]	Casa Pia	2026	Portugal	77	41	73	71	78	76	79	74	78	77	76	75	73	74	75	76	69	63	68	61	66	78	79	64	50	71
Telasco José Segovia Pérez	21	180	73	R	B	CM	["CM"]	Casa Pia	2026	Venezuela	73	56	68	74	68	74	77	71	74	70	75	70	71	66	61	68	64	61	62	61	66	76	77	72	50	70
Max Svensson Río	23	182	75	R	B	CF	["CF","SM","WF"]	Casa Pia	2027	Spain	71	48	70	80	79	82	70	81	72	75	71	73	64	70	71	78	69	71	68	69	79	72	70	74	50	69
Raúl Blanco Juncal	23	174	65	L	B	WF	["WF","SM"]	Casa Pia	2027	Spain	68	52	74	71	77	74	71	68	74	74	68	67	63	62	73	68	68	66	65	61	66	76	71	63	50	65
Tiago Daniel Rodrigues Dias	26	175	65	L	B	WF	["WF","SM"]	Casa Pia	2027	Portugal	70	58	74	74	75	77	68	77	73	73	71	69	72	71	64	69	67	66	73	61	66	73	68	66	50	66
Fahem Benaissa-Yahia	22	188	82	L	B	SB	["SB","SM","WB"]	Casa Pia	2026	France	62	63	69	71	71	73	71	67	69	69	67	65	65	64	62	68	62	61	62	61	66	69	63	69	50	66
Miguel Ferreira de Sousa	26	176	68	R	B	AM	["AM","CM","SM"]	Casa Pia	2027	Portugal	73	50	72	71	69	70	73	76	74	70	76	71	72	69	71	68	68	71	71	61	66	76	73	63	50	69
Benedito Mambuene Mukendi	22	180	78	R	B	CM	["CM","DM"]	Casa Pia	2027	Angola	74	68	68	76	72	72	73	71	75	72	75	70	67	62	65	68	68	61	62	61	66	76	71	74	50	74
Rafael Alexandre de Sousa Gancho de Brito	23	183	78	R	B	CM	["CM"]	Casa Pia	2025	Portugal	67	66	75	71	69	70	71	69	73	70	73	71	73	71	66	72	64	61	70	65	74	73	71	71	50	69
André Geraldes de Barros	33	180	70	R	B	SB	["SB","SM","WB"]	Casa Pia	2026	Portugal	70	69	76	76	78	74	73	74	72	74	73	68	72	68	61	68	62	61	66	68	77	73	68	75	50	71
Nermin Zolotić	31	188	77	R	B	CBT	["CBT"]	Casa Pia	2025	Bosnia and Herzegovina	60	76	85	77	66	66	76	64	72	64	78	72	70	62	61	68	66	65	66	74	79	73	65	77	50	74
Francisco Pedro Tiago Silva	26	172	70	L	B	WF	["WF","SM"]	Casa Pia	2026	Portugal	67	49	72	71	76	76	63	73	72	74	67	68	69	71	69	72	66	65	62	61	66	71	63	63	50	67
Daniel Grilo Azevedo	26	195	90	R	B	GK	["GK"]	Casa Pia	2025	Portugal	31	70	82	71	62	62	70	60	58	55	61	61	60	61	31	66	43	61	49	55	66	65	39	54	69	54
Jérémy Livolant	27	175	70	R	B	WF	["WF","SM"]	Casa Pia	2027	France	73	59	78	78	81	84	68	84	76	78	72	72	69	71	71	74	71	70	68	61	76	76	68	73	50	72
Ricardo Jorge Cecília Batista	38	193	86	L	B	GK	["GK"]	Casa Pia	2025	Portugal	31	79	82	71	62	62	78	66	58	55	61	66	64	66	34	74	43	61	49	55	75	65	51	65	79	58
Isaac Bernardo Neto Monteiro	20	193	86	R	B	CBT	["CBT"]	Casa Pia	2025	Portugal	49	69	85	71	66	66	67	62	65	60	61	62	58	49	61	68	56	61	62	68	72	65	52	65	50	58
Henrique Martins Pereira	22	178	73	R	B	WF	["WF","SM"]	Casa Pia	2025	Portugal	68	36	70	71	80	83	75	79	78	79	63	68	63	72	72	78	73	61	72	68	72	78	75	63	50	64
Gaizka Larrazabal Goikoetxea	27	180	78	R	B	SM	["SM","SB","WB"]	Casa Pia	2026	Spain	73	65	81	80	83	82	77	82	74	77	73	74	72	75	68	77	71	63	73	61	78	75	77	73	50	68
Samuel Obeng Gyabaa	27	183	74	L	B	CF	["CF"]	Casa Pia	2026	Ghana	70	31	86	84	87	85	66	80	69	77	66	70	61	70	76	78	71	61	62	75	90	68	66	80	50	69
Pablo Roberto dos Santos Barbosa	25	183	75	R	B	CM	["CM","WF","SM"]	Casa Pia	2026	Brazil	72	63	68	76	74	77	76	76	77	75	76	77	72	74	68	80	70	63	65	61	66	78	76	71	50	70
Andrian Kraev Андриан Бойков Краев	25	191	82	R	B	DM	["DM","CM"]	Casa Pia	2026	Bulgaria	65	66	78	71	68	66	74	64	71	67	73	69	65	59	61	68	62	61	62	68	74	73	73	74	50	68
Cassiano Dias Moreira	35	184	87	R	B	CF	["CF"]	Casa Pia	2026	Brazil	76	31	87	71	71	70	74	69	73	70	71	74	61	69	77	79	72	61	64	83	84	76	74	71	50	69
Claudio Mendes Vicente	24	186	78	R	B	CF	["CF","SM","WF"]	Casa Pia	2026	Guinea-Bissau	69	43	77	71	90	87	71	83	68	78	69	71	68	71	68	75	66	61	62	68	84	67	71	63	50	67
Kevin José Chamorro Rodríguez	24	187	86	L	B	GK	["GK"]	Estoril	2025	Costa Rica	31	74	75	71	62	62	77	65	58	55	61	63	62	63	29	67	43	61	49	55	73	65	45	61	76	59
Ismael Sierra Arnal	21	192	75	R	B	CBT	["CBT"]	Estoril	2027	Spain	48	72	66	71	66	66	71	62	65	62	66	64	58	53	61	68	59	61	62	69	68	66	49	69	50	64
Eliaquim Mangala	33	188	80	L	B	CBT	["CBT"]	Estoril	2025	France	53	76	85	71	66	66	74	65	65	60	68	68	63	64	61	71	58	61	62	77	81	65	57	78	50	78
Alejandro Orellana Gómez	24	176	63	R	B	DM	["DM","CM"]	Estoril	2027	Spain	65	69	71	71	68	66	73	65	72	68	76	71	68	60	61	68	62	70	62	70	66	73	73	70	50	69
Vinicius Nelson de Souza Zanocelo	23	185	78	R	B	CM	["CM"]	Estoril	2027	Brazil	75	60	77	74	72	75	77	74	80	75	78	76	69	67	75	74	73	68	62	67	78	81	77	72	50	72
Michel Costa da Silva	23	165	58	L	B	DM	["DM","CM"]	Estoril	2027	Brazil	66	69	71	73	67	66	68	66	69	65	74	69	69	62	63	68	61	61	62	63	66	71	68	71	50	64
Alejandro José Marqués Méndez	24	189	76	R	B	CF	["CF"]	Estoril	2026	Venezuela	70	44	74	71	74	73	70	72	77	74	73	71	58	63	81	72	69	61	62	83	85	78	70	63	50	67
Jordan William Holsgrove	25	180	73	L	B	CM	["CM"]	Estoril	2028	Scotland	71	63	74	76	72	75	73	74	77	73	80	73	73	64	66	68	68	74	74	64	72	79	73	70	50	70
Hélder Wander Sousa Azevedo Costa	31	179	77	L	B	WF	["WF","SM"]	Estoril	2025	Angola	75	42	72	72	79	83	74	81	78	78	74	75	73	74	73	77	71	74	78	61	66	77	74	66	50	71
João António Antunes Carvalho	27	172	67	R	B	AM	["AM","CM","WF","SM"]	Estoril	2027	Portugal	71	37	76	71	72	77	73	80	78	74	77	79	76	78	72	81	76	78	79	61	66	78	73	63	50	70
Yanis Begraoui يانيس بݣراوي	23	178	70	R	B	CF	["CF","WF","SM"]	Estoril	2028	Morocco	75	31	76	77	79	79	74	77	76	77	73	69	61	63	76	68	66	63	62	71	78	76	74	67	50	69
Fabrício Garcia Andrade	23	172	64	L	B	WF	["WF","SM"]	Estoril	2026	Cabo Verde	73	36	70	71	74	76	70	71	72	71	70	72	65	72	77	77	64	61	62	61	66	73	70	64	50	67
Gonçalo Faria Costa	24	178	68	L	B	SB	["SB","SM","WB"]	Estoril	2028	Portugal	70	67	71	78	80	79	68	77	79	79	61	62	64	65	61	68	65	61	66	62	68	80	68	74	50	70
André Filipe Ferreira Lacximicant	23	188	73	L	B	CF	["CF"]	Estoril	2028	Portugal	72	34	68	71	66	66	71	62	69	62	63	68	59	67	76	78	63	61	62	75	69	71	71	63	50	67
Wagner Fabrício Cardoso de Pina	22	170	58	R	B	SB	["SB","SM","WB"]	Estoril	2027	Cabo Verde	74	64	74	78	81	81	79	78	74	77	71	68	71	67	65	68	62	61	62	62	71	74	79	72	50	68
Pedro Maria Salgueiro Costa Pessoa Carvalho	21	176	72	R	B	SB	["SB"]	Estoril	2028	Portugal	62	61	71	81	74	75	69	72	72	72	66	67	61	66	61	71	62	61	62	63	70	73	63	74	50	61
Pedro Miguel da Costa Álvaro	24	186	88	R	B	CBT	["CBT"]	Estoril	2025	Portugal	51	77	81	76	69	68	78	63	65	65	68	65	62	52	61	68	59	61	62	71	79	65	55	76	50	73
Pedro Miguel Gaspar Amaral	27	178	72	L	B	SB	["SB"]	Estoril	2026	Portugal	71	71	71	76	78	75	75	70	74	75	68	71	68	74	61	77	65	61	69	68	67	76	75	74	50	65
Felix Bacher	24	190	81	R	B	CBT	["CBT","SB"]	Estoril	2026	Austria	63	68	86	81	66	68	69	63	65	60	68	65	58	49	61	68	58	61	62	71	81	65	67	79	50	63
Manga Michel Quentin Foe Ondoa	19	175	65	R	B	CM	["CM"]	Estoril	2028	France	64	53	74	74	72	78	66	77	71	71	73	73	62	61	62	74	62	61	62	66	75	70	63	72	50	66
Joel Robles Blázquez	34	195	90	R	B	GK	["GK"]	Estoril	2026	Spain	31	78	83	71	62	62	81	68	58	57	61	66	64	66	34	75	43	61	49	55	77	65	49	69	79	64
Diogo Alexandre Aranha Dias	21	188	81	R	B	GK	["GK"]	Estoril	2026	Portugal	31	68	72	71	62	62	68	58	58	55	61	61	60	61	31	66	43	61	49	55	64	65	42	54	69	58
Kévin Boma	22	187	73	R	B	CBT	["CBT"]	Estoril	2028	Togo	51	74	79	71	66	66	69	62	65	60	68	66	58	56	61	68	59	61	62	73	72	66	55	70	50	69
Volnei Feltes	24	188	82	R	B	CBT	["CBT","SB"]	Estoril	2025	Brazil	63	70	79	71	66	66	71	62	65	64	64	63	59	59	61	68	61	61	62	74	78	69	66	70	50	60
Miguel Ângelo da Silva Rocha	30	186	80	R	B	CM	["CM","DM"]	Estoril	2025	Portugal	74	72	78	81	66	66	77	65	79	67	82	82	75	74	66	84	70	75	79	74	71	79	76	83	50	80
Israel Salazar Píriz	21	177	71	R	B	CF	["CF","WF","SM"]	Estoril	2028	Spain	68	31	69	71	66	66	64	63	72	65	71	69	58	55	78	70	65	61	62	71	66	72	64	63	50	64
Francisco Meira Meixedo	23	190	78	R	B	GK	["GK"]	Estrela Amadora	2027	Portugal	31	70	76	71	62	62	71	60	58	55	61	62	61	62	29	66	43	61	49	55	66	65	42	61	70	60
Diogo Martins Travassos	20	175	65	R	B	SB	["SB","SM","WB"]	Estrela Amadora	2025	Portugal	72	66	76	78	85	86	71	82	76	81	70	67	71	68	71	68	68	73	68	63	77	74	68	79	50	75
Till Cissokho	24	200	88	L	B	CBT	["CBT"]	Estrela Amadora	2026	France	48	74	90	73	66	66	71	62	65	60	61	62	58	51	61	68	56	61	62	75	79	65	50	73	50	67
Francisco Reis Ferreira	27	191	83	R	B	CBT	["CBT"]	Estrela Amadora	2028	Portugal	60	74	81	73	66	66	73	62	69	62	74	77	67	61	61	82	61	61	62	76	78	71	64	74	50	76
Issiar Dramé	25	197	80	R	B	CBT	["CBT"]	Estrela Amadora	2027	Mali	50	72	80	71	71	74	69	74	65	66	61	62	58	51	61	68	58	61	62	75	82	65	54	69	50	67
Igor Jesus Lima	21	178	76	R	B	CM	["CM","DM"]	Estrela Amadora	2028	Brazil	65	67	74	71	76	79	73	76	75	74	76	70	65	57	61	68	64	61	62	64	75	77	73	72	50	70
André Luiz Inácio da Silva	22	185	77	L	B	CF	["CF","WF","SM"]	Estrela Amadora	2028	Brazil	72	31	68	76	83	80	73	78	77	80	66	71	58	64	73	79	67	61	62	70	78	76	73	68	50	65
Daniel Cabral de Oliveira	22	174	72	R	B	DM	["DM","CM"]	Estrela Amadora	2028	Brazil	65	62	68	73	66	67	69	66	70	67	73	68	68	62	61	68	61	68	62	68	68	70	69	71	50	67
Rodrigo Cunha Pereira de Pinho	33	185	80	L	B	CF	["CF"]	Estrela Amadora	2025	Brazil	75	31	72	74	66	70	73	70	75	68	72	76	61	70	80	83	74	78	70	71	74	75	73	66	50	70
Alan Nahuel Ruiz	31	183	78	L	B	AM	["AM","CM","CF","SS"]	Estrela Amadora	2026	Argentina	76	48	76	71	66	66	70	70	79	70	77	82	76	82	76	87	77	78	76	76	75	78	70	69	50	76
Hugo Miguel Almeida Costa Lopes	38	183	83	R	B	CBT	["CBT","SB"]	Estrela Amadora	2025	Portugal	72	72	76	71	69	71	77	68	74	70	74	74	73	73	61	74	66	65	72	71	77	76	73	77	50	74
Luís Carlos Almeida da Cunha	38	177	72	R	B	WF	["WF","SM","CF"]	Estrela Amadora	2025	Portugal	73	43	80	71	69	73	68	76	81	76	78	79	78	80	76	82	79	81	85	74	79	79	68	72	50	77
Paulo Daniel Valente Moreira	24	176	70	R	B	CM	["CM","AM"]	Estrela Amadora	2026	Portugal	69	50	70	76	74	76	70	73	71	71	78	75	74	73	68	74	66	72	68	63	66	71	70	71	50	69
Juan José Mina González	20	180	78	R	B	SB	["SB"]	Estrela Amadora	2025	Colombia	64	66	70	85	82	79	71	77	65	72	67	65	66	65	61	68	59	61	62	66	74	65	71	74	50	59
Guilherme Manuel Serrão Montóia	21	185	76	L	B	SB	["SB"]	Estrela Amadora	2026	Portugal	65	59	67	79	74	76	66	76	66	69	63	62	66	65	61	68	58	61	67	63	70	65	66	72	50	63
Leonardo Cordeiro de Lima Silva	29	174	67	R	B	CM	["CM"]	Estrela Amadora	2025	Brazil	73	72	79	82	77	79	75	79	75	74	79	79	68	68	64	79	66	71	62	67	79	77	73	81	50	76
Nilton Varela Lopes	23	182	76	L	B	SB	["SB","SM","WB"]	Estrela Amadora	2025	Portugal	68	66	75	73	77	78	72	76	73	75	67	65	66	67	61	68	62	61	71	67	78	73	70	73	50	67
Leonel Bucca	25	189	82	L	B	CM	["CM","WF","SM"]	Estrela Amadora	2026	Argentina	73	69	81	81	78	77	71	76	78	79	75	71	69	65	68	68	67	65	62	65	79	76	71	78	50	74
Rúben Alexandre Rocha Lima	35	177	69	L	B	CBT	["CBT","SB"]	Estrela Amadora	2025	Portugal	71	69	71	71	70	66	76	68	74	71	74	70	72	69	61	68	71	76	71	71	70	76	73	72	50	72
Bruno Brígido de Oliveira	33	187	76	R	B	GK	["GK"]	Estrela Amadora	2025	Brazil	31	76	77	71	62	62	77	65	58	55	61	64	62	64	35	69	43	61	49	55	74	65	47	59	76	61
Eurichano Lourenço Setila de Carvalho	20	185	70	R	B	SB	["SB","WF","SM","CF","WB"]	Estrela Amadora	2025	Portugal	67	56	66	73	74	77	67	71	67	71	72	68	67	65	66	68	60	61	62	73	75	65	67	69	50	66
Petterson Novaes Reis	21	181	70	R	B	WF	["WF","SM","CF"]	Estrela Amadora	2025	Brazil	67	34	72	72	73	76	64	74	77	75	66	66	67	67	70	69	64	61	62	61	66	76	64	65	50	65
Caio dos Santos Santana	20	188	76	R	B	CF	["CF","WF","SM"]	Estrela Amadora	2025	Brazil	68	31	68	71	69	67	70	62	66	65	67	67	58	57	71	69	65	61	62	71	72	68	70	66	50	64
Manuel Keliano	22	185	78	R	B	DM	["DM","CM"]	Estrela Amadora	2026	Angola	65	67	70	78	66	66	72	62	67	62	72	70	63	62	61	70	61	61	62	68	70	71	72	78	50	66
Tiago Gabriel Coelho Oliveira	20	195	85	R	B	CBT	["CBT"]	Estrela Amadora	2026	Portugal	50	72	85	71	66	66	70	62	65	61	61	62	58	50	61	68	52	61	62	73	79	65	54	69	50	66
Danilo Filipe de Melo Veiga	22	183	83	R	B	SB	["SB","CM"]	Estrela Amadora	2027	Portugal	65	69	76	73	74	73	73	71	71	73	71	68	67	66	66	68	61	61	62	72	78	68	70	73	50	69
Tiago Filipe Prazeres Ferreira	22	171	66	L	B	WF	["WF","SM","AM"]	Estrela Amadora	2026	Portugal	67	37	74	71	77	79	64	79	74	74	71	68	70	67	67	68	67	71	69	61	66	75	64	63	50	67
Marko Gudžulić Марко Гуџулић	22	196	92	R	B	GK	["GK"]	Estrela Amadora	2027	Serbia	31	73	81	71	62	62	73	62	58	55	61	64	62	64	30	68	43	61	49	55	69	65	39	53	72	58
Jovane Eduardo Borges Cabral	26	174	81	R	B	WF	["WF","SM","AM","CF","SS"]	Estrela Amadora	2026	Cabo Verde	76	44	79	74	82	85	77	82	79	80	75	78	74	78	73	83	77	79	79	66	81	78	77	71	50	73
João Diogo Alves Rodrigues	26	177	71	R	B	CF	["CF","WF","SM"]	Estrela Amadora	2025	Portugal	78	31	75	78	79	79	74	79	73	74	68	72	60	64	76	79	68	61	62	71	79	75	74	69	50	70
Bilal Abdelrahman-Zeeni بلال مظهر عبدالرحمن	21	183	75	R	B	CF	["CF","WF","SM"]	Estrela Amadora	2026	Egypt	68	32	69	71	68	68	67	66	71	69	66	66	60	56	73	68	63	61	62	78	79	70	67	68	50	65
Ivan Zlobin	27	191	84	R	B	GK	["GK"]	Famalicão	2025	Russia	31	74	77	71	62	62	75	67	58	55	61	64	62	64	32	68	43	61	49	55	70	65	47	64	74	64
Lucas Felipe Calegari	22	171	70	R	B	SB	["SB","DM"]	Famalicão	2025	Brazil	65	62	74	81	85	84	72	83	73	78	75	70	69	67	61	68	62	61	62	65	69	74	66	77	50	67
Leonardo Javier Realpe Montaño	23	178	72	R	B	CBT	["CBT"]	Famalicão	2025	Ecuador	54	75	81	76	67	70	71	68	65	64	78	71	61	52	61	68	61	61	62	76	81	71	58	73	50	66
Enea Mihaj Ενέα Μιχάι	26	186	81	R	B	CBT	["CBT"]	Famalicão	2025	Albania	55	77	80	73	68	66	75	62	65	65	72	71	65	64	61	72	57	61	62	78	82	65	58	74	50	73
Luís Rafael Soares Alves	29	177	72	L	B	SB	["SB"]	Famalicão	2026	Portugal	71	68	73	77	78	79	72	77	76	76	74	74	73	74	62	74	71	73	76	68	75	76	71	73	50	70
Tom van de Looi	25	186	80	R	B	DM	["DM","CM"]	Famalicão	2027	Netherlands	72	66	78	78	68	76	73	76	75	70	76	74	74	73	71	74	72	68	69	72	81	76	73	75	50	72
Marcos Vinicios Lopes Moura	23	176	62	R	B	WF	["WF","SM"]	Famalicão	2025	Brazil	76	36	74	71	76	75	75	74	77	76	71	71	67	70	78	73	74	61	62	61	66	78	75	63	50	69
Mirko Topić Мирко Топић	23	190	84	R	B	DM	["DM"]	Famalicão	2027	Serbia	69	77	81	72	69	71	77	67	71	67	78	75	68	67	61	73	62	61	62	69	79	74	73	75	50	74
Mario González Gutiérrez	28	183	76	R	B	CF	["CF"]	Famalicão	2025	Spain	79	31	79	79	75	70	74	74	77	75	71	71	71	73	78	74	73	63	62	77	82	78	74	68	50	73
Diogo Filipe Costa Rocha	29	169	63	R	B	WF	["WF","SM"]	Famalicão	2027	Portugal	75	56	75	76	85	87	77	85	82	83	74	71	72	70	73	69	73	68	68	61	66	82	77	72	50	73
Óscar Aranda Subiela	22	181	78	R	B	CF	["CF","SM","WF"]	Famalicão	2026	Spain	73	35	74	71	82	79	71	78	81	82	71	70	68	68	75	72	76	61	74	65	75	81	71	63	50	69
Mathias de Amorim	20	174	70	R	B	CM	["CM","AM"]	Famalicão	2028	France	72	62	74	71	69	74	74	69	76	73	75	70	66	60	61	68	63	63	68	61	66	76	74	69	50	69
Riccieli Eduardo da Silva Júnior	26	184	76	R	B	CBT	["CBT"]	Famalicão	2027	Brazil	53	79	83	75	66	66	76	62	67	61	68	65	63	64	61	68	61	61	62	72	83	70	59	78	50	76
Justin de Haas	24	194	87	L	B	CBT	["CBT"]	Famalicão	2026	Netherlands	50	76	85	71	68	66	71	62	65	65	66	65	59	51	61	68	56	61	62	76	82	65	54	74	50	70
Rodrigo Pinheiro Ferreira	22	183	80	R	B	SB	["SB"]	Famalicão	2028	Portugal	63	63	71	76	82	81	68	71	68	76	68	66	66	68	61	68	59	61	62	63	74	66	68	72	50	64
Otso Liimatta	20	169	63	L	B	AM	["AM"]	Famalicão	2027	Finland	69	51	78	71	74	76	73	71	74	73	76	70	72	67	64	68	64	66	68	63	66	75	73	63	50	67
Afonso de Oliveira Rodrigues	22	178	70	L	B	WF	["WF","SM"]	Famalicão	2027	Portugal	69	37	69	71	77	76	67	73	72	74	68	70	68	71	74	74	70	68	70	66	71	71	67	63	50	68
Gustavo Filipe Alves de Freitas Azevedo e Sá	20	186	80	R	B	AM	["AM","CM"]	Famalicão	2029	Portugal	76	71	80	71	79	77	77	77	78	77	78	76	75	74	74	75	73	73	78	74	83	79	77	73	50	77
Yassir Zabiri يسير محمد زبيري	19	177	70	L	B	CF	["CF"]	Famalicão	2028	Morocco	72	33	71	71	77	74	72	68	72	73	63	65	58	57	71	69	64	61	62	62	66	72	72	63	50	66
Gabriel Cabral da Cruz	21	196	90	R	B	GK	["GK"]	Famalicão	2027	Brazil	31	72	81	71	62	62	72	62	58	55	61	62	61	62	29	66	43	61	49	55	69	65	36	53	71	54
Gil Bastião Dias	28	185	75	L	B	WF	["WF","SM"]	Famalicão	2027	Portugal	72	65	74	75	74	79	74	78	75	74	73	71	71	71	71	71	71	70	72	66	74	75	74	72	50	71
Lazar Carević Лазар Царевић	25	195	88	R	B	GK	["GK"]	Famalicão	2028	Montenegro	31	73	78	71	62	62	76	62	58	55	61	66	63	66	29	74	43	61	49	55	70	65	46	63	73	62
Zaydou Youssouf	25	182	77	L	B	CM	["CM","DM"]	Famalicão	2026	France	79	73	84	83	75	73	78	74	83	79	81	79	74	73	68	78	73	74	74	68	79	82	78	82	50	80
Ibrahima Ba	19	190	76	R	B	CBT	["CBT"]	Famalicão	2029	Senegal	47	71	79	71	66	66	66	62	65	62	62	62	58	49	61	68	59	61	62	71	74	65	46	76	50	71
Martim Rafael Silva Almeida	19	182	72	R	B	CM	["CM","DM"]	Famalicão	2026	Portugal	69	60	68	71	66	69	71	66	74	67	73	69	65	60	61	68	63	61	62	62	66	75	69	70	50	71
Diogo Rafael Gomes Cabral	21	175	68	L	B	WF	["WF","SM","CF"]	Famalicão	2027	Portugal	70	38	73	71	78	79	72	77	75	75	66	70	62	71	71	77	63	61	62	61	66	76	72	63	50	65
Diogo Filipe Pinto Costa	21	180	73	L	B	SB	["SB"]	Famalicão	2025	Portugal	64	61	68	71	68	68	70	64	65	65	61	62	62	62	61	68	56	61	62	61	66	65	70	66	50	60
Samuel Gomes Lobato	23	184	71	R	B	CM	["CM","AM"]	Famalicão	2026	Portugal	71	63	74	71	66	66	72	64	70	64	73	69	65	60	64	68	62	61	62	65	68	71	72	70	50	69
Hugo Alberto Pires da Cunha	23	198	91	R	B	GK	["GK"]	Famalicão	2026	Portugal	31	72	81	71	62	62	74	63	58	55	61	64	62	64	31	70	43	61	49	55	70	65	36	52	71	58
Kaique Pereira Azarias	21	193	86	R	B	GK	["GK"]	Farense	2027	Brazil	31	69	78	71	62	62	73	60	58	55	61	62	61	62	31	66	43	61	49	55	67	65	39	57	69	60
Paulo Victor de Almeida Barbosa	23	180	66	L	B	SB	["SB"]	Farense	2026	Brazil	70	59	66	76	78	77	71	77	74	76	66	65	68	66	61	68	62	61	65	61	66	73	71	71	50	68
Marco Moreno Ojeda	23	191	78	R	B	CBT	["CBT"]	Farense	2026	Spain	50	72	79	73	70	66	70	62	65	66	68	67	63	55	61	68	58	61	62	68	73	65	52	76	50	71
Artur Jorge Marques Amorim	30	186	78	R	B	CBT	["CBT"]	Farense	2025	Portugal	51	72	80	71	66	66	73	62	65	60	68	66	61	53	61	68	59	61	62	74	77	66	56	73	50	72
Elves Umar Baldé	25	168	62	R	B	WF	["WF","SM"]	Farense	2025	Guinea-Bissau	67	35	79	74	89	94	68	93	76	82	68	66	66	67	63	68	67	69	74	61	66	76	68	66	50	64
Rafael Avelino Pereira Pinto Barbosa	28	174	71	R	B	WF	["WF","SM","AM"]	Farense	2025	Portugal	72	35	76	73	79	80	73	84	77	78	75	70	73	68	67	68	68	68	68	61	66	77	73	67	50	68
António Manuel Fernandes Mendes	32	186	82	R	B	CF	["CF"]	Farense	2025	Portugal	74	39	85	77	68	68	73	68	71	68	71	76	63	74	75	83	72	61	84	77	85	71	73	78	50	71
Jhon Jairo Velásquez Turga	29	174	70	R	B	AM	["AM","WF","SM"]	Farense	2025	Colombia	70	52	73	71	76	72	68	75	73	74	73	71	67	68	70	71	67	68	62	61	66	72	68	63	50	69
Álex Bermejo Escribano	26	183	76	R	B	WF	["WF","SM","CF"]	Farense	2025	Spain	71	57	75	76	74	80	70	81	76	75	74	75	71	71	75	77	69	73	68	64	75	76	70	68	50	69
Talys Alves Pereira Oliveira	25	181	76	L	B	SB	["SB"]	Farense	2025	Brazil	65	65	80	77	77	74	69	71	72	74	66	64	65	68	61	68	62	61	62	62	75	73	68	73	50	66
Darío Poveda Romera	27	187	75	R	B	CF	["CF","SM","WF"]	Farense	2026	Spain	73	31	79	71	66	66	71	65	72	68	76	72	60	62	73	70	68	62	62	77	80	73	71	63	50	67
Geovanny Miguel Bastos Almeida	20	185	76	R	B	CM	["CM","DM"]	Farense	2026	Portugal	67	61	74	71	68	68	68	68	70	68	70	67	66	64	61	68	64	61	62	66	71	71	68	69	50	66
Bruno Miguel Vicente dos Santos	21	176	70	R	B	CF	["CF","WF","SM"]	Farense	2026	Portugal	64	31	71	71	75	77	63	76	69	71	66	64	58	58	67	68	62	61	62	66	66	69	63	63	50	63
Alejandro Millán Iranzo	25	182	74	R	B	CF	["CF"]	Farense	2026	Spain	71	41	74	71	79	76	68	75	73	76	73	72	64	68	73	73	69	61	65	73	79	72	68	63	50	67
Filipe Miguel Barros Soares	25	180	72	R	B	CM	["CM","AM"]	Farense	2025	Portugal	75	62	72	76	70	72	74	72	76	72	76	77	69	71	72	79	72	76	75	62	69	77	74	73	50	73
Miguel Ângelo Loureiro de Carvalho	28	185	78	R	B	GK	["GK"]	Farense	2025	Portugal	31	72	73	71	62	62	73	64	58	55	61	62	61	62	31	66	43	61	49	55	72	65	40	58	73	57
Lucas Cañizares Conchello	22	186	81	R	B	GK	["GK"]	Farense	2026	Spain	31	72	75	71	62	62	70	62	58	55	68	68	64	65	32	72	43	61	49	55	69	65	42	62	73	57
David Samuel Custódio Lima	24	176	78	R	B	SB	["SB"]	Farense	2025	Brazil	67	68	76	80	83	83	71	81	72	76	67	65	65	66	61	68	62	61	62	61	75	73	68	74	50	66
Cláudio Falcão Santos	30	187	79	R	B	DM	["DM","CM","CBT"]	Farense	2026	Brazil	74	73	74	90	71	72	77	73	74	72	73	75	72	72	71	79	70	63	62	79	81	74	73	86	50	76
Derick Theodoro Santos Poloni	31	173	63	L	B	SB	["SB"]	Farense	2025	Brazil	72	68	74	77	79	76	74	74	74	76	69	70	68	69	65	73	69	77	72	65	74	73	71	76	50	72
Mário Ricardo da Silva Velho	26	188	90	R	B	GK	["GK"]	Farense	2025	Portugal	31	79	79	71	62	62	81	65	58	55	61	65	63	65	30	71	43	61	49	55	74	65	49	62	77	64
André Miguel Arsénio Candeias	22	176	67	L	B	WF	["WF","SM","AM"]	Farense	2025	Portugal	64	36	70	71	77	81	63	81	69	72	68	65	66	62	61	68	63	66	62	61	66	68	63	63	50	64
Lucas Henrique da Silva	29	185	79	L	B	CBT	["CBT"]	Farense	2026	Brazil	52	76	83	71	66	66	74	62	65	61	71	68	68	66	61	68	60	67	62	73	74	67	57	78	50	77
Kauan Tomé Firmino Silva	23	198	87	R	B	GK	["GK"]	Farense	2025	Brazil	31	68	77	71	62	62	69	59	58	55	61	61	60	61	31	66	43	61	49	55	65	65	37	52	68	56
André Seruca de Oliveira	24	191	78	R	B	DM	["DM","CBT"]	Farense	2025	Portugal	63	64	81	71	66	66	68	62	66	61	68	65	62	55	61	68	60	61	62	70	76	67	66	66	50	61
Rivaldo Boaventura Morais	24	184	72	R	B	SB	["SB"]	Farense	2026	Portugal	66	61	66	71	74	77	67	76	69	71	65	64	68	63	61	68	61	61	62	61	66	69	67	69	50	64
Jaime Alexandrino Gomes Pinto	27	183	71	R	B	WF	["WF","SM"]	Farense	2026	Portugal	72	35	71	71	74	71	75	75	72	71	67	71	63	70	74	77	63	61	62	61	66	73	75	64	50	66
Marco André da Silva Lopes Matias	35	177	73	R	B	WF	["WF","SM"]	Farense	2025	Portugal	71	42	72	71	74	75	69	74	74	74	71	71	69	71	68	74	72	64	65	67	73	73	69	65	50	69
Mehdi Merghem	27	178	72	L	B	WF	["WF","SM"]	Farense	2027	France	67	55	76	78	78	79	65	81	76	76	74	73	71	73	72	73	71	74	70	61	73	75	65	73	50	68
Miguel Pedro Miranda de Oliveira Menino	22	181	75	R	B	CM	["CM","AM","WF","SM"]	Farense	2028	Portugal	70	59	69	79	78	75	69	76	77	76	73	68	69	66	62	68	71	68	68	62	70	78	68	76	50	72
José Carlos Teixeira Lopes dos Reis Gonçalves	26	177	72	R	B	SB	["SB"]	Gil Vicente	2026	Portugal	73	71	71	81	79	81	76	73	74	76	71	69	66	67	61	69	63	61	62	61	68	76	74	77	50	70
Marvin Adolphe Fabrice Elimbi Gilbert	21	186	76	R	B	CBT	["CBT"]	Gil Vicente	2028	France	49	69	79	71	66	66	71	62	65	62	61	62	58	54	61	68	56	61	62	68	76	65	52	67	50	62
Facundo Agustín Cáseres	23	178	70	R	B	DM	["DM","CM"]	Gil Vicente	2025	Argentina	64	66	68	77	71	73	71	73	76	73	77	71	66	60	69	68	68	61	65	71	66	76	71	74	50	71
Jesús Abdallah Castillo Molina	23	184	80	R	B	DM	["DM","CM"]	Gil Vicente	2027	Peru	67	66	78	75	66	67	71	66	71	64	78	74	67	62	65	72	64	67	62	61	66	73	71	74	50	70
Tidjany Chabrol Touré	22	184	74	R	B	WF	["WF","SM"]	Gil Vicente	2027	France	71	33	68	74	84	87	71	85	77	80	69	66	67	66	69	68	69	70	72	64	76	76	71	68	50	67
Jorge Aguirre de Céspedes	25	183	78	R	B	CF	["CF"]	Gil Vicente	2027	Spain	71	31	74	71	70	70	71	69	76	72	71	68	61	63	75	68	69	61	62	76	76	76	71	63	50	66
Kanya Fujimoto 藤本 寛也	25	176	69	L	B	AM	["AM"]	Gil Vicente	2025	Japan	77	55	72	81	80	84	76	82	79	79	80	76	76	72	75	72	72	76	70	61	66	80	76	69	50	72
Diego Collado Raya	24	183	71	R	B	CF	["CF","SM","WF"]	Gil Vicente	2027	Spain	73	40	67	72	68	68	68	69	72	69	72	71	69	71	73	73	68	68	63	72	70	72	68	65	50	68
João Gonçalo Teixeira Pinto	22	181	73	R	B	CF	["CF","WF","SM"]	Gil Vicente	2025	Portugal	66	31	66	71	74	76	65	76	68	70	67	65	66	64	69	68	62	61	62	67	71	68	65	63	50	65
Carlos Henrique da Silva Ventura	20	187	77	R	B	CBT	["CBT"]	Gil Vicente	2025	Brazil	49	71	74	71	66	66	68	62	65	63	61	62	58	53	61	68	57	61	62	65	68	65	51	65	50	60
Sphephelo Sithole	25	188	80	R	B	DM	["DM","CM"]	Gil Vicente	2026	South Africa	73	66	81	74	71	68	74	65	71	71	73	71	66	65	64	72	63	61	62	73	80	69	74	76	50	74
Guilherme Beleza Braga Figueiredo	18	181	70	L	B	DM	["DM"]	Gil Vicente	2025	Portugal	63	68	69	71	69	70	68	72	66	65	68	66	63	59	61	68	60	61	62	63	68	68	68	68	50	65
João Rafael de Brito Teixeira	30	178	66	R	B	CM	["CM"]	Gil Vicente	2029	Portugal	74	66	73	71	77	79	75	78	78	77	78	77	77	76	72	76	71	81	80	61	72	78	75	74	50	78
Santiago García González	23	184	77	R	B	CM	["CM","AM"]	Gil Vicente	2027	Spain	69	52	68	73	71	72	70	71	76	72	76	71	70	67	68	68	67	61	62	62	68	77	70	72	50	70
Cauê Vinicius dos Santos	22	184	77	R	B	CF	["CF"]	Gil Vicente	2026	Brazil	72	34	71	71	76	74	71	74	71	72	66	66	58	59	76	68	70	61	62	71	75	71	71	63	50	64
Josué Humberto Gonçalves Leal Sá	32	187	79	R	B	CBT	["CBT"]	Gil Vicente	2027	Portugal	55	75	79	72	66	66	75	62	72	64	71	68	65	52	61	68	62	61	62	76	70	73	59	73	50	73
Roman Mory Diaman Gbane	24	188	80	R	B	DM	["DM","CM"]	Gil Vicente	2027	Côte d'Ivoire	66	71	85	81	66	66	74	62	71	66	73	68	66	58	61	68	62	61	62	66	74	72	74	77	50	67
Rúben Miguel Marques dos Santos Fernandes	38	187	81	L	B	CBT	["CBT"]	Gil Vicente	2025	Portugal	56	78	79	83	66	66	78	63	66	60	71	69	68	64	61	70	62	61	62	75	75	72	60	78	50	75
Jonathan Buatu Mananga	31	187	83	R	B	CBT	["CBT"]	Gil Vicente	2026	Angola	60	76	85	82	66	66	73	62	66	61	71	69	65	64	61	69	61	61	62	76	80	70	64	79	50	75
Andrew da Silva Ventura	23	189	76	R	B	GK	["GK"]	Gil Vicente	2026	Brazil	31	78	77	71	62	62	81	66	58	55	61	67	65	67	29	78	43	61	49	55	75	65	47	63	79	69
Jonathan Mutombo Mawesi	22	190	76	R	B	SB	["SB"]	Gil Vicente	2027	France	65	64	77	71	74	68	69	67	69	70	66	65	66	64	61	68	61	61	62	65	74	70	69	68	50	63
Miloš Gordić Милош Гордић	24	193	88	R	B	GK	["GK"]	Gil Vicente	2027	Serbia	31	70	79	71	62	62	71	60	58	55	61	61	60	61	30	66	43	61	49	55	67	65	42	54	69	64
Sandro Plínio Rosa da Cruz	23	182	77	L	B	SB	["SB","SM","CBT","WB"]	Gil Vicente	2027	Angola	64	68	74	79	85	81	69	74	71	76	71	68	69	66	61	68	62	61	64	61	74	72	69	77	50	69
Félix Alexandre Andrade Sanches Correia	24	178	66	R	B	WF	["WF","SM","CF"]	Gil Vicente	2028	Portugal	76	45	73	78	85	87	76	87	79	82	73	72	73	72	74	73	72	61	74	61	69	78	76	72	50	72
Jordi Mboula Queralt	25	183	74	R	B	WF	["WF","SM"]	Gil Vicente	2026	Spain	71	40	78	80	92	91	68	88	77	85	72	71	71	71	76	73	71	63	62	63	82	77	68	69	50	67
Christian Kendji Wagatsuma Ferreira	24	176	72	L	B	SB	["SB"]	Gil Vicente	2026	Brazil	64	64	71	71	77	78	66	77	68	71	69	66	69	64	61	68	61	67	62	61	69	68	65	69	50	64
Pablo Felipe Pereira de Jesus	21	184	76	R	B	WF	["WF","SM","CF"]	Gil Vicente	2025	Brazil	75	34	74	71	72	74	76	73	72	71	73	71	69	68	74	71	68	61	62	74	77	73	76	64	50	70
Brian Rocha Araújo	24	189	84	R	B	GK	["GK"]	Gil Vicente	2025	Portugal	31	70	77	71	62	62	75	59	58	55	61	62	61	62	33	66	43	61	49	55	65	65	44	58	69	59
Fabiano Josué de Souza Silva	24	175	68	R	B	SB	["SB","SM","WB"]	Moreirense	2026	Brazil	72	68	79	83	85	88	73	84	74	79	71	71	72	73	62	73	62	61	62	66	80	73	73	81	50	74
Sidnei Wilson Vieira David Tavares	23	188	76	R	B	CM	["CM"]	Moreirense	2028	Portugal	67	61	75	73	68	69	68	68	73	69	75	70	70	65	61	68	63	61	64	65	74	74	68	71	50	68
Rúben Ismael Valente Ramos	25	184	77	R	B	DM	["DM"]	Moreirense	2025	Portugal	65	74	74	76	68	69	75	69	71	68	76	74	69	67	61	74	64	61	62	68	74	72	71	76	50	69
Hernâni Infande Tchuda da Silva	23	178	66	R	B	WF	["WF","SM"]	Moreirense	2026	Portugal	69	38	69	71	74	79	71	78	72	72	69	66	68	66	62	68	64	61	65	61	66	71	71	63	50	67
Luís Miguel Nlavo Asué	23	187	79	L	B	CF	["CF","SM","WF"]	Moreirense	2028	Equatorial Guinea	74	32	78	71	72	73	73	68	73	72	68	70	58	64	75	75	70	61	62	74	79	71	73	65	50	66
Jeremy Cornelis Jacobus Antonisse	22	184	72	R	B	WF	["WF","SM"]	Moreirense	2027	Curacao	66	47	71	71	84	83	67	81	75	80	68	66	68	67	66	68	64	64	68	61	66	73	67	68	50	68
Alan de Souza Guimarães	24	165	57	R	B	AM	["AM"]	Moreirense	2026	Brazil	74	54	81	78	78	80	73	81	78	78	78	73	71	66	73	68	70	67	74	61	66	78	73	68	50	71
Carlos dos Santos Rodrigues	30	183	84	R	B	CBT	["CBT"]	Moreirense	2026	Cabo Verde	57	75	84	76	73	72	73	69	68	69	68	70	62	65	61	74	61	61	62	77	86	69	61	78	50	75
Leonardo Daniel Ulineia Buta	22	182	74	L	B	SB	["SB"]	Moreirense	2026	Portugal	69	67	74	78	77	79	72	77	74	74	72	68	70	66	61	68	62	61	62	61	73	74	72	74	50	67
Michael Simões Domingues	33	195	90	L	B	GK	["GK"]	Moreirense	2026	Portugal	31	74	82	71	62	62	75	63	58	55	61	64	62	64	35	70	43	61	49	55	72	65	46	58	73	60
Bernardo Sousa Pereira Brites Martins	27	176	72	L	B	AM	["AM","SM","WF"]	Moreirense	2027	Portugal	75	43	71	71	77	78	71	77	76	75	76	76	72	74	67	77	68	75	65	61	66	76	71	65	50	72
Pedro Miguel Costa Santos	21	178	66	L	B	WF	["WF","SM"]	Moreirense	2028	Portugal	64	34	71	71	79	82	66	82	72	75	64	63	66	64	61	68	62	61	62	61	66	72	66	63	50	65
Caio Gobbo Secco	34	195	92	R	B	GK	["GK"]	Moreirense	2025	Brazil	31	73	79	71	62	62	73	63	58	55	61	63	61	63	36	66	43	61	49	55	67	65	49	62	71	65
Godfried Ayesu Owusu Frimpong	25	180	66	L	B	SB	["SB"]	Moreirense	2025	Netherlands	65	70	72	74	79	79	75	73	73	75	70	69	69	70	61	71	62	61	62	61	70	73	73	74	50	66
Jóbson de Brito Gonzaga	30	184	71	R	B	CBT	["CBT"]	Moreirense	2026	Brazil	52	78	78	78	79	78	78	75	66	70	73	68	64	55	61	68	61	61	62	78	85	71	56	78	50	75
Guilherme Liberato Tomas de Aquino	23	184	78	R	B	DM	["DM"]	Moreirense	2028	Brazil	63	68	74	71	66	66	67	62	67	60	71	68	65	61	61	68	60	61	62	66	68	68	66	71	50	65
Madson de Souza Silva	25	164	54	L	B	WF	["WF","SM"]	Moreirense	2026	Brazil	72	31	80	82	81	79	72	77	76	79	75	73	69	71	76	73	64	61	65	71	73	74	72	70	50	68
Kewin Oliveira Silva	29	189	84	R	B	GK	["GK"]	Moreirense	2025	Brazil	31	79	78	71	62	62	79	66	58	55	61	65	63	65	31	71	43	61	49	55	74	65	44	61	76	63
Gilberto Dambi Batista	21	187	73	R	B	CBT	["CBT","DM","CM"]	Moreirense	2026	Guinea-Bissau	61	66	77	76	68	68	68	63	66	65	72	68	64	51	61	68	61	61	62	73	78	69	61	72	50	60
Dinis Lourenço Casals Namura Borges Pinto	24	178	73	R	B	SB	["SB"]	Moreirense	2026	Portugal	64	67	70	71	77	78	71	76	71	73	70	67	69	66	61	68	62	61	62	61	66	72	71	66	50	63
Gabriel Airton de Souza	28	171	64	R	B	WF	["WF","SM"]	Moreirense	2026	Brazil	71	40	78	71	91	90	73	90	76	83	72	74	64	72	66	77	66	61	62	70	71	76	73	68	50	69
Lawrence Ofori	26	181	69	R	B	CM	["CM","DM"]	Moreirense	2026	Ghana	74	69	73	73	78	74	77	74	81	79	78	77	72	71	71	77	71	61	68	61	67	81	77	71	50	71
Guilherme Schettine Guimarães	29	180	82	R	B	CF	["CF"]	Moreirense	2026	Brazil	76	31	74	73	68	68	75	70	74	70	73	76	61	68	76	79	73	70	70	76	75	75	75	69	50	70
Rui Filipe Teixeira Encarnação	26	185	73	R	B	GK	["GK"]	Nacional	2025	Portugal	31	72	74	71	62	62	74	62	58	55	61	62	61	62	32	66	43	61	49	55	69	65	45	60	71	63
João Miguel Coimbra Aurélio	36	182	74	R	B	SB	["SB"]	Nacional	2025	Portugal	75	68	71	85	66	71	74	71	73	66	73	71	72	71	64	70	66	67	64	68	72	74	74	83	50	77
Ulisses Wilson Jeronymo Rocha	25	186	82	R	B	CBT	["CBT"]	Nacional	2028	Brazil	51	73	88	78	66	66	73	62	65	61	67	65	58	50	61	68	60	61	62	73	78	68	55	80	50	72
José Manuel Mendes Gomes	28	185	76	L	B	SB	["SB"]	Nacional	2027	Portugal	69	66	68	81	76	74	73	70	71	72	68	66	68	66	61	68	64	61	62	72	74	72	73	73	50	63
Rúben Daniel Fonseca Macedo	28	171	64	R	B	WF	["WF","SM"]	Nacional	2025	Portugal	73	42	76	73	81	81	76	82	75	78	71	71	68	71	69	73	68	68	73	61	66	74	76	69	50	69
Bruno Xavier Almeida Costa	27	174	68	R	B	CM	["CM","DM"]	Nacional	2026	Portugal	73	63	74	71	68	74	73	76	77	72	78	77	76	76	74	78	72	68	71	61	66	78	73	72	50	74
Adrián Butzke Benavides	25	193	85	R	B	CF	["CF"]	Nacional	2025	Spain	72	31	72	71	75	76	69	69	73	73	68	68	58	56	76	71	68	61	62	79	83	73	69	63	50	64
Luís André Leite Esteves	26	169	62	R	B	CM	["CM"]	Nacional	2025	Portugal	73	63	79	86	79	81	76	84	77	77	75	74	69	69	67	74	75	78	79	61	66	78	76	82	50	74
Ichnygel Gerzjomir Minguel Thomas	22	177	77	R	B	WF	["WF","SM"]	Nacional	2025	Netherlands	66	35	71	71	86	86	66	76	77	82	72	70	66	70	72	70	65	61	66	61	67	76	66	64	50	63
César Augusto de Oliveira Prado	21	194	89	R	B	GK	["GK"]	Nacional	2025	Brazil	31	69	77	71	62	62	71	60	58	55	61	61	60	61	31	66	43	61	49	55	67	65	44	56	69	59
Chiheb Labidi شهاب العبيدي	23	190	81	L	B	CM	["CM"]	Nacional	2027	Tunisia	66	63	69	74	68	70	72	68	72	68	73	68	66	61	61	68	62	61	62	61	66	73	72	75	50	69
Daniel dos Santos Penha	26	170	68	L	B	AM	["AM","SM","CF","SS","WF"]	Nacional	2025	Brazil	68	41	76	76	74	75	66	76	79	76	76	74	76	74	72	73	72	78	74	61	66	79	66	70	50	70
André Alexandre Carreira Sousa	34	181	77	L	B	CM	["CM"]	Nacional	2025	Portugal	73	62	78	77	66	72	73	72	75	67	74	78	72	76	68	83	74	76	78	63	73	76	73	78	50	75
Miguel Baeza Pérez	24	177	76	L	B	AM	["AM","CM","SM"]	Nacional	2025	Spain	72	50	71	71	70	70	72	71	76	72	78	73	78	71	74	68	68	64	74	61	66	77	72	63	50	70
João Tiago Serrão Garcês	31	176	70	R	B	CM	["CM"]	Nacional	2026	Portugal	72	63	72	73	70	71	73	76	75	71	73	71	72	69	62	70	65	71	70	63	66	76	73	75	50	74
Gustavo Garcia dos Santos	23	175	67	R	B	SB	["SB"]	Nacional	2025	Brazil	66	65	73	76	83	80	73	82	77	79	73	68	73	68	61	68	64	61	62	65	68	78	73	73	50	67
Isaac Aguiar Tomich	20	185	78	R	B	CF	["CF"]	Nacional	2027	Brazil	69	36	74	71	66	74	69	71	74	69	68	70	61	64	73	74	72	61	62	72	76	74	69	69	50	67
Afonso Manuel Abreu de Freitas	24	181	73	L	B	SB	["SB","SM","WB"]	Nacional	2028	Portugal	72	66	73	75	74	74	76	71	75	73	70	67	70	66	62	68	64	61	62	64	71	76	76	71	50	67
Djibril Soumaré	22	185	73	L	B	DM	["DM","CM"]	Nacional	2025	Senegal	64	65	73	71	66	66	71	62	71	66	72	69	66	63	61	68	61	61	62	68	69	70	71	69	50	67
Francisco Adriano Baptista Gonçalves	20	188	84	R	B	CBT	["CBT"]	Nacional	2026	Portugal	50	69	85	71	66	68	71	62	65	62	61	62	58	52	61	68	58	61	62	68	80	65	54	69	50	63
Leonardo Rodrigues dos Santos	26	186	80	R	B	CBT	["CBT"]	Nacional	2027	Brazil	53	73	79	81	74	73	76	72	65	68	70	67	61	54	61	68	59	61	62	71	79	65	58	78	50	75
Lucas Oliveira de França	29	194	92	R	B	GK	["GK"]	Nacional	2025	Brazil	31	76	79	71	62	62	78	64	58	55	61	64	62	64	35	68	43	61	49	55	72	65	54	71	74	69
José Vítor Lima Cardoso	23	189	89	L	B	CBT	["CBT"]	Nacional	2027	Brazil	55	73	89	78	73	68	73	62	65	67	66	65	62	56	61	68	58	61	62	72	83	65	60	74	50	66
Douglas Esteban Sequeira Borbón	21	187	82	L	B	CBT	["CBT"]	Nacional	2027	Costa Rica	48	69	74	71	70	68	66	62	65	66	67	65	62	56	61	68	59	61	62	67	72	65	51	71	50	66
Arvin Amoakoh Appiah	24	175	63	L	B	WF	["WF","SM"]	Nacional	2025	England	65	38	73	71	91	92	63	92	74	83	64	64	63	66	70	68	64	61	62	61	66	73	62	63	50	65
Tiago Rodrigues dos Reis	25	184	78	R	B	CF	["CF"]	Nacional	2027	Brazil	73	34	66	71	70	73	72	69	71	68	65	66	58	61	71	70	67	61	62	74	74	73	72	63	50	66
Gabriel dos Santos Francisco	25	185	77	R	B	WF	["WF","SM"]	Nacional	2026	Brazil	69	39	68	74	87	89	71	82	74	79	68	71	63	71	70	78	67	61	62	69	81	76	71	68	50	64
Matheus Dos Santos Dias	22	187	76	R	B	DM	["DM","CM"]	Nacional	2027	Brazil	64	68	75	75	66	66	72	65	72	65	74	69	66	61	61	68	64	61	62	69	74	74	70	74	50	69
Dyego Wilverson Ferreira Sousa	35	189	89	R	B	CF	["CF"]	Nacional	2025	Portugal	76	33	91	83	66	66	76	69	76	67	74	74	66	71	76	76	75	72	62	81	89	76	76	84	50	77
Luiz Eduardo Teodora da Silva	25	179	73	R	B	CF	["CF","WF","SM"]	Nacional	2025	Brazil	71	40	76	73	85	86	71	84	75	79	67	70	66	70	73	75	65	61	62	66	82	76	71	66	50	66
Tiago Emanuel Embaló Djaló	24	190	82	R	B	CBT	["CBT"]	Porto	2025	Portugal	62	80	85	71	83	82	79	76	72	75	75	70	69	64	61	68	62	61	62	77	90	73	68	73	50	77
Otávio Ataíde da Silva	22	187	83	L	B	CBT	["CBT"]	Porto	2028	Brazil	53	79	83	76	73	74	79	65	68	67	63	64	59	55	61	68	62	61	62	78	85	72	59	81	50	81
Iván Marcano Sierra	37	190	78	L	B	CBT	["CBT"]	Porto	2025	Spain	53	84	78	71	66	66	81	62	69	60	80	74	68	63	62	70	62	62	62	83	81	75	58	76	50	79
Stephen Antunes Eustáquio	28	178	67	R	B	DM	["DM","CM"]	Porto	2027	Canada	75	74	75	81	70	72	79	74	78	73	81	79	78	76	71	76	72	72	78	65	79	81	79	80	50	78
Marko Grujić Марко Грујић	28	191	88	R	B	CM	["CM","DM"]	Porto	2026	Serbia	79	73	86	83	69	66	79	69	81	74	79	79	74	74	77	79	74	62	70	81	85	82	79	82	50	80
Samuel Omorodion Aghehowa	20	193	82	R	B	CF	["CF"]	Porto	2029	Spain	82	31	87	72	79	74	78	68	77	77	73	76	59	62	82	79	76	61	62	83	90	77	78	65	50	68
Fábio Daniel Ferreira Vieira	24	176	61	L	B	AM	["AM","CM"]	Porto	2025	Portugal	77	58	71	71	74	77	77	79	82	78	83	81	79	79	75	79	77	74	78	61	66	83	77	66	50	75
Eduardo Gabriel Aquino Cossa	27	173	72	R	B	AM	["AM","SM","WF"]	Porto	2027	Brazil	85	68	74	90	89	88	85	90	88	88	83	77	79	76	83	73	79	65	72	63	68	88	85	78	50	78
Zaidu Sanusi	27	182	71	L	B	SB	["SB"]	Porto	2027	Nigeria	72	75	73	82	93	90	81	84	69	79	71	68	71	67	61	68	61	61	62	68	87	70	75	78	50	65
Wenderson Rodrigues do Nascimento Galeno	27	179	62	R	B	SM	["SM","WF","SB","WB"]	Porto	2026	Brazil	84	44	74	84	95	93	85	91	84	90	79	79	73	76	81	79	77	76	81	61	74	83	85	75	50	75
Cláudio Pires Morais Ramos	33	183	83	R	B	GK	["GK"]	Porto	2027	Portugal	31	79	80	71	62	62	77	74	58	57	61	64	62	64	36	69	43	61	49	55	80	65	48	66	79	67
Vasco José Cardoso Sousa	21	164	63	R	B	AM	["AM","CM"]	Porto	2027	Portugal	74	56	78	74	73	77	80	78	77	74	77	74	73	71	63	73	70	65	66	61	66	78	80	68	50	70
Nicolás González Iglesias	23	188	85	R	B	DM	["DM","CM","AM"]	Porto	2028	Spain	77	75	85	80	73	68	80	69	81	76	84	82	76	75	73	79	73	68	68	75	81	82	80	81	50	80
Iván Jaime Pajuelo	24	180	75	R	B	WF	["WF","SM","AM"]	Porto	2028	Spain	78	54	74	74	77	79	78	79	82	79	78	77	76	76	81	78	79	72	78	68	79	83	78	66	50	72
Wendell Nascimento Borges	31	176	70	L	B	SB	["SB"]	Porto	2025	Brazil	77	72	75	82	84	85	81	82	81	82	79	78	76	79	62	79	68	78	74	66	78	82	78	83	50	79
Daniel Namaso Edi-Mesumbe Loader	24	182	76	R	B	CF	["CF","AM","SS"]	Porto	2028	England	80	31	79	77	82	82	78	82	80	81	75	74	60	67	78	75	75	61	65	66	81	81	78	67	50	72
André Filipe Russo Franco	26	177	70	L	B	SM	["SM","CM"]	Porto	2027	Portugal	74	48	71	76	79	76	75	76	78	78	78	77	75	74	78	77	69	71	70	63	71	78	75	72	50	74
Francisco José Navarro Aliaga	26	179	71	R	B	CF	["CF"]	Porto	2028	Spain	78	41	79	82	79	78	77	77	78	78	76	78	61	67	80	82	77	61	62	78	86	79	77	79	50	72
Alan Gonzalo Varela	23	177	73	R	B	DM	["DM","CM"]	Porto	2028	Argentina	77	77	78	85	74	75	81	75	78	74	83	82	76	76	68	81	73	63	81	66	77	80	81	85	50	80
João Mário Neto Lopes	25	179	66	R	B	SB	["SB"]	Porto	2027	Portugal	80	70	72	85	87	88	82	85	81	84	78	75	78	78	68	73	71	61	63	76	81	81	82	76	50	74
Patricio Nehuen Pérez	24	184	75	R	B	CBT	["CBT"]	Porto	2025	Argentina	52	81	78	73	66	66	80	62	65	60	75	70	63	47	61	68	60	61	62	78	79	68	57	78	50	79
Deniz Gül	20	190	82	R	B	CF	["CF"]	Porto	2029	Türkiye	74	35	75	71	74	73	75	73	74	73	72	70	61	60	72	70	70	61	62	71	77	74	75	67	50	71
Gonçalo Santos Sousa	18	186	76	L	B	WF	["WF","SM"]	Porto	2027	Portugal	70	42	66	71	75	77	69	71	74	74	71	74	67	72	71	79	65	61	62	61	66	76	69	63	50	63
Martim Moreira Moutinho Fernandes	19	181	73	R	B	SB	["SB"]	Porto	2028	Portugal	72	69	68	76	79	79	78	77	77	76	76	73	73	74	61	72	64	61	66	61	69	78	78	72	50	68
Gonçalo Óscar Albuquerque Borges	23	184	77	R	B	WF	["WF","SM"]	Porto	2027	Portugal	73	35	66	71	87	88	76	87	79	83	73	71	68	71	67	72	66	61	62	61	68	79	76	63	50	68
Francisco Sampaio de Moura	25	182	80	L	B	SB	["SB","SM","WB"]	Porto	2029	Portugal	77	73	74	78	79	80	79	77	79	79	80	73	79	74	73	68	65	68	76	66	77	80	79	78	50	76
Rodrigo Mora de Carvalho	17	168	56	R	B	AM	["AM","CM"]	Porto	2027	Portugal	72	49	79	71	75	78	73	80	76	74	76	70	72	65	64	68	67	61	68	61	66	77	73	63	50	70
Samuel Portugal Lima	30	188	80	L	B	GK	["GK"]	Porto	2027	Brazil	31	77	79	71	62	62	79	65	58	55	61	68	65	68	36	79	43	61	49	55	74	65	50	68	76	69
José Pedro da Silva Figueiredo Freitas	27	187	80	R	B	CBT	["CBT"]	Porto	2027	Portugal	60	80	78	76	69	68	79	67	69	66	78	72	68	62	61	68	63	71	70	77	81	73	66	77	50	76
Diogo Meireles da Costa	25	187	84	R	B	GK	["GK"]	Porto	2027	Portugal	31	86	81	72	62	62	88	69	59	55	63	70	70	71	31	85	43	63	49	56	79	66	58	72	84	75
Cezary Pawet Miszta	23	192	80	R	B	GK	["GK"]	Rio Ave	2027	Poland	31	74	77	71	62	62	76	63	58	55	61	64	62	64	29	70	43	61	49	55	70	65	40	54	73	61
Jonathan William Panzo	24	185	72	L	B	CBT	["CBT"]	Rio Ave	2025	England	55	71	79	73	74	71	76	69	72	71	73	71	72	69	61	70	62	61	62	75	80	73	59	74	50	71
Patrick William Sá de Oliveira	27	187	79	R	B	CBT	["CBT"]	Rio Ave	2025	Brazil	56	74	81	72	67	66	72	62	68	65	76	78	73	76	64	81	68	76	66	72	84	70	59	74	50	75
Georgios Okkas Γεώργιος Οκκάς	21	180	76	L	B	SB	["SB","SM","WB"]	Rio Ave	2027	Cyprus	67	61	71	71	74	73	68	68	66	71	66	65	64	63	61	68	57	61	62	61	68	65	68	68	50	63
João Pedro Barradas Novais	31	183	77	R	B	CM	["CM","DM"]	Rio Ave	2026	Portugal	77	56	79	76	69	73	72	74	77	72	78	81	78	81	76	85	75	83	81	61	70	77	72	69	50	73
Vitor Hugo Gomes da Silva	37	181	74	R	B	CM	["CM","DM"]	Rio Ave	2025	Portugal	73	63	79	71	66	66	74	66	74	64	76	78	77	79	68	81	71	78	68	76	72	76	73	74	50	76
Clayton Fernandes Silva	26	184	88	R	B	CF	["CF"]	Rio Ave	2028	Brazil	76	31	84	79	76	75	73	73	72	74	72	73	66	70	79	76	71	69	62	77	88	71	73	70	50	69
Amine Oudrhiri Idrissi	32	184	76	R	B	CM	["CM","DM"]	Rio Ave	2025	France	71	71	74	81	73	72	76	72	77	74	78	71	77	70	61	68	67	61	76	61	67	77	74	74	50	70
Tiago Fontoura da Fonseca Morais	21	168	63	R	B	WF	["WF","SM","AM"]	Rio Ave	2025	Portugal	75	33	76	76	81	81	76	84	77	78	71	72	68	71	76	75	70	73	74	68	68	77	76	67	50	68
Karem Zoabi	18	184	76	L	B	CF	["CF"]	Rio Ave	2028	Israel	70	31	68	71	71	68	68	67	65	66	63	63	58	58	73	68	62	61	62	71	73	65	68	63	50	65
Chukwudi Goodluck Igbokwe	22	180	68	R	B	CF	["CF"]	Rio Ave	2026	Nigeria	69	31	71	71	79	76	71	72	74	77	69	68	60	60	73	70	67	61	62	71	76	71	71	64	50	65
Brandon Aguilera Zamora	21	179	73	L	B	AM	["AM","CM"]	Rio Ave	2027	Costa Rica	68	52	78	71	72	68	73	68	74	73	76	71	69	60	66	68	65	61	62	61	66	73	73	65	50	67
Marios Vrousai	26	183	77	R	B	WF	["WF","SM","AM"]	Rio Ave	2027	Greece	72	68	72	76	79	80	72	81	78	77	76	76	74	78	73	79	73	78	79	67	77	78	72	73	50	72
Jhonatan Luiz da Siqueira	33	190	79	R	B	GK	["GK"]	Rio Ave	2025	Brazil	31	79	79	71	62	62	81	66	58	55	61	67	64	67	34	77	43	61	49	55	75	65	46	59	78	68
Francisco Miguel Ribeiro Tomé Tavares Bondoso	29	171	66	R	B	WF	["WF","SM","AM"]	Rio Ave	2026	Portugal	74	39	76	76	79	80	76	77	79	80	75	74	72	73	75	74	76	74	74	69	70	78	76	67	50	71
João Tomé Esteves Baptista	21	185	77	R	B	SB	["SB","SM","WB"]	Rio Ave	2027	Portugal	68	63	76	72	74	79	68	74	71	72	69	66	68	65	61	68	61	61	62	67	79	70	66	70	50	65
João Pedro Salazar da Graça	29	177	73	R	B	CM	["CM","WF","SM"]	Rio Ave	2026	Portugal	72	68	73	76	72	71	73	72	75	73	76	74	72	70	63	73	66	71	66	66	71	75	73	74	50	73
Ahmed Hassan Mahgoub	31	191	78	R	B	CF	["CF"]	Rio Ave	2025	Egypt	76	32	85	73	66	66	71	71	72	67	73	76	61	63	77	82	72	61	64	81	85	73	71	77	50	77
Francisco Petrasso	22	191	83	R	B	CBT	["CBT","SB"]	Rio Ave	2028	Argentina	63	66	85	71	66	66	67	62	65	64	63	63	58	52	61	68	56	61	62	73	79	65	67	73	50	62
Tobías Medina	20	170	68	L	B	CM	["CM"]	Rio Ave	2028	Argentina	69	50	76	73	67	68	63	69	74	70	76	70	71	65	64	68	65	61	62	61	66	74	62	70	50	72
Aderllan Leandro de Jesus Santos	35	193	85	R	B	CBT	["CBT"]	Rio Ave	2025	Brazil	52	80	85	80	71	66	81	62	66	67	70	74	62	65	61	80	63	69	62	81	84	67	57	82	50	83
Demir Ege Tıknaz	20	193	76	R	B	DM	["DM","CM"]	Rio Ave	2025	Türkiye	67	66	71	71	74	68	66	67	76	74	77	72	67	60	61	68	63	61	62	66	71	76	66	71	50	72
Renato Pantalon	27	194	86	R	B	CBT	["CBT"]	Rio Ave	2026	Croatia	50	73	91	71	66	66	75	62	65	61	61	62	61	50	61	68	59	61	62	74	81	65	53	71	50	70
João António Nascimento Muniz	19	187	73	L	B	CBT	["CBT","SB"]	Rio Ave	2025	Portugal	65	72	71	71	73	75	75	66	65	67	61	62	59	59	61	68	57	61	62	78	82	65	71	72	50	67
Martim Carvalho Neto	22	181	75	R	B	CM	["CM","DM"]	Rio Ave	2025	Portugal	73	62	69	80	79	80	75	81	79	79	77	76	73	73	72	77	69	61	62	61	69	79	75	75	50	73
Fábio Ronaldo Costa Conceição	23	178	72	R	B	WF	["WF","SM","SB","WB"]	Rio Ave	2027	Portugal	72	65	73	77	85	88	73	87	77	82	72	74	69	75	72	79	72	61	72	67	79	76	71	67	50	68
Ole Pohlmann	23	183	75	R	B	CM	["CM","AM","SM"]	Rio Ave	2027	Germany	76	54	77	81	72	79	76	79	77	74	76	71	73	70	72	68	69	75	74	66	85	77	76	72	50	72
Omar Tyrell Crawford Richards	26	174	69	L	B	SB	["SB","SM","WB"]	Rio Ave	2025	England	72	72	73	71	73	82	76	81	78	74	75	70	69	66	66	68	64	61	62	66	68	78	75	76	50	73
Antzelo Sina Άντζελο Σίνα	21	188	75	R	B	GK	["GK"]	Rio Ave	2025	Albania	31	69	76	71	62	62	71	60	58	55	61	62	60	62	31	66	43	61	49	55	66	65	35	54	69	55
Gabriel Batista de Souza	26	188	78	R	B	GK	["GK"]	Santa Clara	2026	Brazil	31	76	77	71	62	62	77	64	58	55	63	69	67	69	33	81	43	61	49	55	72	65	45	60	75	67
Diogo dos Santos Cabral	26	180	76	R	B	SB	["SB","SM","WB"]	Santa Clara	2025	Portugal	70	66	73	72	74	76	72	76	73	72	71	67	66	66	61	68	62	61	73	61	69	73	72	72	50	67
Matheus Pereira de Souza	24	172	67	L	B	SB	["SB","SM","WB"]	Santa Clara	2028	Brazil	71	66	78	81	81	79	72	73	75	78	68	65	68	66	61	68	62	63	62	63	74	74	72	77	50	69
Pedro Jorge Pacheco Seabra	27	189	83	R	B	CBT	["CBT"]	Santa Clara	2028	Portugal	50	76	71	71	66	66	74	69	65	60	69	66	62	49	61	68	58	61	62	78	76	65	54	75	50	71
Adriano Firmino dos Santos da Silva	25	187	73	R	B	DM	["DM","CBT","CM"]	Santa Clara	2027	Brazil	70	70	76	71	66	66	75	64	71	62	76	71	69	65	61	68	62	61	62	67	72	73	73	71	50	71
Pedro Miguel Dinis Ferreira	27	183	79	R	B	DM	["DM","CM"]	Santa Clara	2026	Portugal	67	70	80	83	72	70	74	66	70	69	71	68	63	57	61	68	61	61	62	63	74	71	69	81	50	71
Alisson Pelegrini Safira	29	185	75	R	B	CF	["CF"]	Santa Clara	2026	Brazil	77	31	70	77	71	72	77	68	74	71	70	74	60	64	77	81	72	61	62	78	79	76	77	69	50	68
Ricardo Jorge Oliveira António	26	178	73	R	B	WF	["WF","SM","AM"]	Santa Clara	2025	Portugal	75	52	70	71	75	71	74	71	76	75	73	71	72	71	74	71	69	61	62	61	66	76	74	63	50	70
Gabriel Silva Vieira	22	177	78	R	B	WF	["WF","SM"]	Santa Clara	2025	Brazil	76	34	68	73	79	81	73	81	77	77	71	68	71	70	76	68	73	76	73	66	75	78	73	65	50	70
Hélio Miguel Júnior	21	192	80	R	B	GK	["GK"]	Santa Clara	2027	Brazil	31	68	74	71	62	62	71	60	58	55	61	62	61	62	31	66	43	61	49	55	66	65	36	49	69	57
Luís Carlos Rocha Rodrigues	38	186	85	R	B	CBT	["CBT"]	Santa Clara	2026	Portugal	51	76	88	71	66	66	75	62	65	60	61	62	58	51	61	68	56	61	62	79	79	65	53	72	50	68
João Pedro Augusto Mourão Costa	24	185	78	R	B	CF	["CF"]	Santa Clara	2027	Portugal	72	32	69	72	74	75	73	71	71	70	61	64	58	58	76	71	66	61	62	73	77	73	73	65	50	64
Bruno Filipe Pereira Soares Almeida	28	172	66	L	B	AM	["AM","WF","SM"]	Santa Clara	2026	Portugal	73	33	74	71	78	85	69	85	75	76	73	71	70	68	76	70	71	71	70	61	66	76	69	63	50	70
Frederico André Ferrão Venâncio	31	186	82	R	B	CBT	["CBT"]	Santa Clara	2026	Portugal	52	77	85	71	66	66	78	63	66	61	72	68	62	53	61	68	62	61	62	76	84	73	57	74	50	78
Sidney Alexssander Pena de Lima	28	182	72	R	B	CBT	["CBT"]	Santa Clara	2025	Brazil	51	76	70	76	69	66	75	63	65	65	70	67	60	53	61	68	59	61	62	75	74	66	56	74	50	67
Guilherme Magro Pires Ramos	27	191	86	R	B	CBT	["CBT"]	Santa Clara	2025	Portugal	51	73	85	76	71	66	73	62	65	66	69	66	60	51	61	68	58	61	62	76	79	65	55	78	50	76
Habraão Lincon Do Nascimento Saraiva	23	184	76	R	B	CBT	["CBT"]	Santa Clara	2027	Brazil	50	74	72	71	67	68	74	63	65	64	61	62	58	49	61	68	55	61	62	72	74	65	53	68	50	63
Matheus Nunes Fagundes de Araújo	23	185	75	L	B	SM	["SM","SB","WB"]	Santa Clara	2028	Brazil	74	62	68	71	66	68	76	68	76	66	73	73	74	75	74	74	70	76	73	67	70	77	76	65	50	69
Sérgio Miguel Araújo Lobo	25	181	77	R	B	CM	["CM"]	Santa Clara	2027	Portugal	73	62	68	73	69	72	73	67	75	70	78	72	70	64	61	68	65	61	62	68	71	78	73	70	50	71
Daniel Borges da Silva	21	183	81	R	B	CBT	["CBT"]	Santa Clara	2025	Brazil	50	72	74	71	66	66	71	62	65	63	61	62	58	50	61	68	55	61	62	66	71	65	54	68	50	62
Lucas Soares de Almeida	26	174	64	R	B	SB	["SB","SM","WB"]	Santa Clara	2027	Brazil	67	69	74	78	85	83	73	80	75	80	70	67	69	66	61	68	62	61	62	61	66	73	73	69	50	64
Vinícius Lopes da Silva	25	179	81	R	B	WF	["WF","SM"]	Santa Clara	2028	Brazil	76	32	69	71	74	75	72	74	76	75	76	74	73	73	78	72	68	67	66	70	68	76	72	68	50	73
Gustavo Klismahn Dimaraes Miranda	25	180	80	L	B	CM	["CM","SM"]	Santa Clara	2027	Brazil	69	66	78	76	70	72	68	69	71	69	76	76	71	71	68	79	70	75	62	70	78	71	68	74	50	71
Andrés Augusto Mehring	30	191	82	R	B	GK	["GK"]	Santa Clara	2026	Argentina	31	74	80	71	62	62	73	62	58	55	61	65	63	65	34	71	43	61	49	55	70	65	49	62	72	61
Matheus Lima Magalhães	32	190	84	R	B	GK	["GK"]	Sporting Braga	2027	Brazil	31	82	82	71	62	62	83	69	58	55	61	69	66	71	34	84	43	61	49	55	81	65	52	69	82	68
Víctor Gómez Perea	24	169	68	R	B	SB	["SB"]	Sporting Braga	2028	Spain	80	73	77	85	82	85	81	83	79	80	80	75	79	75	61	70	68	61	75	70	79	80	81	81	50	78
Robson Alves de Barros	27	185	72	R	B	CBT	["CBT"]	Sporting Braga	2028	Brazil	56	79	72	71	79	75	77	75	68	71	71	67	63	58	61	68	61	61	63	79	82	70	61	73	50	72
Sikou Niakaté	25	186	76	L	B	CBT	["CBT"]	Sporting Braga	2028	Mali	62	81	83	82	78	74	80	72	72	73	73	70	60	60	61	68	62	61	62	81	88	73	68	82	50	79
Vitor Carvalho Vieira	27	183	73	R	B	DM	["DM","CM"]	Sporting Braga	2028	Brazil	76	75	78	82	78	80	79	76	77	76	78	76	68	64	68	74	68	61	72	63	78	78	78	80	50	75
Armindo Tué Na Bangna	30	173	70	R	B	WF	["WF","SM"]	Sporting Braga	2027	Portugal	77	36	78	76	90	92	73	92	85	88	76	76	73	76	79	79	77	76	80	64	75	85	73	71	50	74
João Filipe Iria Santos Moutinho	38	170	61	R	B	CM	["CM","DM"]	Sporting Braga	2025	Portugal	80	70	73	81	66	66	82	66	82	68	88	83	83	79	71	79	77	84	83	71	66	83	82	79	50	79
Amine El Ouazzani أمين الوزاني	23	188	74	L	B	CF	["CF","SM","WF"]	Sporting Braga	2029	Morocco	76	31	73	78	69	70	75	67	75	71	74	74	64	71	76	75	67	63	62	76	79	76	75	68	50	69
André Filipe Luz Horta	28	175	62	R	B	CM	["CM","DM"]	Sporting Braga	2027	Portugal	78	71	77	85	77	77	81	82	81	79	83	81	79	77	74	79	76	67	73	62	78	81	81	79	50	77
Roger Fernandes	19	170	63	L	B	WF	["WF","SM"]	Sporting Braga	2028	Portugal	78	38	76	71	91	87	80	90	77	84	74	72	73	73	73	72	65	61	64	61	66	76	80	68	50	71
Tiago Magalhães de Sá	30	185	78	R	B	GK	["GK"]	Sporting Braga	2027	Portugal	31	74	77	71	62	62	73	67	58	55	61	64	62	64	32	69	43	61	49	55	71	65	49	71	73	70
João Diogo Fonseca Ferreira	23	185	79	R	B	CBT	["CBT","SB"]	Sporting Braga	2025	Portugal	68	72	70	75	80	79	78	70	71	74	71	70	67	70	61	70	62	61	62	73	79	72	78	77	50	67
Paulo André Rodrigues de Oliveira	33	187	81	R	B	CBT	["CBT"]	Sporting Braga	2025	Portugal	52	81	79	73	66	66	79	62	71	65	74	69	65	55	61	68	62	61	62	79	85	73	58	74	50	73
Rodrigo Zalazar Martínez	25	178	70	R	B	CM	["CM","AM","DM"]	Sporting Braga	2028	Uruguay	80	70	77	85	81	80	80	84	81	81	80	83	77	79	82	86	79	78	76	64	74	82	80	83	50	80
Adrián Marín Gómez	28	181	73	L	B	SB	["SB"]	Sporting Braga	2026	Spain	70	72	75	79	78	76	77	75	76	75	75	71	74	71	61	68	64	61	70	75	80	77	77	78	50	70
Ismaël Gharbi Álvarez	20	167	58	R	B	WF	["WF","SM","AM"]	Sporting Braga	2029	Spain	71	47	77	74	76	79	73	81	78	77	73	68	68	66	66	68	65	63	73	61	66	78	73	68	50	68
Ricardo Jorge da Luz Horta	30	173	63	R	B	AM	["AM","SM","WF"]	Sporting Braga	2028	Portugal	86	44	78	86	81	85	85	85	84	82	85	83	81	81	83	81	85	84	84	66	76	84	85	81	50	83
Thiago Emanuel Helguera Merello	18	179	70	R	B	DM	["DM","CM"]	Sporting Braga	2029	Uruguay	65	65	73	75	75	76	70	72	71	72	74	69	64	54	61	68	62	61	62	61	66	72	70	73	50	69
Yuri Oliveira Ribeiro	27	180	77	L	B	SB	["SB","CBT"]	Sporting Braga	2026	Portugal	70	70	75	76	79	79	72	82	71	73	76	73	71	69	61	71	63	61	72	71	79	73	72	75	50	72
Bright Akwo Arrey-Mbi	21	187	80	L	B	CBT	["CBT","SB"]	Sporting Braga	2029	Germany	66	69	83	83	91	79	76	76	67	76	68	66	58	53	61	68	62	61	62	73	85	73	76	79	50	67
Rafik Guitane	25	170	64	L	B	WF	["WF","SM"]	Sporting Braga	2025	Algeria	76	39	79	71	80	79	72	84	83	82	75	73	73	72	76	72	69	63	72	61	66	81	72	65	50	73
Jean-Baptiste Gorby	22	181	76	R	B	DM	["DM","CM"]	Sporting Braga	2027	France	69	66	76	71	66	66	73	64	69	62	75	71	66	62	61	69	62	61	62	65	68	73	73	74	50	71
João Miguel Vieira Freitas da Silva Marques	22	179	73	R	B	WF	["WF","SM","AM","CM"]	Sporting Braga	2029	Portugal	75	50	69	71	72	78	74	79	78	74	75	74	74	72	77	74	73	71	69	61	66	78	74	67	50	72
Gabriel Martínez Aguilera	22	185	79	R	B	WF	["WF","SM"]	Sporting Braga	2029	Spain	75	40	68	71	84	85	78	84	77	79	72	69	69	68	74	68	65	61	62	61	67	78	78	63	50	68
João de Vasconcelos Faria Gonçalves	19	180	66	L	B	WF	["WF","SM","AM"]	Sporting Braga	2028	Portugal	67	45	70	71	72	77	70	71	74	71	71	70	66	66	64	70	65	61	67	61	66	76	70	63	50	65
Roberto Fernández Jaén	23	186	75	R	B	CF	["CF"]	Sporting Braga	2029	Spain	71	41	71	71	74	76	75	71	77	74	73	73	65	66	74	74	70	61	62	75	78	78	75	69	50	69
Lukáš Horníček	22	194	95	R	B	GK	["GK"]	Sporting Braga	2028	Czechia	31	74	77	71	62	62	73	64	58	55	61	66	63	66	31	74	43	61	49	55	72	65	40	58	73	55
Franco Israel Wibmer	24	190	82	R	B	GK	["GK"]	Sporting CP	2027	Uruguay	31	81	85	71	62	62	83	68	58	55	61	66	64	66	30	75	43	61	49	55	78	65	46	64	79	63
Matheus Reis de Lima	29	184	80	L	B	CBT	["CBT","SB","SM","WB"]	Sporting CP	2026	Brazil	73	79	85	84	81	79	82	79	81	82	80	75	76	75	61	70	67	61	76	76	86	81	80	84	50	74
Jeremiah Israël St. Juste	28	186	79	R	B	CBT	["CBT","SB"]	Sporting CP	2026	Netherlands	76	79	78	75	96	91	85	88	81	88	80	75	73	69	68	71	64	62	62	76	87	80	83	77	50	75
Hidemasa Morita 守田 英正	29	177	76	R	B	CM	["CM","DM"]	Sporting CP	2026	Japan	81	77	79	86	74	73	83	76	83	78	83	80	79	75	79	76	74	66	76	61	72	83	82	83	50	80
Zeno Koen Debast	21	191	76	R	B	CBT	["CBT"]	Sporting CP	2029	Belgium	64	80	77	83	77	66	79	66	79	77	81	74	76	68	62	68	67	69	66	80	81	81	69	81	50	78
Pedro António Pereira Gonçalves	26	173	78	R	B	WF	["WF","SM","AM","CM"]	Sporting CP	2027	Portugal	87	66	78	87	79	83	87	85	87	83	88	84	85	83	87	81	85	85	85	69	76	87	87	80	50	83
Viktor Einar Gyökeres	26	189	94	R	B	CF	["CF","WF","SM"]	Sporting CP	2028	Sweden	87	42	92	93	93	90	88	87	85	88	81	84	72	81	90	89	81	73	74	85	96	85	88	91	50	86
Marcus Edwards	26	167	71	L	B	WF	["WF","SM","CF"]	Sporting CP	2026	England	79	40	79	78	86	89	81	91	85	86	77	75	72	75	76	74	77	68	79	61	66	85	81	68	50	73
Nuno Miguel Gomes dos Santos	29	177	71	L	B	SM	["SM","SB","WF","WB"]	Sporting CP	2027	Portugal	82	73	74	83	83	85	81	83	83	83	79	83	80	85	82	88	84	81	82	68	79	83	81	82	50	81
Vladan Kovačević	26	192	83	R	B	GK	["GK"]	Sporting CP	2029	Serbia	31	79	80	71	62	62	80	65	58	55	61	67	65	68	29	79	43	61	49	55	74	65	40	65	77	65
Francisco António Machado Mota de Castro Trincão	25	184	74	L	B	WF	["WF","SM","AM"]	Sporting CP	2026	Portugal	82	45	72	75	81	80	81	83	85	84	79	79	76	78	83	79	80	78	85	73	76	85	81	68	50	76
Conrad Harder Weibel Schandorf	19	185	84	L	B	CF	["CF","AM","WF","SM","SS"]	Sporting CP	2029	Denmark	75	33	79	71	78	77	73	76	75	76	68	73	58	67	77	80	71	61	62	68	80	73	73	73	50	77
Maximiliano Javier Araújo Vilches	24	177	75	L	B	SM	["SM","SB","WF","WB"]	Sporting CP	2029	Uruguay	77	65	70	81	86	89	78	88	81	83	76	73	76	74	76	72	66	61	73	68	79	83	78	76	50	74
Geny Cipriano Catamo	23	173	71	L	B	WF	["WF","SM"]	Sporting CP	2028	Mozambique	78	69	74	79	90	89	78	89	84	88	74	75	70	76	77	78	78	61	74	63	71	84	78	72	50	73
Iván Fresneda Corraliza	20	183	79	R	B	SB	["SB","CBT"]	Sporting CP	2028	Spain	69	74	75	80	79	79	76	77	80	79	75	70	68	66	61	68	65	61	62	68	78	81	73	75	50	67
Daniel Santos Bragança	25	178	72	L	B	CM	["CM","DM","AM"]	Sporting CP	2027	Portugal	78	69	75	76	84	82	81	81	83	83	84	78	77	71	80	71	76	78	79	61	70	84	81	72	50	76
Gonçalo Bernardo Inácio	23	185	81	L	B	CBT	["CBT","SB"]	Sporting CP	2027	Portugal	79	81	82	81	84	82	81	79	76	79	82	77	72	56	61	72	64	61	62	85	87	78	81	81	50	80
Ousmane Diomande	21	190	93	R	B	CBT	["CBT"]	Sporting CP	2027	Côte d'Ivoire	53	81	88	80	85	81	81	75	78	80	78	72	69	50	61	68	65	61	62	78	90	81	58	82	50	82
Diego Callai Silva	20	190	90	R	B	GK	["GK"]	Sporting CP	2027	Brazil	31	75	77	71	62	62	76	63	58	55	61	65	63	65	29	71	43	61	49	55	70	65	43	61	73	57
Morten Blom Due Hjulmand	25	185	78	R	B	DM	["DM","CM"]	Sporting CP	2028	Denmark	81	77	85	88	70	70	84	68	81	75	83	84	79	79	75	85	75	69	74	72	80	83	83	87	50	83
Ricardo Sousa Esgaio	31	172	72	R	B	SB	["SB","CBT","SM","WB"]	Sporting CP	2026	Portugal	78	71	74	81	73	72	76	76	80	75	80	76	77	77	72	74	72	62	81	66	69	81	76	78	50	77
Diogo de Carvalho Pinto	20	195	89	R	B	GK	["GK"]	Sporting CP	2026	Portugal	31	76	79	71	62	62	76	65	58	55	61	65	63	65	31	73	43	61	49	55	73	65	37	52	75	57
Geovany Tcherno Quenda	17	172	71	L	B	WF	["WF","SM"]	Sporting CP	2027	Portugal	73	38	75	73	85	88	68	87	82	83	77	72	73	70	70	68	72	61	74	61	66	82	68	68	50	71
Eduardo Filipe Quaresma Vieira Coimbra Simões	22	184	79	R	B	CBT	["CBT","SB"]	Sporting CP	2028	Portugal	73	76	80	72	79	84	82	74	80	79	78	71	72	66	61	68	64	61	62	76	89	79	80	76	50	72
Rafael Ferreira Nel	19	182	73	R	B	CF	["CF","WF","SM","AM","SS"]	Sporting CP	2029	Portugal	70	31	74	77	79	81	67	79	76	76	70	70	58	57	76	73	70	62	62	73	79	78	67	71	50	68
Afonso Bastardo Moreira	19	176	72	R	B	WF	["WF","SM"]	Sporting CP	2025	Portugal	70	54	72	71	85	82	65	82	79	82	72	73	68	70	69	75	64	66	71	61	66	78	65	63	50	68
Miguel Ângelo Gomes Ferreira Magalhães	22	175	68	R	B	SB	["SB","SM","WB"]	Vitória SC	2027	Portugal	68	70	71	76	81	80	75	79	74	76	72	68	72	69	62	68	65	63	67	61	66	76	75	70	50	67
Mikel Villanueva Álvarez	31	192	79	L	B	CBT	["CBT"]	Vitória SC	2025	Venezuela	56	78	88	76	66	66	76	62	71	63	74	71	72	70	61	69	62	61	62	71	73	73	62	77	50	76
Tomás Aresta Branco Machado Ribeiro	25	185	77	L	B	CBT	["CBT"]	Vitória SC	2027	Portugal	53	77	79	77	71	69	77	68	65	66	71	70	63	58	61	71	62	61	62	77	82	72	60	79	50	79
Marco Sousa Cruz	20	181	73	L	B	CM	["CM"]	Vitória SC	2028	Portugal	68	58	69	71	66	68	68	68	73	67	74	69	73	65	61	68	63	63	62	61	66	75	68	67	50	68
Manuel Jorge Silva	23	189	83	R	B	CBT	["CBT","DM"]	Vitória SC	2027	Portugal	66	70	84	73	66	68	76	64	66	62	75	70	66	60	61	68	60	61	62	73	80	68	76	75	50	69
Nélson Miguel Castro Oliveira	33	185	82	R	B	CF	["CF"]	Vitória SC	2025	Portugal	78	40	80	74	73	70	76	71	76	73	73	76	69	75	76	80	75	66	68	76	77	77	76	76	50	77
Tomás Romano Pereira dos Santos Händel	24	180	75	L	B	DM	["DM","CM"]	Vitória SC	2026	Portugal	71	73	75	82	73	78	78	77	77	74	81	75	77	71	65	69	68	66	66	66	74	79	78	77	50	72
Jesús Andrés Ramírez Díaz	26	184	76	R	B	CF	["CF"]	Vitória SC	2027	Venezuela	76	39	73	84	84	80	76	78	73	77	69	70	64	66	77	74	68	61	62	76	81	75	76	74	50	71
Tiago Rafael Maia da Silva	31	172	69	R	B	CM	["CM","AM","DM"]	Vitória SC	2026	Portugal	80	66	74	78	74	77	80	78	81	76	81	82	78	81	78	85	77	80	79	61	66	81	80	78	50	80
Kaio César Andrade Lima	20	168	66	L	B	WF	["WF","SM","CF"]	Vitória SC	2025	Brazil	70	36	76	71	86	90	74	91	79	83	71	67	68	66	67	68	69	62	65	61	66	78	74	66	50	67
João Miguel Teixeira Mendes	24	179	71	L	B	SB	["SB"]	Vitória SC	2028	Portugal	68	69	74	78	80	81	73	79	73	75	72	68	73	69	61	68	64	61	66	61	70	73	73	72	50	67
Bruno Miguel Semedo Varela	30	191	88	R	B	GK	["GK"]	Vitória SC	2026	Cabo Verde	31	78	82	71	62	62	80	72	58	55	61	66	63	66	37	74	43	61	49	55	76	65	51	63	78	67
Óscar Rivas Viondi	24	190	80	R	B	CBT	["CBT","DM"]	Vitória SC	2028	Spain	64	66	78	71	66	66	70	62	65	64	68	66	58	51	61	68	59	61	62	70	74	65	68	70	50	61
João Sabino Mendes Neto Saraiva	30	183	76	R	B	WF	["WF","SM","CM","AM"]	Vitória SC	2025	Portugal	79	59	78	78	76	73	79	71	79	77	79	81	76	79	75	84	77	61	68	61	71	80	79	72	50	75
Telmo Emanuel Gomes Arcanjo	23	180	79	L	B	AM	["AM","WF","SM"]	Vitória SC	2027	Cabo Verde	70	46	67	71	74	73	72	71	74	73	76	70	68	62	64	68	64	64	62	61	66	75	72	63	50	68
Fábio Samuel Amorim da Silva	28	170	66	L	B	CM	["CM","AM","DM"]	Vitória SC	2027	Portugal	77	58	74	86	80	80	76	83	82	82	79	76	74	71	78	73	71	74	70	61	69	81	76	78	50	77
Alberto Oliveira Baio	21	186	79	R	B	SB	["SB"]	Vitória SC	2028	Portugal	68	66	74	71	71	73	71	67	70	69	68	66	68	66	61	68	61	61	62	67	74	71	71	67	50	64
Toni Borevković	27	194	86	R	B	CBT	["CBT"]	Vitória SC	2026	Croatia	51	79	86	79	66	66	78	62	65	60	73	68	63	51	61	68	61	61	62	77	78	69	55	79	50	73
Charles Marcelo da Silva	30	186	80	R	B	GK	["GK"]	Vitória SC	2025	Brazil	31	74	75	71	62	62	78	65	58	55	61	63	61	63	35	66	43	61	49	55	72	65	47	62	73	64
José Carlos Natário Ferreira	23	172	66	R	B	SB	["SB"]	Vitória SC	2027	Portugal	65	66	75	78	76	78	73	79	73	74	72	68	66	62	61	68	62	61	62	61	66	73	73	79	50	72
Jorge Filipe Oliveira Fernandes	27	191	91	R	B	CBT	["CBT"]	Vitória SC	2025	Portugal	50	79	93	71	66	66	73	62	69	62	71	68	65	56	61	68	61	61	62	76	79	71	54	74	50	75
João Pedro Espírito Santo Oliveira	22	185	78	R	B	GK	["GK"]	Vitória SC	2027	Portugal	31	69	73	71	62	62	71	60	58	55	61	62	60	62	33	66	43	61	49	55	67	65	44	58	69	62
Gustavo da Silva Cunha	25	180	75	R	B	WF	["WF","SM"]	Vitória SC	2028	Brazil	74	51	74	78	76	79	71	77	73	73	71	68	65	69	78	68	71	67	67	62	74	74	71	68	50	68
Bruno Miguel Boialvo Gaspar	31	178	70	R	B	SM	["SM","SB","WB"]	Vitória SC	2026	Angola	78	70	75	81	83	80	78	79	78	79	76	76	74	76	61	77	70	61	78	66	76	78	78	77	50	75
Nuno Miguel Valente Santos	25	179	73	R	B	CM	["CM","WF","SM"]	Vitória SC	2027	Portugal	74	69	75	77	80	79	78	75	77	78	77	76	73	71	73	77	73	68	69	64	74	78	78	71	50	71
José Manuel Bica Reis	21	180	72	R	B	CF	["CF"]	Vitória SC	2028	Portugal	65	31	71	71	69	66	66	69	72	70	65	64	61	61	71	68	65	61	78	66	66	73	66	63	50	63
Diogo Lobão de Sousa	19	176	70	L	B	DM	["DM"]	Vitória SC	2025	Portugal	63	65	71	71	68	66	67	65	67	65	71	67	65	61	61	68	61	61	62	61	66	69	67	69	50	66
Rodrigo Silva Duarte	18	177	64	L	B	WF	["WF","SM"]	Vitória SC	2025	Portugal	65	35	70	71	74	79	66	82	70	71	68	66	65	61	63	68	63	62	62	61	66	70	66	63	50	65
Semih Güler	30	188	85	R	B	CBT	["CBT"]	Adana Demirspor	2025	Türkiye	51	73	83	78	77	74	76	73	65	69	68	66	65	58	61	68	59	61	62	71	81	66	55	79	50	75
Andreaw Rayan Gravillon	26	185	80	R	B	CBT	["CBT","SB"]	Adana Demirspor	2026	France	65	72	88	71	78	71	76	66	65	70	69	73	60	65	61	79	65	61	62	80	90	68	73	73	50	65
Yusuf Sarı	26	168	55	L	B	WF	["WF","SM"]	Adana Demirspor	2025	Türkiye	74	41	79	77	83	92	76	92	81	82	76	77	76	78	74	80	73	71	79	61	71	79	76	67	50	70
Tayfun Aydoğan	28	175	72	R	B	CM	["CM","AM"]	Adana Demirspor	2026	Türkiye	65	55	71	74	67	68	65	70	72	68	71	71	71	71	66	74	67	75	74	61	66	72	63	71	50	68
Nabil Alioui	25	175	64	R	B	WF	["WF","SM","CF"]	Adana Demirspor	2027	France	74	35	73	71	74	73	71	77	77	76	73	74	72	74	76	76	70	69	73	65	68	76	71	64	50	70
Yusuf Barası	21	182	72	R	B	CF	["CF","WF","SM"]	Adana Demirspor	2026	Türkiye	70	31	68	75	77	81	70	79	72	74	68	68	58	62	74	69	66	61	63	68	76	71	70	68	50	64
Jovan Manev	23	186	78	R	B	CBT	["CBT"]	Adana Demirspor	2027	North Macedonia	51	69	79	71	81	79	69	75	66	74	62	62	58	54	64	68	58	61	62	72	84	65	52	73	50	71
İzzet Çelik	20	173	60	R	B	AM	["AM","CM"]	Adana Demirspor	2025	Türkiye	60	41	74	71	66	73	63	74	71	66	66	64	65	60	61	68	61	66	67	61	66	69	56	65	50	63
Abat Aymbetov	29	184	71	R	B	CF	["CF"]	Adana Demirspor	2025	Kazakhstan	69	31	66	71	66	66	68	65	69	63	68	68	58	57	73	72	66	61	62	71	66	71	68	63	50	64
Bünyamin Balat	28	175	70	L	B	AM	["AM","WF","SM"]	Adana Demirspor	2026	Türkiye	70	44	72	71	68	72	68	71	72	68	72	69	71	68	70	68	65	78	78	61	66	73	68	68	50	69
Aksel Aktaş	25	177	70	R	B	AM	["AM","CM","SM"]	Adana Demirspor	2026	Türkiye	71	50	68	72	73	71	71	71	73	71	72	70	64	61	66	70	64	61	62	61	66	73	71	70	50	70
Abdulsamet Burak	28	183	78	L	B	CBT	["CBT","DM","SB"]	Adana Demirspor	2025	Türkiye	61	64	71	71	66	68	67	65	65	61	63	62	65	62	61	68	59	61	62	67	71	65	61	71	50	63
Burhan Ersoy	21	187	80	R	B	CBT	["CBT"]	Adana Demirspor	2025	Türkiye	47	64	67	71	66	66	63	66	65	64	61	62	58	50	61	68	57	61	62	61	66	65	48	67	50	62
Murat Uğur Eser	19	191	70	R	B	GK	["GK"]	Adana Demirspor	2028	Türkiye	31	68	73	71	62	62	61	59	58	55	61	61	60	61	31	66	43	61	49	55	65	65	30	47	68	51
Salih Kavrazlı	22	172	69	R	B	WF	["WF","SM","CF"]	Adana Demirspor	2025	Türkiye	70	31	68	71	74	72	66	71	69	71	61	64	62	67	64	70	66	61	68	70	73	68	66	63	50	65
Florent Shehu	22	184	71	L	B	WF	["WF","SM","AM"]	Adana Demirspor	2026	Albania	61	36	70	71	74	74	63	75	73	73	69	71	68	69	63	74	67	69	75	62	66	73	58	63	50	64
Vedat Karakuş	26	183	80	R	B	GK	["GK"]	Adana Demirspor	2025	Türkiye	31	69	75	71	62	62	74	61	58	55	61	61	60	61	31	66	43	61	49	55	68	65	39	60	69	58
Tolga Kalender	23	191	80	R	B	CBT	["CBT"]	Adana Demirspor	2025	Türkiye	46	67	80	71	70	66	67	62	65	66	61	62	59	51	61	68	56	61	62	61	69	65	46	68	50	65
António Simão Muanza	21	173	63	R	B	DM	["DM","CM"]	Adana Demirspor	2026	Angola	68	65	73	71	72	69	70	70	72	72	75	73	66	61	61	72	61	61	62	69	72	70	68	72	50	70
Motez Nourani معتز نوراني	23	176	71	R	B	WF	["WF","SM"]	Adana Demirspor	2026	Tunisia	66	42	73	71	78	77	63	77	73	75	70	69	67	68	63	70	62	61	62	61	66	72	63	67	50	66
Ali Yavuz Kol	23	175	70	R	B	CF	["CF","WF","SM"]	Adana Demirspor	2026	Türkiye	68	31	76	73	82	81	66	81	69	76	68	68	66	67	68	71	66	61	62	71	80	68	66	68	50	66
Kadir Karayiğit	19	178	67	R	B	SB	["SB"]	Adana Demirspor	2029	Türkiye	62	56	66	71	76	79	63	78	65	69	61	62	58	58	61	68	55	61	62	61	66	65	63	64	50	58
Breyton Fougeu	21	179	68	R	B	CF	["CF"]	Adana Demirspor	2026	France	70	34	72	72	69	68	69	69	68	68	68	66	58	56	71	68	62	61	62	70	74	68	69	65	50	66
Arda Okan Kurtulan	22	183	76	R	B	WF	["WF","SM","CF"]	Adana Demirspor	2025	Albania	67	50	70	71	79	77	63	76	71	75	69	68	61	65	71	70	62	61	64	74	79	70	61	70	50	67
Mahmut Ertuğrul Taşkıran	35	191	83	R	B	GK	["GK"]	Alanyaspor	2025	Türkiye	31	73	76	71	62	62	74	66	58	58	61	64	62	64	34	68	43	61	49	55	70	65	49	70	73	66
Nuno Miguel Reis Lima	23	184	76	R	B	CBT	["CBT"]	Alanyaspor	2027	Portugal	50	74	75	71	71	68	73	65	65	66	67	65	60	48	61	68	56	61	62	73	77	65	54	71	50	70
Furkan Bayır	24	188	80	R	B	CBT	["CBT"]	Alanyaspor	2025	Türkiye	53	72	74	76	68	66	76	66	65	65	67	65	60	51	61	68	60	61	62	69	74	68	58	77	50	72
Fidan Aliti	31	183	77	L	B	CBT	["CBT","SB"]	Alanyaspor	2026	Kosovo	65	65	83	87	68	68	71	68	68	66	71	67	67	63	61	68	61	61	62	73	80	70	71	83	50	69
Efecan Karaca	35	166	56	R	B	AM	["AM","SM","CF","SS","WF"]	Alanyaspor	2025	Türkiye	77	53	80	83	79	85	77	86	78	78	77	74	77	74	72	72	66	71	70	61	66	79	77	70	50	72
Sergio Duvan Córdova Lezama	27	188	87	R	B	CF	["CF","AM","SS"]	Alanyaspor	2027	Venezuela	70	31	83	71	76	76	71	74	74	75	68	70	60	60	73	74	70	61	67	71	83	73	71	65	50	66
Serdar Dursun	33	190	80	R	B	CF	["CF"]	Alanyaspor	2026	Türkiye	78	46	78	77	66	66	76	68	73	67	74	76	63	68	76	80	71	68	62	81	75	75	76	78	50	75
Marcos Paulo Mesquita Lopes	29	174	68	L	B	WF	["WF","SM","CF"]	Alanyaspor	2026	Portugal	75	39	75	73	74	79	73	79	79	77	78	79	76	78	76	79	73	78	79	61	66	79	73	66	50	71
Ui-jo Hwang 황의조 黄义助	32	185	78	R	B	CF	["CF"]	Alanyaspor	2025	Korea Republic	76	44	75	79	80	79	76	78	78	79	72	76	68	75	76	82	77	70	83	74	82	78	76	74	50	73
Nicolas Janvier	26	172	77	R	B	CM	["CM"]	Alanyaspor	2026	France	71	65	80	75	68	72	73	77	72	68	77	77	72	71	65	78	68	61	68	66	72	75	73	73	50	72
Fatih Aksoy	27	189	78	R	B	CBT	["CBT","DM","SB"]	Alanyaspor	2025	Türkiye	63	72	78	78	66	66	73	65	71	61	74	69	64	55	61	68	62	61	62	72	70	73	66	75	50	66
Buluthan Bulut	22	175	71	R	B	CM	["CM"]	Alanyaspor	2026	Türkiye	63	51	71	71	74	68	63	68	67	69	72	68	69	64	61	68	61	63	65	63	66	67	63	63	50	64
Bera Çeken	19	178	74	L	B	WF	["WF","SM","AM"]	Alanyaspor	2029	Türkiye	62	37	69	71	74	73	63	68	70	71	64	68	63	69	71	75	62	61	62	61	66	69	57	63	50	62
Mert Furkan Bayram	20	190	80	R	B	GK	["GK"]	Alanyaspor	2029	Türkiye	31	68	72	71	62	62	61	56	58	55	61	59	58	59	30	66	43	61	49	55	61	65	30	48	68	51
Richard Cândido Coelho	30	191	76	R	B	DM	["DM","CM"]	Alanyaspor	2025	Brazil	68	69	68	71	73	74	74	74	73	73	75	74	70	70	61	74	64	61	62	68	74	73	70	73	50	70
Loide António Augusto	24	185	70	R	B	SB	["SB","SM","WB"]	Alanyaspor	2027	Angola	65	65	68	76	85	85	67	86	73	79	71	67	71	69	71	68	65	61	65	68	79	72	67	74	50	67
Jure Balkovec	30	185	74	L	B	CBT	["CBT","SB"]	Alanyaspor	2026	Slovenia	71	73	79	76	71	73	76	70	73	71	75	76	75	76	61	78	70	82	78	69	78	74	73	75	50	70
Gaïus Abraham Jered Makouta	27	180	75	R	B	DM	["DM","CM","AM"]	Alanyaspor	2027	Congo	77	69	83	87	73	70	76	71	79	76	78	76	72	71	72	75	70	63	68	74	81	78	76	83	50	78
Juan Christian Pereira Coelho	23	177	70	R	B	WF	["WF","SM","CF"]	Alanyaspor	2028	Brazil	60	39	71	71	69	73	63	68	75	73	61	67	63	71	78	77	63	61	62	63	66	73	56	63	50	62
Yusuf Özdemir	24	181	73	L	B	SM	["SM","SB","WB"]	Alanyaspor	2025	Türkiye	71	61	72	84	85	85	66	83	71	78	70	67	72	68	61	68	61	61	62	63	75	71	66	75	50	66
Florent Hadërgjonaj	30	183	73	R	B	SB	["SB"]	Alanyaspor	2025	Kosovo	68	65	72	80	79	77	71	76	73	76	72	68	72	68	61	68	62	61	65	71	70	72	68	76	50	70
Yusuf Karagöz	25	195	85	R	B	GK	["GK"]	Alanyaspor	2027	Türkiye	31	69	77	71	62	62	68	60	58	55	61	61	60	61	29	66	43	61	49	55	66	65	40	58	69	60
Thalisson Kelven da Silva	26	184	79	R	B	CBT	["CBT"]	Antalyaspor	2027	Brazil	50	71	79	75	71	72	71	68	65	66	68	66	61	51	61	68	58	61	62	73	80	65	53	71	50	62
Bahadır Öztürk	29	185	75	R	B	CBT	["CBT"]	Antalyaspor	2026	Türkiye	54	73	75	77	66	66	72	62	65	60	66	64	60	50	61	68	59	61	62	71	68	65	58	77	50	68
Amar Gerxhaliu	22	193	83	R	B	CBT	["CBT"]	Antalyaspor	2026	Kosovo	49	65	79	71	66	66	63	62	65	61	61	62	58	53	61	68	56	61	62	66	71	65	50	70	50	65
Soner Dikmen	31	179	75	R	B	CM	["CM","DM"]	Antalyaspor	2026	Türkiye	76	69	74	77	72	69	76	71	72	71	74	75	71	71	73	77	71	61	62	77	79	73	76	77	50	75
Erdal Rakip	28	178	71	R	B	DM	["DM","CM"]	Antalyaspor	2025	North Macedonia	76	68	78	83	70	76	78	79	73	71	71	68	69	66	66	68	66	69	68	61	69	73	78	80	50	75
Bünyamin Balcı	24	173	69	R	B	SB	["SB","SM","WB"]	Antalyaspor	2027	Türkiye	72	67	75	81	79	76	72	76	72	76	72	69	73	71	61	68	61	61	62	63	70	71	71	76	50	69
Ramzi Safouri	29	184	74	R	B	AM	["AM","CM"]	Antalyaspor	2025	Israel	74	42	77	73	73	74	74	76	76	74	77	77	77	78	69	78	70	80	80	61	66	76	74	70	50	72
Adolfo Julián Gaich	25	194	94	R	B	CF	["CF"]	Antalyaspor	2025	Argentina	75	35	88	80	72	67	72	66	71	71	68	69	59	64	73	73	66	61	62	77	79	71	72	83	50	77
Sam Larsson	31	180	70	R	B	WF	["WF","SM","AM","CF","SS"]	Antalyaspor	2025	Sweden	76	42	73	76	82	82	76	84	77	79	77	78	74	75	72	79	75	81	79	61	66	78	76	68	50	71
Güray Vural	36	177	65	L	B	SB	["SB","SM","WB"]	Antalyaspor	2025	Türkiye	73	65	75	71	79	76	76	77	76	76	76	78	74	80	68	81	74	78	83	66	74	76	76	71	50	74
Moussa Djenepo	26	177	65	R	B	WF	["WF","SM"]	Antalyaspor	2025	Mali	73	46	76	71	81	83	72	86	79	81	71	74	69	73	72	78	73	68	71	61	68	78	72	71	50	72
Kenan Pirić	30	192	89	R	B	GK	["GK"]	Antalyaspor	2026	Bosnia and Herzegovina	31	71	75	71	62	62	74	66	58	55	61	65	63	65	32	73	43	61	49	55	69	65	41	62	72	60
Emrecan Uzunhan	23	189	85	L	B	CBT	["CBT"]	Antalyaspor	2025	Türkiye	50	68	81	71	67	72	67	65	65	64	63	63	61	53	61	68	59	61	62	68	72	65	53	74	50	71
Oleksandr Petrusenko Петрусенко Олександр Олександрович	26	181	74	R	B	DM	["DM","CBT","CM"]	Antalyaspor	2026	Ukraine	65	67	75	76	76	73	71	71	69	71	75	70	67	60	61	68	61	61	62	68	75	69	71	76	50	69
Erdoğan Yeşilyurt	31	175	72	R	B	SM	["SM","SB","WB"]	Antalyaspor	2026	Türkiye	69	59	76	78	75	79	66	79	73	74	71	73	70	73	69	77	66	61	62	64	74	71	66	74	50	69
Jakub Kałuziński	22	184	74	R	B	DM	["DM","CM","AM"]	Antalyaspor	2026	Poland	68	64	76	76	72	68	73	75	71	69	77	71	68	59	66	68	64	61	62	61	66	73	73	71	50	68
Emre Uzun	19	179	63	L	B	CM	["CM"]	Antalyaspor	2025	Türkiye	60	52	71	71	66	66	63	66	70	68	68	66	64	61	63	68	61	63	62	61	66	68	58	63	50	65
Abdullah Yiğiter	24	189	79	R	B	GK	["GK"]	Antalyaspor	2027	Türkiye	31	72	75	71	62	62	73	62	58	55	61	63	62	63	31	67	43	61	49	55	69	65	40	61	72	61
Alexander Gerard van de Streek	31	180	74	R	B	AM	["AM","CM","SM"]	Antalyaspor	2025	Netherlands	76	58	74	80	72	66	76	69	75	72	76	76	71	71	73	78	74	66	74	78	76	76	76	72	50	72
Andros Townsend	33	181	73	L	B	AM	["AM","SM","WF"]	Antalyaspor	2026	England	76	47	74	71	69	73	76	72	78	74	76	79	78	82	73	84	77	81	82	61	67	78	76	74	50	78
Mert Yılmaz	25	174	67	R	B	SB	["SB"]	Antalyaspor	2025	Türkiye	67	61	75	75	86	85	68	86	71	79	63	63	63	62	61	68	60	61	62	63	73	68	68	74	50	68
Doğukan Özkan	24	185	75	R	B	GK	["GK"]	Antalyaspor	2025	Türkiye	31	70	74	71	62	62	68	60	58	57	61	64	62	64	32	68	43	61	49	55	67	65	41	55	71	56
Ramazan Efecan Gülerce	22	180	71	L	B	SB	["SB"]	Antalyaspor	2026	Türkiye	62	61	69	71	67	74	65	68	65	69	61	62	61	61	61	68	56	61	62	63	66	65	62	67	50	62
Deni Milošević	29	182	73	R	B	AM	["AM","CM"]	Antalyaspor	2026	Bosnia and Herzegovina	70	46	70	71	66	68	68	70	74	67	74	73	73	73	71	74	71	72	72	63	68	74	68	69	50	71
Harun Toprak	18	180	72	R	B	CBT	["CBT"]	Antalyaspor	2028	Türkiye	46	68	69	71	66	66	66	62	65	61	61	62	58	51	61	68	55	61	62	62	66	65	46	65	50	59
Abdurrahim Dursun	26	176	73	L	B	SB	["SB"]	Antalyaspor	2026	Türkiye	68	64	72	71	76	76	68	74	70	72	68	67	63	67	61	69	62	65	73	61	68	69	68	68	50	63
Braian José Samudio Segovia	29	182	80	R	B	WF	["WF","SM","CF"]	Antalyaspor	2026	Paraguay	75	43	74	83	81	80	75	80	76	78	74	74	68	71	72	74	67	61	62	81	88	76	75	72	50	70
Veysel Sarı	36	184	76	R	B	CBT	["CBT"]	Antalyaspor	2025	Türkiye	63	73	84	76	66	66	71	62	65	60	67	71	69	71	61	79	61	61	62	75	77	65	66	76	50	71
Burak İngenç	18	175	64	L	B	AM	["AM"]	Antalyaspor	2027	Türkiye	62	40	66	71	69	69	64	64	65	65	65	64	59	55	61	68	55	61	62	61	66	65	64	67	50	62
Jonas Svensson	31	172	69	R	B	SB	["SB"]	Beşiktaş	2025	Norway	76	77	82	88	77	79	78	81	78	76	77	77	75	77	65	79	70	64	77	69	80	78	78	86	50	78
Gabriel Armando de Abreu	34	185	72	R	B	CBT	["CBT"]	Beşiktaş	2027	Brazil	63	83	79	75	74	71	83	71	72	69	79	72	74	68	62	68	63	62	63	83	85	77	68	81	50	81
Onur Bulut	30	179	80	R	B	SB	["SB","SM","WB"]	Beşiktaş	2026	Türkiye	73	67	74	82	80	79	74	78	73	77	73	71	76	73	69	69	65	73	74	62	72	72	72	79	50	74
Tayyip Talha Sanuç	25	188	85	R	B	CBT	["CBT"]	Beşiktaş	2027	Türkiye	53	73	79	74	67	66	73	62	67	64	71	68	62	52	61	68	60	61	62	76	77	68	57	77	50	75
Almoatasembellah Ali Mohamed Al-Musrati المؤتمة علي محمد المصراتي	28	189	83	R	B	DM	["DM","CM"]	Beşiktaş	2027	Libya	78	79	89	84	69	66	83	64	79	72	81	81	77	74	69	82	72	61	62	77	78	81	80	83	50	80
Milot Rashica	28	177	73	R	B	WF	["WF","SM"]	Beşiktaş	2027	Kosovo	77	60	79	85	83	85	76	86	80	81	78	82	76	81	77	86	78	75	81	61	76	81	76	81	50	77
Salih Uçan	31	182	80	R	B	CM	["CM","DM","AM"]	Beşiktaş	2026	Türkiye	75	69	75	79	66	66	74	71	78	68	78	78	79	78	73	79	74	77	80	69	73	78	74	77	50	76
Semih Kılıçsoy	19	178	68	R	B	WF	["WF","SM","CF"]	Beşiktaş	2028	Türkiye	76	38	77	75	82	80	73	79	80	81	73	77	67	74	81	83	70	61	70	70	81	80	73	76	50	76
Ohis Felix Uduokhai	27	193	89	L	B	CBT	["CBT"]	Beşiktaş	2025	Germany	56	82	85	71	74	73	81	72	67	68	76	71	66	56	62	68	62	62	62	81	82	73	62	73	50	77
Alexander Mark David Oxlade-Chamberlain	31	175	70	R	B	CM	["CM","AM"]	Beşiktaş	2026	England	82	71	82	76	81	82	83	82	84	83	82	83	81	83	78	85	77	69	77	62	70	84	83	78	50	81
Ciro Immobile	34	185	85	R	B	CF	["CF"]	Beşiktaş	2026	Italy	87	42	81	76	85	83	85	80	83	83	83	84	67	74	86	87	82	68	74	84	88	83	85	78	50	82
João Mário Naval da Costa Eduardo	32	179	73	R	B	SM	["SM","CM"]	Beşiktaş	2025	Portugal	85	67	73	83	73	73	85	76	87	79	88	84	81	80	81	81	79	75	80	66	72	88	85	77	50	81
Yakup Arda Kılıç	20	179	69	R	B	WF	["WF","SM"]	Beşiktaş	2027	Türkiye	61	38	69	71	76	77	63	78	70	72	63	64	59	62	63	68	61	61	62	61	66	71	61	67	50	63
Necip Uysal	33	180	72	R	B	CBT	["CBT","DM","SB"]	Beşiktaş	2025	Türkiye	66	70	79	73	66	66	76	65	71	64	71	70	73	71	65	70	63	61	62	70	74	72	76	76	50	71
Bakhtiyor Zaynutdinov Зайнутдинов Бақтияр Батыржанұлы	26	185	75	L	B	SM	["SM","SB","CBT","WB"]	Beşiktaş	2027	Kazakhstan	72	71	69	79	78	80	73	78	74	75	73	75	72	74	71	79	70	73	69	68	74	73	71	77	50	73
Ernest Muçi	23	180	75	R	B	AM	["AM","WF","SM"]	Beşiktaş	2027	Albania	76	35	74	71	81	83	73	81	79	80	78	79	72	73	74	81	74	66	66	62	74	80	73	65	50	72
Fuka-Arthur Masuaku Kawela	31	179	80	L	B	SB	["SB"]	Beşiktaş	2026	Congo DR	74	69	84	83	81	80	77	80	82	82	80	78	79	79	63	78	74	71	79	71	79	81	77	81	50	76
Rafael Alexandre Fernandes Ferreira da Silva	31	172	66	R	B	AM	["AM","CF","SS"]	Beşiktaş	2027	Portugal	86	56	78	87	94	95	87	93	88	91	82	80	82	81	83	80	80	67	84	63	68	88	87	74	50	78
Ersin Destanoğlu	24	195	88	R	B	GK	["GK"]	Beşiktaş	2026	Türkiye	31	78	82	71	62	62	78	65	58	55	61	65	63	65	32	73	43	61	49	55	74	65	45	58	78	66
Fehmi Mert Günok	35	196	92	R	B	GK	["GK"]	Beşiktaş	2025	Türkiye	31	80	83	71	63	62	81	69	58	58	61	67	65	68	36	79	43	61	49	55	76	65	53	72	79	70
Emirhan Topçu	24	188	78	L	B	CBT	["CBT"]	Beşiktaş	2029	Türkiye	53	76	81	71	66	66	74	64	71	67	75	70	69	61	61	68	61	61	62	72	76	69	58	73	50	74
Jean Emile Junior Onana Onana	25	189	85	R	B	CM	["CM","DM"]	Beşiktaş	2027	Cameroon	72	72	89	81	66	66	78	64	78	69	78	79	73	73	69	80	73	61	65	74	80	78	73	81	50	76
Cher Ndour	20	190	84	R	B	CM	["CM","AM"]	Beşiktaş	2025	Italy	75	61	83	71	66	66	76	65	78	71	78	78	73	72	68	78	68	64	70	69	74	79	76	69	50	74
Can Keleş	23	180	77	L	B	WF	["WF","SM"]	Beşiktaş	2028	Türkiye	72	41	72	73	81	82	73	81	76	78	71	69	67	68	74	70	67	65	68	65	76	76	73	66	50	67
Serkan Emrecan Terzi	21	176	68	L	B	SB	["SB"]	Beşiktaş	2027	Türkiye	63	67	71	73	74	77	71	78	72	72	73	68	69	65	61	68	62	61	62	61	66	72	68	71	50	62
Gedson Carvalho Fernandes	26	183	63	R	B	CM	["CM","DM","AM"]	Beşiktaş	2027	Portugal	81	78	82	90	89	86	83	86	85	88	82	82	79	79	82	82	77	78	82	69	85	83	83	87	50	81
Mustafa Erhan Hekimoğlu	17	185	70	R	B	CF	["CF","WF","SM"]	Beşiktaş	2027	Türkiye	69	31	69	71	73	73	64	72	74	72	69	68	58	60	76	69	66	61	62	71	81	74	64	66	50	67
Diogo Fesnard Nogueira Sousa	26	195	85	R	B	GK	["GK"]	Bodrumspor	2025	Portugal	31	73	80	71	62	62	76	62	58	55	61	63	61	63	29	66	43	61	49	55	70	65	46	58	74	65
Erkan Değişmez	38	180	74	R	B	DM	["DM"]	Bodrumspor	2025	Türkiye	64	62	68	71	73	68	65	66	67	69	70	68	64	63	61	69	59	61	62	63	66	66	65	69	50	65
Taylan Antalyalı	30	180	71	R	B	CM	["CM","DM"]	Bodrumspor	2025	Türkiye	74	71	80	86	73	70	78	70	74	73	78	76	74	72	70	75	67	62	71	62	74	73	76	81	50	74
Süleyman Özdamar	31	182	74	R	B	CBT	["CBT","SB"]	Bodrumspor	2025	Türkiye	61	67	74	73	66	66	68	65	65	62	75	70	66	55	61	68	61	61	62	76	74	69	60	72	50	60
Zdravko Dimitrov Здравко Минчев Димитров	26	180	75	R	B	WF	["WF","SM","CF"]	Bodrumspor	2027	Bulgaria	66	36	68	75	68	72	63	65	74	71	68	71	67	74	76	77	68	75	62	64	66	73	57	66	50	66
Samet Yalçın	30	180	78	R	B	CM	["CM","DM"]	Bodrumspor	2026	Türkiye	63	61	66	73	72	66	66	66	65	67	72	68	65	58	61	68	60	61	62	61	66	67	66	69	50	62
George Alexandru Puşcaş	28	188	78	R	B	CF	["CF"]	Bodrumspor	2027	Romania	75	42	82	73	73	70	71	68	72	71	70	74	61	68	73	80	67	68	68	73	80	73	71	71	50	70
Kenan Özer	37	170	67	R	B	CF	["CF","SM","SB","WB"]	Bodrumspor	2025	Türkiye	72	47	74	71	71	70	71	68	73	72	73	70	70	69	70	68	69	71	64	61	66	73	71	68	50	70
Tunahan Akpınar	23	178	76	R	B	CM	["CM"]	Bodrumspor	2028	Türkiye	63	48	66	71	70	71	63	68	65	66	67	65	62	59	61	68	59	61	62	61	66	65	60	67	50	62
Arlind Ajeti	31	184	83	R	B	CBT	["CBT"]	Bodrumspor	2027	Albania	53	74	86	71	68	66	75	62	65	65	68	66	63	60	61	68	60	61	62	74	81	68	58	76	50	73
Alfredo Kulembe Ribeiro	34	170	68	R	B	CM	["CM","AM","DM"]	Bodrumspor	2026	Angola	75	68	75	82	84	83	74	85	77	80	76	76	70	70	71	76	72	69	71	61	66	76	74	73	50	72
Gabriel Obekpa	20	187	79	L	B	DM	["DM"]	Bodrumspor	2028	Nigeria	62	66	71	71	67	66	64	65	69	67	73	68	67	60	61	68	60	61	62	68	70	68	64	68	50	64
Haqi Osman	22	173	68	R	B	WF	["WF","SM"]	Bodrumspor	2027	Ghana	60	38	74	71	79	81	63	72	67	71	68	70	66	70	63	74	65	61	64	61	66	70	53	63	50	63
Pedro David Brazão Teixeira	22	178	64	L	B	WF	["WF","SM","AM"]	Bodrumspor	2026	Portugal	68	49	77	73	79	78	72	83	76	77	71	70	70	69	61	71	64	67	74	61	66	76	72	66	50	67
Ahmet Aslan	23	179	74	R	B	DM	["DM"]	Bodrumspor	2028	Türkiye	62	69	69	71	66	69	67	66	65	62	71	68	64	58	61	68	59	61	62	67	66	65	63	70	50	64
Kerem Yusuf Ersunar	21	187	76	R	B	GK	["GK"]	Bodrumspor	2028	Türkiye	31	68	72	71	62	62	66	59	58	55	61	63	61	63	32	66	43	61	49	55	65	65	35	50	68	56
Üzeyir Ergün	32	178	75	R	B	SB	["SB"]	Bodrumspor	2025	Türkiye	62	65	66	71	66	72	64	65	65	62	64	63	60	60	61	68	60	61	62	61	66	67	64	66	50	59
Musah Mohammed	23	192	80	R	B	DM	["DM","CM"]	Bodrumspor	2028	Ghana	63	58	76	72	74	72	66	67	68	70	71	68	66	60	61	68	60	61	62	65	74	67	66	69	50	63
Murat Sipahioğlu	22	191	74	R	B	CBT	["CBT"]	Bodrumspor	2028	Türkiye	46	70	66	71	68	68	68	63	65	65	61	62	58	53	61	68	52	61	62	68	68	65	44	65	50	59
Christophe Hérelle	32	188	79	R	B	CBT	["CBT"]	Bodrumspor	2026	France	61	76	79	73	66	66	77	64	69	64	77	71	71	64	61	68	62	61	62	78	77	72	65	76	50	77
Mustafa Erdilman	21	178	71	L	B	CM	["CM","DM"]	Bodrumspor	2028	Türkiye	63	59	72	71	66	68	66	64	71	65	72	68	66	60	61	68	61	61	62	66	66	70	64	68	50	66
Ondřej Čelůstka	35	187	83	R	B	CBT	["CBT","SB"]	Bodrumspor	2025	Czechia	71	70	86	71	68	66	73	66	66	65	73	68	71	65	61	68	62	61	68	78	85	67	73	74	50	72
Ali Aytemur	28	184	75	L	B	CBT	["CBT"]	Bodrumspor	2025	Türkiye	47	75	71	76	66	68	73	63	65	63	61	62	58	53	61	68	55	61	62	72	74	65	49	72	50	65
Gökdeniz Bayrakdar	23	181	74	L	B	WF	["WF","SM","CF"]	Bodrumspor	2027	Türkiye	73	44	70	81	80	78	73	77	76	79	72	71	71	72	77	73	70	61	71	71	77	75	73	71	50	68
Celal Dumanlı	30	189	80	R	B	CF	["CF"]	Bodrumspor	2025	Türkiye	64	31	67	71	66	66	63	64	67	63	61	63	58	55	69	68	62	61	62	68	66	68	62	63	50	62
Gökhan Akkan	30	188	80	R	B	GK	["GK"]	Bodrumspor	2025	Türkiye	31	76	79	71	62	62	78	65	58	55	61	65	63	65	36	71	43	61	49	55	72	65	47	67	74	62
Ege Bilsel	21	175	62	R	B	SM	["SM","SB","CF","WB"]	Bodrumspor	2028	Türkiye	62	46	72	71	69	73	63	72	68	69	63	63	61	60	61	68	59	61	62	61	66	66	58	63	50	62
Cenk Şen	24	170	70	L	B	SB	["SB","SM","WB"]	Bodrumspor	2026	Türkiye	65	57	73	71	73	74	63	72	71	73	63	63	67	66	61	68	60	61	62	61	66	67	61	65	50	64
Enes Öğrüce	17	184	76	R	B	CM	["CM","AM"]	Bodrumspor	2027	Türkiye	68	54	66	71	73	73	69	69	72	72	77	71	71	64	64	68	62	63	65	62	66	71	69	65	50	66
Taulant Seferi Таулјант Сулејманов	28	184	78	R	B	CF	["CF","AM","SS"]	Bodrumspor	2027	Albania	69	35	70	71	72	74	66	72	73	72	63	63	59	57	71	68	64	61	62	64	70	71	66	73	50	70
Berke Özer	24	190	73	R	B	GK	["GK"]	Eyüpspor	2025	Türkiye	31	74	77	71	62	62	78	63	58	55	61	65	63	65	34	72	43	61	49	55	70	65	48	71	75	65
Dorukhan Toköz	28	180	75	R	B	CM	["CM","DM","SB"]	Eyüpspor	2025	Türkiye	76	73	77	78	75	76	78	76	76	74	76	76	74	74	71	78	72	63	74	74	74	77	78	79	50	78
Robin Yalçın	30	183	77	R	B	SB	["SB","CBT","DM"]	Eyüpspor	2025	Germany	68	70	75	73	66	68	74	70	74	68	76	70	69	63	61	68	63	61	62	68	74	75	74	70	50	67
Halil Akbunar	31	167	68	L	B	WF	["WF","SM"]	Eyüpspor	2026	Türkiye	73	47	77	80	80	85	72	85	76	79	74	73	72	72	70	73	69	67	78	61	66	74	72	73	50	71
Emre Akbaba	32	178	65	L	B	AM	["AM","CM"]	Eyüpspor	2026	Türkiye	77	62	69	78	71	70	75	71	78	74	80	80	78	78	77	80	77	78	79	71	72	79	75	73	50	74
Mame Baba Thiam	32	185	79	R	B	CF	["CF","SM","WF"]	Eyüpspor	2026	Senegal	78	34	80	73	79	76	73	77	78	78	73	74	69	74	81	77	74	63	69	79	80	78	73	72	50	76
Samuel Sáiz Alonso	34	174	68	R	B	AM	["AM","SM","WF"]	Eyüpspor	2026	Spain	78	38	80	79	78	81	76	83	79	79	81	80	76	79	77	79	77	75	83	71	80	79	76	72	50	73
Sinan Gümüş	31	179	73	L	B	WF	["WF","SM","CF"]	Eyüpspor	2025	Türkiye	69	37	71	71	71	69	65	70	72	71	73	74	71	73	70	77	71	68	74	67	71	72	65	69	50	70
Rúben Miguel Nunes Vezo	30	183	80	R	B	CBT	["CBT"]	Eyüpspor	2025	Portugal	58	76	78	76	74	72	76	72	69	69	74	69	72	67	63	68	62	61	63	74	79	70	62	76	50	75
Léo Michel Joseph Claude Dubois	30	178	65	R	B	SB	["SB"]	Eyüpspor	2025	France	77	75	80	78	73	73	81	71	78	74	81	78	79	76	63	76	70	66	79	69	79	78	80	77	50	76
Jonjo Shelvey	32	184	80	R	B	DM	["DM","CM"]	Eyüpspor	2025	England	73	67	75	71	66	66	78	62	78	67	83	85	81	83	68	87	77	78	74	71	70	80	78	77	50	79
Fredrik Midtsjø	31	175	68	R	B	CM	["CM","DM"]	Eyüpspor	2025	Norway	76	73	82	85	79	79	82	77	75	76	79	78	77	76	61	77	71	65	71	67	79	77	82	83	50	78
Recep Niyaz	30	165	60	L	B	CM	["CM","AM","DM"]	Eyüpspor	2025	Türkiye	74	67	78	76	77	80	71	84	76	76	76	70	73	67	68	68	69	70	69	61	68	76	71	70	50	71
Ahmed Kutucu	24	181	76	R	B	CF	["CF","SM","WF"]	Eyüpspor	2025	Türkiye	72	46	75	73	77	80	73	79	74	76	73	75	67	72	73	79	72	73	67	71	82	73	73	74	50	71
Cengiz Alp Köseer	22	186	80	R	B	GK	["GK"]	Eyüpspor	2027	Türkiye	31	68	72	71	62	62	66	53	58	55	61	61	60	61	29	66	43	61	49	55	57	65	33	52	68	55
Taşkın İlter	30	185	74	R	B	DM	["DM","CM"]	Eyüpspor	2025	Azerbaijan	62	63	74	76	66	66	68	64	71	67	78	71	68	60	61	68	61	61	62	67	70	71	64	75	50	65
Anastasios Chatzigiovanis Αναστάσιος Χατζηγιοβάνης	27	175	62	R	B	WF	["WF","SM"]	Eyüpspor	2026	Greece	73	47	72	71	77	75	72	76	76	76	74	71	73	71	71	69	70	72	70	65	70	76	72	71	50	72
Prince Obeng Ampem	26	169	65	R	B	WF	["WF","SM"]	Eyüpspor	2027	Ghana	71	36	77	73	90	91	68	90	73	80	70	71	68	72	76	74	72	61	70	69	71	73	68	65	50	68
Melih Kabasakal	28	178	72	R	B	DM	["DM","CM","SB"]	Eyüpspor	2026	Türkiye	68	66	73	79	73	72	72	76	73	72	73	70	70	65	61	68	64	61	63	63	68	72	71	76	50	71
Emre Mor	27	169	60	L	B	WF	["WF","SM","AM"]	Eyüpspor	2025	Türkiye	72	46	80	73	86	93	73	93	83	86	73	73	70	71	71	74	75	71	77	61	68	80	73	73	50	73
Muhammed Birkan Tetik	29	190	80	R	B	GK	["GK"]	Eyüpspor	2026	Türkiye	31	68	71	71	62	62	63	55	58	55	61	61	59	61	31	66	43	61	49	55	60	65	35	53	68	54
Tayfur Bingöl	32	180	74	R	B	SB	["SB","SM","CM","WB"]	Eyüpspor	2025	Türkiye	72	63	73	81	79	80	72	78	73	76	73	71	72	71	68	69	64	61	69	61	72	72	69	76	50	71
Cengiz Umut Meraş	29	178	73	L	B	SB	["SB","SM","WB"]	Eyüpspor	2026	Türkiye	67	66	75	79	78	78	72	77	72	74	72	68	68	64	61	68	61	61	63	63	74	71	70	77	50	67
Caner Erkin	36	181	72	L	B	SB	["SB"]	Eyüpspor	2025	Türkiye	77	68	70	71	68	69	76	71	79	73	78	81	83	85	71	84	79	83	86	68	72	79	76	78	50	80
Gianni Bruno	33	180	73	R	B	CF	["CF","WF","SM"]	Eyüpspor	2025	Belgium	78	45	73	73	72	77	75	76	76	74	74	74	71	72	79	76	74	73	68	75	79	76	75	70	50	74
İrfan Can Eğribayat	26	193	79	R	B	GK	["GK"]	Fenerbahçe	2027	Türkiye	31	75	77	71	62	62	78	65	58	55	61	66	63	66	30	74	43	61	49	55	72	65	45	61	76	65
Samet Akaydın	30	190	82	R	B	CBT	["CBT"]	Fenerbahçe	2026	Türkiye	58	76	81	76	68	66	75	64	65	65	68	66	61	50	61	68	58	61	62	76	82	65	63	78	50	74
Çağlar Söyüncü	28	185	82	R	B	CBT	["CBT"]	Fenerbahçe	2027	Türkiye	60	81	85	74	79	69	81	69	72	73	78	74	66	62	61	70	62	61	62	80	86	74	66	81	50	83
İsmail Yüksek	25	183	77	R	B	DM	["DM","CM"]	Fenerbahçe	2027	Türkiye	72	75	78	86	76	79	82	80	78	76	80	79	75	74	63	79	70	67	74	75	83	81	77	85	50	76
Alexander Kwabena Baidoo Djiku	30	182	81	R	B	CBT	["CBT","DM"]	Fenerbahçe	2026	Ghana	70	80	85	81	78	77	83	75	76	74	80	74	75	69	62	69	64	62	66	81	90	79	80	83	50	74
Mert Hakan Yandaş	30	174	70	R	B	CM	["CM","AM"]	Fenerbahçe	2026	Türkiye	76	67	75	85	73	74	75	76	76	74	78	79	78	79	71	80	75	71	79	61	68	77	75	83	50	78
Edin Džeko	38	193	80	R	B	CF	["CF"]	Fenerbahçe	2025	Bosnia and Herzegovina	87	52	86	76	66	66	86	67	83	73	83	85	77	79	87	87	82	66	70	88	80	85	86	74	50	81
Dušan Tadić Душан Тадић	36	181	76	L	B	WF	["WF","SM","AM"]	Fenerbahçe	2025	Serbia	87	52	84	87	74	74	87	75	86	79	88	84	87	84	85	80	84	83	87	74	80	87	87	81	50	84
Frederico Rodrigues de Paula Santos	31	169	62	L	B	CM	["CM","DM"]	Fenerbahçe	2027	Brazil	86	78	84	94	80	83	88	87	85	82	85	83	82	80	75	82	77	80	82	67	79	85	88	91	50	86
Mert Müldür	25	188	74	R	B	SB	["SB"]	Fenerbahçe	2027	Türkiye	70	73	77	82	79	81	75	83	78	78	76	72	72	71	61	69	68	61	68	77	86	78	74	79	50	72
İrfan Can Kahveci	29	176	75	L	B	WF	["WF","SM","AM","CM"]	Fenerbahçe	2025	Türkiye	79	62	78	74	77	79	78	80	84	80	83	84	83	85	81	85	82	83	87	63	68	84	78	74	50	79
Filip Kostić Филип Костић	32	184	84	L	B	SM	["SM","SB","WB"]	Fenerbahçe	2025	Serbia	83	72	81	88	87	86	84	83	85	86	84	85	86	88	78	88	81	84	87	69	83	85	84	85	50	82
Youssef En-Nesyri يوسف النصيري	27	188	78	L	B	CF	["CF"]	Fenerbahçe	2029	Morocco	87	38	82	86	86	83	85	77	84	84	82	83	66	72	88	85	82	67	68	91	94	85	85	84	50	79
Cengiz Ünder	27	173	66	L	B	WF	["WF","SM"]	Fenerbahçe	2027	Türkiye	77	47	75	73	79	81	75	81	82	80	81	82	82	85	78	85	81	75	86	69	75	83	75	66	50	73
Bright Osayi-Samuel	27	175	72	R	B	SB	["SB","SM","WB"]	Fenerbahçe	2025	Nigeria	74	73	85	88	95	93	78	89	82	89	76	72	69	71	67	70	66	61	65	65	81	81	78	83	50	73
Münir Levent Mercan	24	176	69	L	B	SB	["SB","CM","SM","WB"]	Fenerbahçe	2028	Türkiye	66	70	76	71	79	80	73	81	77	76	78	80	77	80	64	83	71	73	74	63	74	78	70	72	50	71
Cenk Tosun	33	183	78	R	B	CF	["CF","WF","SM"]	Fenerbahçe	2026	Türkiye	79	42	76	71	69	70	77	71	77	72	75	77	72	76	80	80	78	78	76	82	85	78	77	74	50	77
Jayden Quinn Oosterwolde	23	192	74	L	B	SB	["SB","CBT"]	Fenerbahçe	2027	Netherlands	69	76	83	85	91	90	78	85	78	85	73	70	71	71	61	68	64	61	68	72	82	77	73	85	50	71
Bartuğ Elmaz	21	179	67	R	B	DM	["DM","CM"]	Fenerbahçe	2026	Türkiye	67	63	73	71	68	66	73	69	74	69	75	72	70	65	61	70	67	75	75	68	68	76	72	69	50	70
Sofyan Amrabat سفيان أمرابط	28	183	77	R	B	DM	["DM","CM"]	Fenerbahçe	2025	Morocco	74	75	83	83	72	68	80	68	80	75	82	83	76	76	72	84	77	72	76	70	78	81	78	85	50	79
Dominik Livaković	30	188	79	R	B	GK	["GK"]	Fenerbahçe	2028	Croatia	31	84	84	72	62	63	86	76	59	57	63	66	69	66	36	75	43	63	49	56	81	66	54	79	83	76
Rodrigo Nascimento França	29	191	79	R	B	CBT	["CBT"]	Fenerbahçe	2028	Brazil	55	83	86	73	66	66	82	62	66	62	75	70	66	59	61	68	61	61	62	83	85	69	62	79	50	81
Sebastian Szymański	25	174	60	L	B	AM	["AM","CM"]	Fenerbahçe	2027	Poland	83	62	74	85	80	85	81	86	81	80	82	82	81	82	80	82	77	78	85	67	75	81	81	78	50	80
Osman Ertuğrul Çetin	21	188	82	R	B	GK	["GK"]	Fenerbahçe	2025	Türkiye	31	69	74	71	62	62	68	60	58	55	61	63	61	63	29	66	43	61	49	55	67	65	39	57	69	59
Oğuz Aydın	24	177	76	R	B	WF	["WF","SM"]	Fenerbahçe	2028	Türkiye	76	50	68	72	84	84	71	82	78	81	76	74	76	74	74	72	72	61	68	61	70	78	71	65	50	72
Burak Kapacak	25	180	71	R	B	SM	["SM","SB","WB"]	Fenerbahçe	2026	Türkiye	68	62	72	73	82	80	66	79	74	78	69	71	69	73	66	74	62	61	75	63	74	73	66	72	50	69
Yusuf Akçiçek	18	190	83	L	B	CBT	["CBT"]	Fenerbahçe	2028	Türkiye	47	65	72	71	71	67	64	68	65	66	68	65	62	51	61	68	59	61	62	63	75	66	46	73	50	68
Allan Irénée Saint-Maximin	27	173	67	R	B	WF	["WF","SM"]	Fenerbahçe	2025	France	81	38	84	82	90	92	81	93	89	91	81	82	77	81	78	85	77	68	79	65	81	87	81	71	50	74
Néstor Fernando Muslera Micol	38	190	74	R	B	GK	["GK"]	Galatasaray	2025	Uruguay	31	85	83	72	62	62	84	73	59	55	63	66	66	66	34	75	43	63	49	56	78	66	54	77	85	73
Ismail Joshua Jakobs	25	184	75	L	B	SB	["SB","SM","WB"]	Galatasaray	2025	Senegal	75	69	71	81	86	85	76	81	78	82	76	73	71	74	71	70	64	61	65	69	80	78	76	77	50	73
Eyüp Aydın	20	181	80	L	B	DM	["DM","CM"]	Galatasaray	2026	Türkiye	67	64	74	79	70	74	71	76	73	71	74	69	73	67	63	68	64	68	74	64	72	74	71	78	50	72
Davinson Sánchez Mina	28	187	81	R	B	CBT	["CBT"]	Galatasaray	2027	Colombia	60	84	90	83	86	75	83	71	74	77	78	74	69	58	63	71	63	63	62	83	90	77	66	85	50	80
Roland Sallai	27	183	79	R	B	WF	["WF","SM","CF","AM","SS"]	Galatasaray	2028	Hungary	81	42	77	72	76	80	80	81	84	80	81	76	76	76	80	74	75	62	64	68	78	83	80	76	50	80
Kerem Demirbay	31	183	75	L	B	CM	["CM","DM","AM"]	Galatasaray	2026	Germany	80	73	78	83	68	68	78	74	82	74	83	83	81	80	79	83	77	83	87	62	69	83	78	81	50	81
Mauro Emanuel Icardi Rivero	31	181	79	R	B	CF	["CF"]	Galatasaray	2026	Argentina	88	47	82	78	74	71	87	72	82	75	83	85	70	73	88	87	81	64	79	91	89	85	87	76	50	82
Dries Mertens	37	169	61	R	B	AM	["AM","CF","SS"]	Galatasaray	2025	Belgium	87	53	79	74	69	76	87	76	85	76	85	80	85	79	83	76	82	85	85	63	66	87	87	74	50	82
Yunus Akgün	24	173	65	L	B	WF	["WF","SM","AM"]	Galatasaray	2026	Türkiye	73	46	78	77	88	92	73	91	80	85	76	76	73	76	78	79	76	71	76	63	68	79	73	72	50	71
Batuhan Ahmet Şen	25	192	81	R	B	GK	["GK"]	Galatasaray	2026	Türkiye	31	73	77	71	62	62	75	62	58	55	61	64	62	64	31	68	43	61	49	55	70	65	41	62	73	58
Berkan İsmail Kutlu	26	186	75	L	B	CM	["CM","DM"]	Galatasaray	2026	Türkiye	73	75	75	90	81	82	78	79	74	76	76	73	68	63	71	72	67	61	62	62	77	76	78	85	50	75
Günay Güvenç	33	187	85	R	B	GK	["GK"]	Galatasaray	2026	Türkiye	31	77	79	71	65	62	79	71	58	59	61	66	65	66	40	75	43	61	49	55	75	65	52	61	77	67
Gabriel Davi Gomes Sara	25	177	79	L	B	CM	["CM","AM","SM"]	Galatasaray	2029	Brazil	80	63	82	86	78	78	82	76	81	79	84	85	82	83	78	85	77	83	85	74	84	81	82	83	50	81
Hakim Ziyech حكيم زياش	31	181	65	L	B	WF	["WF","SM","AM"]	Galatasaray	2025	Morocco	81	54	75	75	77	79	81	82	84	80	84	84	85	85	78	85	83	84	90	64	67	85	81	77	50	82
Kaan Ayhan	30	184	84	R	B	SB	["SB","CBT","DM"]	Galatasaray	2026	Türkiye	72	79	83	76	66	66	81	68	76	67	80	81	78	79	64	82	71	76	82	78	82	81	79	78	50	75
Elias Jelert Kristensen	21	178	70	R	B	SB	["SB"]	Galatasaray	2029	Denmark	75	70	77	88	88	86	73	88	77	82	76	71	75	70	66	68	66	63	69	61	74	76	73	84	50	76
Victor Enok Nelsson	26	185	78	R	B	CBT	["CBT"]	Galatasaray	2026	Denmark	61	81	87	81	71	66	82	68	72	70	75	70	66	60	61	68	62	61	62	72	86	74	68	82	50	81
Yusuf Demir	21	171	65	L	B	WF	["WF","SM","AM"]	Galatasaray	2026	Austria	66	31	77	71	80	84	68	86	79	80	72	69	67	67	67	68	70	67	71	61	66	79	68	66	50	66
Lucas Sebastián Torreira di Pascua	28	166	60	R	B	DM	["DM","CM"]	Galatasaray	2028	Uruguay	80	83	84	93	77	83	87	86	84	79	86	84	80	79	73	83	76	78	74	69	79	85	87	91	50	83
Abdülkerim Bardakcı	30	185	80	L	B	CBT	["CBT","SB"]	Galatasaray	2025	Türkiye	77	79	90	85	68	66	82	67	77	70	83	76	80	72	63	71	64	63	64	85	89	78	81	86	50	79
Michy Batshuayi-Atunga	31	185	80	R	B	CF	["CF"]	Galatasaray	2027	Belgium	83	43	86	80	84	79	81	79	80	81	76	80	67	79	83	87	78	69	72	77	89	80	81	78	50	77
Victor James Osimhen	26	186	77	R	B	CF	["CF"]	Galatasaray	2025	Nigeria	93	47	88	85	93	87	91	84	86	88	79	82	69	78	90	88	83	65	68	89	95	88	91	81	50	82
Barış Alper Yılmaz	24	186	80	R	B	SM	["SM","SB","WB"]	Galatasaray	2027	Türkiye	81	70	86	87	94	90	79	88	83	88	78	82	75	79	79	87	81	61	74	75	90	85	79	85	50	81
Ali Yeşilyurt	19	192	75	R	B	CBT	["CBT"]	Galatasaray	2025	Türkiye	47	67	73	72	69	66	66	67	65	65	63	62	65	53	61	68	56	61	62	65	70	65	48	68	50	61
Efe Akman	18	175	69	R	B	DM	["DM","CM"]	Galatasaray	2028	Türkiye	69	63	73	72	71	84	68	85	76	74	74	71	67	64	63	68	65	64	62	61	66	74	68	73	50	72
Metehan Baltacı	22	189	81	R	B	CBT	["CBT","SB"]	Galatasaray	2026	Türkiye	64	68	70	71	66	66	70	63	65	61	68	66	60	50	61	68	59	61	62	71	72	65	70	72	50	62
Sokratis Dioudis	31	189	77	R	B	GK	["GK"]	Gaziantep F.K.	2026	Greece	31	76	78	71	62	62	76	72	58	55	61	65	63	65	35	73	43	61	49	55	73	65	49	69	76	63
Emre Taşdemir	29	176	70	L	B	SB	["SB"]	Gaziantep F.K.	2025	Türkiye	71	63	71	71	75	77	71	76	71	72	69	68	69	68	66	70	65	70	74	62	66	70	71	70	50	70
Arda Kızıldağ	26	187	77	R	B	CBT	["CBT","SB"]	Gaziantep F.K.	2025	Türkiye	62	70	74	72	74	66	71	64	65	68	69	66	63	54	61	68	55	61	62	77	76	65	63	74	50	65
Ertuğrul Ersoy	27	187	82	R	B	CBT	["CBT"]	Gaziantep F.K.	2025	Türkiye	50	72	83	76	66	66	70	62	65	60	64	63	61	48	61	68	57	61	62	71	77	65	53	78	50	73
Quentin Daubin	29	183	74	R	B	CM	["CM","DM"]	Gaziantep F.K.	2026	France	62	65	84	83	66	66	69	65	71	66	75	70	68	63	65	68	65	61	62	70	75	73	65	82	50	71
Mustafa Eskihellaç	27	175	72	R	B	SM	["SM","SB","WB"]	Gaziantep F.K.	2025	Türkiye	69	59	71	78	88	89	68	87	73	81	70	70	69	70	64	72	61	61	67	61	71	71	68	69	50	65
Furkan Soyalp	29	175	68	R	B	CM	["CM","DM","AM"]	Gaziantep F.K.	2025	Türkiye	71	61	71	75	74	75	68	76	77	75	78	75	73	71	68	73	70	61	71	61	71	76	68	70	50	71
Halil İbrahim Dervişoğlu	25	183	76	R	B	CF	["CF","AM","SS"]	Gaziantep F.K.	2025	Türkiye	71	45	66	73	76	78	67	78	78	76	76	74	63	66	72	73	72	68	67	71	75	78	67	70	50	72
Kacper Szymon Kozłowski	21	182	68	R	B	WF	["WF","SM","AM"]	Gaziantep F.K.	2027	Poland	70	66	79	78	67	80	76	82	77	72	72	70	67	65	67	69	68	61	71	68	78	77	76	76	50	71
Christopher Lungoyi	24	182	74	R	B	WF	["WF","SM","CF"]	Gaziantep F.K.	2026	Switzerland	69	37	76	71	86	92	67	90	73	79	66	64	61	63	73	68	66	61	62	63	79	72	67	70	50	69
Enric Saborit Teixidor	32	186	72	L	B	SB	["SB"]	Gaziantep F.K.	2025	Spain	66	68	80	78	74	72	74	74	74	72	76	70	73	67	61	68	66	61	76	76	84	76	71	77	50	68
Cyril Paul Mandouki	33	179	76	R	B	DM	["DM","CM"]	Gaziantep F.K.	2026	France	70	65	79	88	66	66	73	71	71	63	72	68	69	65	63	68	62	61	62	73	74	71	71	81	50	72
Godfrey Bitok Stephen	24	185	76	L	B	SB	["SB"]	Gaziantep F.K.	2026	Nigeria	63	61	74	71	70	79	66	73	65	66	63	63	67	64	63	68	58	61	62	69	79	65	66	66	50	63
Mirza Cihan	24	175	67	R	B	WF	["WF","SM"]	Gaziantep F.K.	2025	Türkiye	63	41	74	71	74	69	63	63	72	73	67	68	66	67	61	71	61	61	62	61	66	71	58	63	50	64
Deian Cristian Sorescu	27	176	72	R	B	SM	["SM","SB","WB"]	Gaziantep F.K.	2027	Romania	70	64	78	88	88	88	71	86	72	79	71	73	70	72	73	77	70	73	74	65	79	73	71	83	50	72
Kenan Kodro	31	190	80	R	B	CF	["CF"]	Gaziantep F.K.	2025	Bosnia and Herzegovina	79	46	80	71	66	66	78	62	76	68	73	74	69	71	78	77	73	61	62	76	79	78	78	71	50	74
Papa Alioune N'Diaye	34	180	81	R	B	CM	["CM","DM"]	Gaziantep F.K.	2026	Senegal	77	73	78	83	84	83	78	82	78	81	77	79	71	73	70	82	74	71	74	67	74	78	78	81	50	78
Salem M'Bakata	26	178	72	R	B	SB	["SB"]	Gaziantep F.K.	2026	France	66	68	79	81	85	86	70	82	68	76	70	67	66	63	61	68	60	61	64	61	74	67	67	74	50	67
İlker Karakaş	26	187	88	R	B	CF	["CF"]	Gaziantep F.K.	2025	Türkiye	61	31	77	71	66	66	63	63	65	63	64	63	58	55	71	68	59	61	62	75	76	65	58	72	50	66
Ogün Özçiçek	25	172	69	R	B	CM	["CM","DM"]	Gaziantep F.K.	2027	Türkiye	71	67	74	76	71	74	75	75	74	71	76	72	71	68	64	69	67	68	65	68	69	76	75	69	50	66
Ömürcan Artan	25	179	77	R	B	SB	["SB","SM","WB"]	Gaziantep F.K.	2025	Türkiye	63	65	68	73	73	72	67	71	68	71	68	66	63	64	61	68	59	61	62	61	66	65	66	68	50	61
Eren Erdoğan	23	170	70	L	B	WF	["WF","SM"]	Gaziantep F.K.	2026	Türkiye	63	50	75	71	74	79	66	79	73	73	68	67	63	66	64	68	66	61	71	61	66	72	66	63	50	63
Bruno Viana Willemen da Silva	29	187	79	R	B	CBT	["CBT"]	Gaziantep F.K.	2025	Brazil	53	77	83	81	71	73	76	66	65	66	76	70	64	57	61	68	60	61	62	79	79	68	59	79	50	76
Alexandru Iulian Maxim	34	177	73	R	B	AM	["AM","CM","SM"]	Gaziantep F.K.	2025	Romania	77	39	76	78	69	78	76	82	82	76	82	80	81	79	78	79	78	79	84	62	66	81	76	69	50	73
Mustafa Burak Bozan	24	190	80	R	B	GK	["GK"]	Gaziantep F.K.	2026	Türkiye	31	69	74	71	62	62	70	61	58	55	61	64	62	64	31	69	43	61	49	55	68	65	40	56	69	59
David Chidozie Okereke	27	181	79	R	B	CF	["CF","WF","SM"]	Gaziantep F.K.	2025	Nigeria	78	36	72	76	88	82	76	84	79	84	74	75	58	64	80	77	72	62	72	76	84	78	76	68	50	71
Halil Bağcı	21	194	80	R	B	GK	["GK"]	Gaziantep F.K.	2026	Türkiye	31	68	73	71	62	62	63	57	58	55	61	62	61	62	31	66	43	61	49	55	62	65	39	57	68	60
Arda Özçimen	23	198	86	R	B	GK	["GK"]	Göztepe	2026	Türkiye	31	70	76	71	62	62	74	65	58	55	61	63	62	63	31	67	43	61	49	55	68	65	38	57	70	54
Taha Altıkardeş	21	188	75	R	B	CBT	["CBT","DM","SB"]	Göztepe	2026	Türkiye	63	64	75	76	66	66	67	69	71	64	67	65	61	58	61	68	61	61	62	71	67	71	67	76	50	65
Héliton Jorge Tito dos Santos	29	195	85	L	B	CBT	["CBT"]	Göztepe	2025	Brazil	51	73	84	72	74	73	73	65	65	68	61	62	58	52	61	68	54	61	62	75	84	65	55	73	50	69
Victor Hugo Gomes Silva	20	182	74	L	B	AM	["AM","CM","DM"]	Göztepe	2025	Brazil	63	51	68	74	74	69	63	68	72	71	76	71	72	66	64	68	63	66	64	61	66	73	60	68	50	65
Kuryu Matsuki 松木 玖生	21	180	76	L	B	CM	["CM"]	Göztepe	2025	Japan	72	59	76	77	70	73	68	73	71	71	73	72	65	65	69	72	63	62	62	66	75	69	68	75	50	72
Ahmed Ildız	28	181	81	R	B	CM	["CM","AM","DM"]	Göztepe	2025	Türkiye	73	63	74	76	74	79	74	79	76	74	76	74	73	71	70	74	74	72	75	63	74	76	74	69	50	70
Kubilay Kanatsızkuş	27	190	79	L	B	CF	["CF"]	Göztepe	2025	Türkiye	72	31	81	75	71	72	70	68	74	71	69	70	61	61	73	74	68	61	68	76	82	74	70	69	50	69
Yalçın Kayan	25	180	74	L	B	CM	["CM","DM","AM"]	Göztepe	2025	Türkiye	77	67	72	78	73	74	73	74	74	73	76	76	70	70	71	78	74	73	75	67	73	73	73	75	50	75
Juan Santos da Silva	22	177	72	R	B	CF	["CF","AM","SS"]	Göztepe	2025	Brazil	68	31	73	71	81	79	66	78	73	77	71	68	67	65	69	68	63	61	63	62	66	72	66	63	50	65
İsmail Köybaşı	35	179	70	L	B	SB	["SB","SM","WB"]	Göztepe	2025	Türkiye	73	62	71	73	74	77	73	79	76	74	74	76	73	76	66	79	72	76	79	66	73	76	71	75	50	74
Anthony Junior Dennis	20	179	70	R	B	DM	["DM"]	Göztepe	2027	Nigeria	63	68	74	77	78	75	68	76	69	72	72	68	65	59	61	68	61	61	62	73	79	69	67	76	50	67
İzzet Furkan Malak	20	172	70	R	B	CM	["CM"]	Göztepe	2028	Türkiye	65	48	74	71	68	73	63	66	65	65	69	68	64	59	61	68	59	61	62	68	66	65	63	70	50	67
David Datro Fofana	22	181	76	R	B	CF	["CF"]	Göztepe	2025	Côte d'Ivoire	77	33	81	73	82	89	76	85	79	81	73	74	65	71	77	77	72	61	68	72	88	78	76	74	50	73
Novatus Dismas Miroshi	22	185	74	L	B	SB	["SB","CBT","DM"]	Göztepe	2028	Tanzania	69	66	76	78	79	76	71	76	71	74	73	71	71	69	61	70	61	70	62	69	79	71	71	79	50	72
Doğan Erdoğan	28	182	79	R	B	DM	["DM","CM"]	Göztepe	2025	Türkiye	68	63	75	75	66	73	73	72	73	64	75	74	71	69	61	74	68	71	69	68	77	74	73	74	50	70
Koray Günter	30	184	79	R	B	CBT	["CBT"]	Göztepe	2025	Türkiye	56	78	78	71	66	72	78	71	69	63	74	71	67	62	61	68	61	61	62	73	79	71	61	74	50	76
Lasse Nielsen	37	185	82	R	B	CBT	["CBT"]	Göztepe	2025	Denmark	54	73	85	75	74	67	76	65	65	68	68	65	63	57	61	68	59	61	62	66	78	65	58	81	50	78
Malcom Bokele Mputu	24	189	78	R	B	SB	["SB","CBT"]	Göztepe	2027	Cameroon	63	70	76	71	66	70	74	64	65	64	71	68	66	65	61	68	59	61	62	75	79	66	68	71	50	64
Nazım Sangaré	30	185	73	R	B	SB	["SB","SM","WB"]	Göztepe	2025	Türkiye	72	67	73	73	82	85	73	85	73	77	71	69	71	69	61	69	62	61	74	63	77	72	72	72	50	69
David Tijanič	27	174	67	R	B	AM	["AM","CM"]	Göztepe	2026	Slovenia	69	50	75	78	77	81	68	84	77	78	74	75	71	74	73	77	72	71	76	65	76	76	68	74	50	71
Tuğbey Akgün	21	177	74	R	B	CM	["CM"]	Göztepe	2026	Türkiye	67	54	70	71	72	73	67	69	65	67	73	69	66	60	61	68	59	61	62	66	66	65	67	72	50	67
Djalma Antônio da Silva Filho	30	180	80	L	B	SB	["SB","SM","WB"]	Göztepe	2025	Brazil	63	65	68	71	68	71	68	65	66	67	61	62	59	59	61	68	58	61	62	63	68	65	65	67	50	60
Ogün Bayrak	26	178	70	R	B	SB	["SB","SM","WB"]	Göztepe	2025	Türkiye	71	65	70	78	80	80	71	79	71	75	71	74	71	75	66	78	67	67	69	61	68	71	71	73	50	71
Rômulo José Cardoso da Cruz	22	193	80	R	B	CF	["CF","WF","SM"]	Göztepe	2025	Brazil	71	34	82	71	76	74	64	73	77	76	68	74	58	67	76	81	73	69	70	81	89	76	64	68	50	69
Isaac Solet Bomawoko	23	184	73	R	B	CM	["CM","DM"]	Göztepe	2025	France	62	63	76	76	76	76	68	75	71	73	72	69	64	62	62	68	64	61	62	68	79	71	64	75	50	68
Mateusz Lis	27	192	83	R	B	GK	["GK"]	Göztepe	2027	Poland	31	79	82	71	62	62	78	66	58	55	61	65	63	65	32	73	43	61	49	55	74	65	42	64	78	62
Erce Kardeşler	30	184	79	R	B	GK	["GK"]	Hatayspor	2026	Türkiye	31	75	75	71	62	62	76	64	58	55	61	64	62	64	31	69	43	61	49	55	72	65	45	58	74	63
Kamil Ahmet Çörekçi	32	173	74	R	B	SB	["SB"]	Hatayspor	2026	Türkiye	71	67	78	77	81	78	70	79	74	77	71	69	73	69	61	68	64	61	72	61	72	73	69	76	50	72
Guy-Marcelin Kilama	25	182	80	L	B	CBT	["CBT"]	Hatayspor	2026	Cameroon	50	72	78	87	78	79	71	83	68	70	72	68	66	61	61	68	61	61	62	76	86	71	53	80	50	67
Francisco Javier Calvo Quesada	32	180	79	L	B	CBT	["CBT"]	Hatayspor	2026	Costa Rica	62	72	79	81	68	68	74	68	71	69	70	67	70	63	61	68	61	61	67	73	78	70	66	79	50	74
Görkem Sağlam	26	178	72	R	B	AM	["AM","CM","DM"]	Hatayspor	2026	Türkiye	72	65	75	79	72	79	72	80	74	72	76	72	73	69	68	70	71	66	66	61	70	76	72	76	50	72
Abdulkadir Parmak	30	176	70	R	B	DM	["DM","CM"]	Hatayspor	2025	Türkiye	71	69	76	76	79	76	72	77	73	76	74	77	73	76	65	81	74	76	81	71	77	73	72	73	50	71
Funsho Ibrahim Bamgboye	26	173	67	R	B	WF	["WF","SM"]	Hatayspor	2026	Nigeria	74	46	78	80	91	91	71	90	75	82	72	71	65	69	70	73	70	62	73	61	73	76	71	76	50	71
Chandrel Géraud Massanga Matondo	25	172	70	R	B	DM	["DM","CM"]	Hatayspor	2027	Congo	64	71	74	73	74	79	78	77	72	71	71	68	67	61	61	68	62	61	62	66	72	73	68	69	50	66
Vincent Paté Aboubakar	33	184	75	R	B	CF	["CF"]	Hatayspor	2025	Cameroon	78	45	84	75	76	72	76	75	82	79	78	81	73	76	83	85	78	74	80	81	81	81	76	78	50	80
Sergio Carlos Strandberg	28	187	90	L	B	CF	["CF","SM","WF"]	Hatayspor	2027	Sweden	75	34	91	80	88	77	74	67	71	79	66	71	60	68	78	79	71	61	62	70	86	71	74	73	50	70
Jonathan Theophilus Okoronkwo	21	175	70	R	B	CF	["CF","WF","SM"]	Hatayspor	2027	Nigeria	63	31	72	71	67	74	67	70	69	69	63	62	58	56	73	68	63	61	62	61	66	66	67	63	50	64
Visar Bekaj	27	191	82	R	B	GK	["GK"]	Hatayspor	2026	Kosovo	31	70	76	71	62	62	73	60	58	55	61	62	61	62	31	66	43	61	49	55	67	65	44	64	70	64
Rui Pedro da Silva e Sousa	26	182	75	R	B	AM	["AM","CM"]	Hatayspor	2026	Portugal	75	39	74	77	78	74	74	75	76	76	71	74	63	68	76	78	68	61	74	70	76	76	74	75	50	72
Recep Burak Yılmaz	29	185	78	R	B	CBT	["CBT"]	Hatayspor	2026	Türkiye	53	72	70	71	69	66	71	62	65	65	65	64	60	52	61	68	56	61	62	68	70	65	57	72	50	69
Selimcan Temel	24	173	62	R	B	DM	["DM","CM"]	Hatayspor	2026	Türkiye	63	58	74	71	71	68	63	63	67	67	71	67	66	61	61	68	60	61	62	66	66	68	62	69	50	66
Lamine Diack	24	186	79	R	B	DM	["DM","CM"]	Hatayspor	2025	Senegal	69	66	77	82	79	79	73	80	71	75	74	71	67	66	65	70	65	61	64	68	79	70	68	79	50	71
Kerim Alıcı	27	183	73	R	B	SB	["SB"]	Hatayspor	2026	Türkiye	65	66	69	71	77	75	70	76	70	73	70	67	69	64	61	68	61	61	68	66	66	70	63	71	50	67
Cengiz Demir	23	186	74	L	B	CBT	["CBT"]	Hatayspor	2025	Türkiye	47	68	74	71	68	66	69	65	65	65	65	64	60	52	61	68	58	61	62	67	69	65	47	71	50	69
Oğuzhan Matur	25	173	71	L	B	SB	["SB"]	Hatayspor	2026	Türkiye	60	57	72	71	68	76	63	76	68	69	61	62	60	60	61	68	59	61	62	61	66	65	58	66	50	61
Joelson Augusto Mendes Mango Fernandes	21	172	64	R	B	WF	["WF","SM"]	Hatayspor	2026	Portugal	70	31	76	71	90	92	71	92	76	83	67	66	62	66	65	68	68	68	71	64	66	76	71	64	50	67
Cemali Sertel	25	186	80	L	B	SB	["SB","CBT"]	Hatayspor	2025	Türkiye	64	65	74	72	74	76	71	72	72	72	71	68	69	65	61	68	61	64	62	70	78	71	71	73	50	67
Bilal Boutobba	26	172	65	L	B	WF	["WF","SM"]	Hatayspor	2026	France	69	34	78	71	77	80	63	85	76	76	76	73	73	71	72	71	75	72	73	61	66	76	63	63	50	69
Rigoberto Manuel Rivas Vindel	26	178	73	R	B	WF	["WF","SM"]	Hatayspor	2026	Honduras	69	41	71	73	80	81	67	79	73	77	71	73	67	71	69	76	65	61	65	61	69	71	67	66	50	68
Andreas Gianniotis	32	192	85	R	B	GK	["GK"]	Kasımpaşa	2025	Greece	31	77	78	71	62	62	78	76	58	55	61	64	62	64	34	70	43	61	49	55	74	65	49	71	77	67
Cláudio Winck Neto	30	184	77	R	B	SB	["SB"]	Kasımpaşa	2025	Brazil	72	71	72	87	78	76	74	73	74	75	71	73	70	77	63	76	66	73	76	71	77	75	74	83	50	74
Kenneth Josiah Omeruo	31	184	84	R	B	CBT	["CBT"]	Kasımpaşa	2025	Nigeria	53	74	81	78	70	66	75	66	65	66	68	65	63	58	61	68	59	61	62	74	79	65	59	77	50	76
Sadık Çiftpınar	32	183	78	R	B	CBT	["CBT"]	Kasımpaşa	2025	Türkiye	51	73	76	71	75	75	73	75	65	68	63	62	58	52	61	68	57	61	62	70	79	65	52	73	50	72
Gökhan Gül	26	180	78	R	B	DM	["DM"]	Kasımpaşa	2025	Türkiye	65	72	73	76	66	70	75	72	67	63	73	68	63	53	61	68	60	61	62	67	72	68	72	75	50	68
Mamadou Fall	33	184	72	R	B	CF	["CF","SM","WF"]	Kasımpaşa	2027	Senegal	75	47	81	80	93	85	71	83	75	84	71	73	69	73	74	78	67	61	62	74	88	73	71	73	50	71
Carlos Miguel Ribeiro Dias	31	185	82	R	B	DM	["DM","CM","SM"]	Kasımpaşa	2026	Portugal	73	64	84	71	66	66	73	65	73	67	73	78	71	76	71	85	73	61	71	70	79	74	71	76	50	76
Josip Brekalo	26	175	70	R	B	AM	["AM","WF","SM"]	Kasımpaşa	2025	Croatia	76	45	76	76	76	82	77	85	84	80	81	80	78	80	76	81	77	81	83	62	66	83	77	67	50	72
Haris Hajradinović Харис Хајрадиновиќ	30	178	74	L	B	CM	["CM","AM"]	Kasımpaşa	2026	Bosnia and Herzegovina	76	58	72	84	76	78	74	80	79	77	82	82	80	80	71	81	74	78	82	61	67	79	74	81	50	78
Erdem Çetinkaya	23	177	69	L	B	WF	["WF","SM","CF"]	Kasımpaşa	2027	Türkiye	63	38	69	76	75	77	63	75	74	76	68	68	62	66	69	72	62	61	62	66	68	71	62	67	50	63
Mortadha Ben Ouannes	30	182	75	L	B	SB	["SB","SM","WB"]	Kasımpaşa	2025	Tunisia	70	70	68	76	76	77	71	75	74	74	76	72	73	72	68	70	66	63	74	68	74	75	71	73	50	72
Adnan Aktaş	18	174	68	L	B	SB	["SB"]	Kasımpaşa	2026	Türkiye	59	57	73	71	68	74	63	74	67	68	61	62	58	57	61	68	59	61	62	61	66	65	56	66	50	60
Jhon Jairo Espinoza Izquierdo	25	180	77	R	B	SB	["SB","SM","WB"]	Kasımpaşa	2026	Ecuador	63	67	79	76	78	81	71	80	71	73	71	67	69	65	61	68	61	61	62	68	81	71	67	76	50	69
Nuno Miguel da Costa Jóia	33	184	70	R	B	CF	["CF"]	Kasımpaşa	2025	Cabo Verde	76	31	76	75	85	83	73	81	77	81	74	76	66	73	76	79	71	63	62	81	87	78	73	68	50	71
Nicholas Opoku	27	190	78	R	B	CBT	["CBT"]	Kasımpaşa	2026	Ghana	52	72	88	76	66	69	71	68	65	63	61	62	58	58	61	68	58	61	62	71	83	65	55	76	50	71
Sinan Alkaş	18	175	70	R	B	CF	["CF"]	Kasımpaşa	2025	Türkiye	61	31	66	71	66	66	63	64	65	62	61	62	58	56	68	68	58	61	62	64	66	65	58	63	50	61
Berat Kalkan	21	171	65	R	B	WF	["WF","SM"]	Kasımpaşa	2026	Türkiye	64	41	76	71	85	87	67	81	70	78	62	62	62	65	64	68	62	61	62	61	66	68	67	63	50	61
Ali Emre Yanar	26	190	82	R	B	GK	["GK"]	Kasımpaşa	2026	Türkiye	31	70	74	71	62	62	67	62	58	55	61	62	60	62	29	66	43	61	49	55	69	65	40	51	70	56
Loret Sadiku	33	181	72	R	B	DM	["DM","CBT","CM"]	Kasımpaşa	2026	Albania	67	70	70	76	66	66	73	70	67	60	74	76	65	63	61	80	65	61	66	67	66	71	73	76	50	69
Taylan Utku Aydın	18	180	75	R	B	CBT	["CBT"]	Kasımpaşa	2025	Türkiye	49	65	66	71	66	66	64	62	65	60	61	62	58	51	61	68	53	61	62	63	66	65	51	67	50	61
Aytaç Kara	31	186	84	R	B	CM	["CM","DM"]	Kasımpaşa	2025	Türkiye	77	65	85	83	66	66	74	66	74	65	79	83	75	79	73	88	74	79	77	72	71	74	74	81	50	76
Emirhan Yiğit	18	173	60	R	B	WF	["WF","SM"]	Kasımpaşa	2025	Türkiye	58	34	72	71	68	74	63	74	67	68	63	63	63	63	62	68	59	61	62	61	66	65	50	63	50	63
Yasin Özcan	18	185	75	L	B	SB	["SB","CBT"]	Kasımpaşa	2026	Türkiye	63	68	69	75	72	68	71	68	65	67	66	65	59	61	61	68	60	61	62	68	72	67	67	75	50	62
Antonín Barák	30	190	86	L	B	CM	["CM","AM"]	Kasımpaşa	2025	Czechia	81	66	77	81	73	74	81	75	82	77	82	83	81	82	79	85	80	77	80	74	79	83	81	76	50	78
Kévin Manuel Rodrigues	30	170	68	L	B	SB	["SB"]	Kasımpaşa	2025	Portugal	76	69	74	76	78	75	76	76	79	77	81	82	81	83	73	85	74	79	80	77	78	81	76	78	50	77
Ali Sühan Demirel	22	176	69	L	B	AM	["AM"]	Kasımpaşa	2025	Türkiye	62	49	71	71	69	73	65	72	76	73	68	67	65	62	61	68	63	63	63	61	66	75	65	65	50	64
Onurcan Piri	30	190	82	R	B	GK	["GK"]	Kayserispor	2026	Türkiye	31	72	76	71	62	62	72	62	58	55	61	62	61	62	31	66	43	61	49	55	69	65	43	58	72	55
Joseph Attamah	30	180	80	R	B	CBT	["CBT","DM"]	Kayserispor	2025	Ghana	65	66	81	74	69	69	73	68	66	66	72	72	65	58	61	74	66	61	62	69	79	66	73	72	50	66
Dimitrios Kolovetsios	33	183	77	L	B	CBT	["CBT"]	Kayserispor	2025	Greece	56	75	76	78	66	66	75	63	65	60	70	67	62	53	61	68	57	61	62	73	67	65	60	76	50	76
Seyed Majid Hosseini	28	187	76	R	B	CBT	["CBT"]	Kayserispor	2025	Iran	50	74	79	78	66	66	75	65	65	64	69	66	64	50	61	68	58	61	62	76	79	65	54	78	50	76
Ali Karimi	30	185	79	R	B	CM	["CM","DM"]	Kayserispor	2027	Iran	72	67	78	75	66	69	73	67	74	66	75	71	69	67	68	69	66	61	65	76	79	76	73	72	50	71
Miguel Filipe Nunes Cardoso	30	176	76	R	B	SM	["SM","AM","CM"]	Kayserispor	2027	Portugal	75	50	74	71	78	77	74	76	77	77	73	75	72	74	73	78	70	64	68	61	67	77	74	63	50	70
Kartal Kayra Yılmaz	24	178	70	R	B	DM	["DM","CM"]	Kayserispor	2025	Türkiye	67	66	76	76	72	71	77	73	73	71	76	72	78	74	61	70	66	77	79	68	74	73	68	74	50	71
Duckens Moses Nazon	30	181	79	R	B	CF	["CF"]	Kayserispor	2026	Haiti	70	32	80	71	81	77	71	75	73	76	70	72	59	62	76	76	69	61	65	70	82	73	71	63	50	63
Mehdi Bourabia	33	183	73	R	B	CM	["CM","DM"]	Kayserispor	2025	Morocco	72	67	74	76	66	66	76	69	75	68	78	77	71	71	61	77	70	77	62	67	70	76	76	72	50	71
Gökhan Sazdağı	30	179	72	R	B	SB	["SB","CF","SM","WB"]	Kayserispor	2025	Türkiye	72	62	69	78	73	74	73	74	72	72	71	73	71	73	70	76	67	61	68	68	69	71	73	72	50	69
Stéphane Bahoken	32	185	88	R	B	CF	["CF"]	Kayserispor	2025	Cameroon	72	31	81	73	73	70	71	72	75	72	70	71	65	71	73	74	69	63	62	76	74	77	71	69	50	67
Mehmet Eray Özbek	22	173	67	L	B	AM	["AM"]	Kayserispor	2026	Türkiye	60	47	72	75	70	75	63	75	68	69	61	62	58	54	61	68	59	61	62	61	66	66	58	70	50	63
Julian Jeanvier	31	185	84	R	B	CBT	["CBT"]	Kayserispor	2025	Guinea	58	73	79	71	68	66	73	68	65	65	69	66	61	55	61	68	60	61	62	73	78	67	62	73	50	72
Carlos Manuel Cardoso Mané	30	173	63	R	B	WF	["WF","SM"]	Kayserispor	2026	Guinea-Bissau	72	45	76	73	91	90	72	89	78	85	73	76	69	74	71	80	74	61	84	71	81	76	72	70	50	71
Lionel Jules Carole	33	182	78	L	B	SB	["SB"]	Kayserispor	2025	France	73	70	77	74	77	74	73	75	72	74	71	68	68	63	61	68	62	61	66	67	76	73	72	74	50	73
Bilal Bayazıt	25	185	76	R	B	GK	["GK"]	Kayserispor	2026	Türkiye	31	75	76	71	62	62	78	63	58	55	61	64	62	64	32	68	43	61	49	55	71	65	45	60	73	65
Baran Ali Gezek	19	170	65	R	B	AM	["AM","CM"]	Kayserispor	2025	Türkiye	60	49	71	71	66	66	63	65	68	61	67	65	63	59	61	68	61	61	62	61	66	68	56	63	50	63
Ramazan Civelek	29	171	65	R	B	SM	["SM","SB","WB"]	Kayserispor	2025	Türkiye	70	69	75	73	78	79	71	79	72	74	72	68	71	65	66	68	66	66	74	61	66	71	71	68	50	68
Hasan Ali Kaldırım	35	183	75	L	B	SB	["SB"]	Kayserispor	2025	Türkiye	72	69	76	71	68	66	72	67	73	69	73	74	71	73	61	76	67	61	78	65	71	73	72	72	50	71
Arif Kocaman	21	184	72	L	B	CBT	["CBT","SB"]	Kayserispor	2026	Türkiye	64	68	66	73	66	66	70	65	65	62	67	65	58	53	61	68	60	61	62	67	66	68	70	74	50	63
Aylton Filipe Boa Morte	31	182	75	R	B	WF	["WF","SM"]	Kayserispor	2025	Portugal	76	33	80	81	79	79	76	79	76	78	73	75	71	75	71	79	65	61	68	72	83	76	76	76	50	72
Nurettin Korkmaz	22	172	70	L	B	WF	["WF","SM"]	Kayserispor	2025	Türkiye	61	40	73	71	74	71	63	68	71	71	67	68	63	66	66	72	61	61	62	61	66	71	55	63	50	62
Yaw Ackah	25	169	65	R	B	DM	["DM","CM"]	Kayserispor	2026	Ghana	66	68	78	76	74	70	73	74	73	71	69	68	63	62	61	68	63	61	62	61	66	76	72	83	50	73
Anthony Chigaemezu Uzodimma	25	176	79	R	B	SB	["SB","DM","SM","WB"]	Kayserispor	2025	Nigeria	67	61	67	71	76	77	70	77	73	73	72	70	65	63	61	69	64	61	63	66	74	73	70	72	50	66
Talha Sarıarslan	21	175	68	R	B	CF	["CF"]	Kayserispor	2026	Türkiye	67	36	70	71	66	66	66	62	68	63	68	66	66	64	68	68	62	61	62	71	66	66	66	63	50	62
Deniz Ertaş	19	193	77	R	B	GK	["GK"]	Konyaspor	2027	Türkiye	31	68	73	71	62	62	66	60	58	55	61	61	59	61	31	66	43	61	49	55	66	65	38	55	68	55
Karahan Yasir Subaşı	29	180	73	L	B	SB	["SB"]	Konyaspor	2025	Türkiye	63	64	70	73	74	74	68	76	65	68	61	62	63	64	61	68	59	61	62	61	67	65	67	69	50	62
Adil Demirbağ	27	185	78	R	B	CBT	["CBT"]	Konyaspor	2027	Türkiye	50	73	77	72	66	66	73	62	65	60	65	64	61	54	61	68	57	61	62	72	75	65	52	73	50	73
Uğurcan Yazğılı	25	184	79	R	B	CBT	["CBT","DM","SB"]	Konyaspor	2025	Türkiye	62	66	79	71	66	66	68	66	65	60	70	67	58	51	61	68	58	61	62	70	76	65	65	73	50	63
Muhammet Tunahan Taşçı	22	172	70	L	B	WF	["WF","SM"]	Konyaspor	2027	Türkiye	65	38	73	72	80	79	66	75	72	73	65	65	64	65	62	68	63	61	62	61	66	75	66	65	50	63
Pedro Henrique Oliveira dos Santos	28	176	74	R	B	WF	["WF","SM"]	Konyaspor	2027	Brazil	63	38	71	71	74	73	63	69	74	74	67	71	67	71	76	77	68	74	74	61	66	73	60	65	50	63
Danijel Aleksić	33	182	75	L	B	CM	["CM","AM"]	Konyaspor	2026	Serbia	77	52	76	84	73	74	74	77	78	75	78	81	75	78	78	84	76	81	83	66	75	78	74	79	50	77
Yusuf Erdoğan	32	171	64	L	B	SM	["SM","SB","WB"]	Konyaspor	2026	Türkiye	72	65	74	78	85	83	73	82	75	80	73	76	71	77	72	80	74	76	84	64	73	73	73	75	50	72
Louka Daniel Prip Andreasen	27	182	72	L	B	WF	["WF","SM","CF"]	Konyaspor	2025	Denmark	74	52	75	83	79	81	73	80	76	76	73	75	72	74	74	79	74	71	74	61	68	76	73	75	50	72
Guilherme Haubert Sityá	34	180	79	L	B	SB	["SB","SM","WB"]	Konyaspor	2025	Brazil	75	72	81	87	82	84	75	83	79	79	81	76	82	78	67	71	70	79	80	66	83	80	75	80	50	74
Josip Ćalušić	31	187	80	L	B	CBT	["CBT","SB"]	Konyaspor	2026	Croatia	61	69	70	71	67	69	67	63	65	64	61	62	58	50	61	68	54	61	62	66	71	65	61	64	50	58
Marko Jevtović	31	194	82	R	B	DM	["DM","CM"]	Konyaspor	2026	Serbia	67	72	87	73	66	66	75	63	69	61	73	75	67	67	63	78	68	73	62	78	80	71	73	74	50	69
Alassane Ndao	28	176	70	R	B	WF	["WF","SM"]	Konyaspor	2026	Senegal	71	40	74	71	81	78	71	78	75	78	70	71	71	72	69	74	64	61	62	61	67	74	71	64	50	67
Ufuk Akyol	27	180	74	R	B	DM	["DM","CM"]	Konyaspor	2026	Türkiye	71	68	73	71	74	69	72	69	73	72	73	68	69	62	64	68	64	67	62	66	71	73	72	73	50	71
Riechedly Guillermo Bazoer	28	184	74	R	B	CBT	["CBT","DM"]	Konyaspor	2026	Netherlands	75	76	83	71	74	70	80	72	79	76	79	79	80	78	72	80	76	71	78	78	78	79	80	75	50	76
Niko Rak	21	173	73	R	B	DM	["DM","CM"]	Konyaspor	2026	Croatia	63	64	71	73	66	70	68	71	71	65	71	68	68	63	61	68	62	61	62	65	68	72	67	71	50	67
Mehmet Umut Nayir	31	191	75	R	B	CF	["CF"]	Konyaspor	2026	Türkiye	78	36	82	77	71	66	76	67	73	70	68	71	58	66	77	77	69	61	62	81	85	75	76	78	50	76
Nikola Boranijašević	32	182	70	R	B	SM	["SM","SB","WB"]	Konyaspor	2025	Serbia	70	66	71	86	75	76	72	72	73	73	72	70	73	71	67	69	63	61	64	70	77	73	68	78	50	70
Emmanuel Boateng	27	174	66	R	B	CM	["CM"]	Konyaspor	2026	Ghana	70	59	70	73	74	74	71	76	69	70	79	72	74	66	63	68	63	61	62	68	74	71	69	71	50	69
Jakub Słowik	33	190	82	R	B	GK	["GK"]	Konyaspor	2025	Poland	31	74	77	71	62	62	76	62	58	55	61	62	60	62	36	66	43	61	49	55	70	65	46	67	71	59
Hamidou Keyta	30	184	77	R	B	WF	["WF","SM","CF","AM","SS"]	Konyaspor	2026	France	73	45	71	75	91	85	68	81	77	84	71	74	67	73	75	79	71	61	68	61	73	76	68	68	50	68
Filip Damjanović	26	188	80	R	B	CBT	["CBT"]	Konyaspor	2026	Serbia	49	71	82	74	66	66	69	62	65	60	65	64	58	52	61	68	60	61	62	72	72	67	53	76	50	71
Oğulcan Ülgün	26	178	73	R	B	DM	["DM","CM"]	Konyaspor	2026	Türkiye	68	62	72	74	68	73	71	70	71	68	73	71	69	66	61	69	64	61	62	62	69	73	65	73	50	70
Adem Eren Kabak	24	185	77	R	B	CBT	["CBT"]	Konyaspor	2025	Türkiye	46	68	66	71	69	68	63	62	65	65	61	62	58	49	61	68	52	61	62	63	66	65	47	64	50	60
Melih İbrahimoğlu	24	175	73	R	B	CM	["CM","DM"]	Konyaspor	2027	Türkiye	66	50	74	73	74	76	66	75	74	73	71	67	66	60	62	68	63	61	62	61	66	75	66	67	50	67
Melih Bostan	20	173	65	R	B	CF	["CF","WF","SM"]	Konyaspor	2027	Türkiye	69	34	72	73	76	74	69	73	71	73	70	68	64	64	73	69	64	61	63	63	66	70	69	66	50	65
Yavuz Aygün	28	193	86	R	B	GK	["GK"]	Konyaspor	2026	Türkiye	31	71	80	71	62	62	71	62	58	55	61	62	61	62	31	66	43	61	49	55	70	65	41	66	71	59
Blaž Kramer	28	191	87	R	B	CF	["CF"]	Konyaspor	2027	Slovenia	68	44	85	71	79	75	64	73	71	73	67	70	61	65	71	76	65	61	62	74	86	71	64	70	50	70
Tarık Çetin	28	193	86	R	B	GK	["GK"]	Rizespor	2025	Türkiye	31	72	77	71	62	62	77	62	58	55	61	64	62	64	32	68	43	61	49	55	69	65	40	55	72	59
Khusniddin Alikulov Хусниддин Рузи оглы Алиқулов	25	182	72	R	B	CBT	["CBT"]	Rizespor	2026	Uzbekistan	50	71	66	72	71	66	72	67	65	66	70	67	65	53	61	68	58	61	62	66	75	65	54	72	50	69
Halil İbrahim Pehlivan	31	183	72	L	B	SB	["SB"]	Rizespor	2025	Türkiye	67	65	75	73	74	74	71	69	70	71	68	66	67	66	61	68	62	61	66	63	73	69	70	72	50	64
Attila Mocsi	24	190	77	R	B	CBT	["CBT"]	Rizespor	2027	Hungary	57	69	79	71	70	66	71	62	65	66	66	64	58	50	61	68	57	61	62	68	76	65	61	71	50	71
Casper Michael Højer Nielsen	30	184	75	L	B	SB	["SB"]	Rizespor	2026	Denmark	74	69	78	78	78	79	76	76	76	75	78	82	80	84	70	87	72	80	83	66	79	77	76	76	50	76
Giannis Papanikolaou	26	182	73	R	B	CM	["CM","CBT","DM"]	Rizespor	2026	Greece	71	65	77	83	74	79	74	78	73	72	73	69	69	62	66	68	64	61	68	66	79	73	73	82	50	74
Benhur Keser	28	185	76	R	B	WF	["WF","SM","CF"]	Rizespor	2026	Türkiye	71	39	66	73	80	78	71	73	77	79	71	68	69	67	68	68	67	69	69	66	72	76	71	70	50	69
Dal Varesanovic	23	177	73	R	B	AM	["AM","CM"]	Rizespor	2026	Bosnia and Herzegovina	72	50	70	74	73	68	71	70	76	74	71	71	69	69	69	73	69	62	75	61	66	75	71	66	50	70
Ali Sowe	30	191	84	R	B	CF	["CF"]	Rizespor	2025	Gambia	75	44	86	74	80	77	77	75	77	78	73	74	65	67	77	78	69	63	62	77	89	76	77	74	50	73
Ibrahim Olawoyin	27	178	72	R	B	AM	["AM","CM","DM"]	Rizespor	2026	Nigeria	71	47	71	78	85	84	71	83	76	81	71	68	65	63	73	68	64	61	62	61	70	73	71	69	50	67
Václav Jurečka	30	182	76	R	B	CF	["CF","AM","WF","SM","SS"]	Rizespor	2026	Czechia	79	48	78	87	79	76	77	76	75	76	73	74	72	76	79	78	74	71	67	76	82	76	77	81	50	76
Seyfettin Anıl Yaşar	22	192	79	L	B	CBT	["CBT"]	Rizespor	2025	Türkiye	48	70	71	74	67	66	68	62	65	64	73	69	64	50	61	68	60	61	62	71	72	67	51	75	50	69
Emrecan Bulut	22	185	80	R	B	WF	["WF","SM"]	Rizespor	2025	Türkiye	61	35	72	71	74	73	63	67	66	68	65	64	63	63	63	68	61	61	62	65	72	68	55	63	50	62
Muhamed Buljubašić	20	180	75	R	B	CM	["CM","DM"]	Rizespor	2028	Bosnia and Herzegovina	62	56	68	71	66	68	63	65	69	65	71	68	63	60	61	68	61	61	62	66	66	69	62	67	50	64
Rachid Ghezzal رشيد غزال	32	182	70	L	B	WF	["WF","SM"]	Rizespor	2025	Algeria	80	40	71	75	74	74	81	76	83	79	82	79	82	79	76	76	76	79	86	66	69	83	81	68	50	75
Amir Hadžiahmetović	27	179	70	R	B	DM	["DM","CM"]	Rizespor	2025	Bosnia and Herzegovina	75	72	77	83	74	76	77	75	77	75	78	77	78	76	63	76	68	69	77	71	74	77	75	79	50	76
Eray Korkmaz	21	175	67	R	B	SB	["SB","CBT"]	Rizespor	2026	Türkiye	62	64	74	71	72	78	68	73	65	72	61	62	60	60	61	68	53	61	62	61	70	65	63	69	50	62
Babajide David Akintola	29	180	74	R	B	WF	["WF","SM"]	Rizespor	2025	Nigeria	73	43	73	79	91	88	70	88	74	83	68	70	65	71	69	74	64	61	67	66	79	73	70	72	50	70
Ivo Grbić	29	195	93	R	B	GK	["GK"]	Rizespor	2025	Croatia	31	78	83	71	62	62	78	65	58	55	61	67	64	67	32	77	43	61	49	55	75	65	49	62	77	64
Muhammet Taha Şahin	24	178	74	R	B	SB	["SB"]	Rizespor	2027	Türkiye	63	64	71	71	75	76	68	70	71	75	70	67	69	65	61	68	59	61	62	61	66	66	66	68	50	61
Canberk Yurdakul	23	190	76	R	B	GK	["GK"]	Rizespor	2027	Türkiye	31	68	69	71	62	62	68	53	58	55	61	60	59	60	29	66	43	61	49	55	57	65	38	55	68	54
Mithat Pala	24	172	68	R	B	DM	["DM","SB"]	Rizespor	2026	Türkiye	65	61	74	83	78	80	67	79	68	73	70	67	66	62	61	68	60	61	62	61	71	67	67	75	50	66
Altin Zeqiri	24	185	74	R	B	WF	["WF","SM"]	Rizespor	2026	Kosovo	72	38	69	75	75	78	72	77	74	74	71	75	68	75	73	82	75	61	73	71	74	73	72	66	50	68
Martin Yankov Minchev Мартин Янков Минчев	23	184	80	R	B	CF	["CF","WF","SM"]	Rizespor	2026	Bulgaria	77	38	79	71	85	83	73	78	75	79	73	74	69	73	75	77	71	64	62	74	85	76	73	78	50	79
Okan Kocuk	29	188	78	R	B	GK	["GK"]	Samsunspor	2026	Türkiye	31	75	75	71	62	62	78	65	58	55	61	64	62	64	33	69	43	61	49	55	74	65	46	63	77	59
Rick van Drongelen	26	187	85	L	B	CBT	["CBT","SB"]	Samsunspor	2026	Netherlands	66	72	82	71	71	66	75	64	65	66	71	67	65	58	61	68	60	61	62	79	82	67	75	75	50	70
Celil Yüksel	27	171	67	R	B	CM	["CM"]	Samsunspor	2025	Türkiye	68	55	74	73	70	69	69	67	74	71	75	73	67	64	61	72	66	63	62	68	66	75	69	72	50	70
Youssef Aït Bennasser	28	184	74	R	B	DM	["DM","CM"]	Samsunspor	2025	Morocco	73	67	73	71	74	67	72	70	79	76	79	78	77	76	66	77	73	73	70	67	71	80	72	69	50	73
Arbnor Muja	26	179	69	R	B	WF	["WF","SM"]	Samsunspor	2027	Albania	73	49	76	81	92	89	70	87	76	84	74	75	70	74	71	77	71	69	73	63	76	75	70	77	50	73
Soner Aydoğdu	34	180	72	L	B	CM	["CM","DM"]	Samsunspor	2025	Türkiye	72	68	71	75	67	71	72	71	76	70	76	76	77	76	71	78	72	77	83	68	72	76	72	72	50	73
Marius Mouandilmadji	27	190	85	R	B	CF	["CF"]	Samsunspor	2026	Chad	73	39	85	74	79	74	71	75	72	75	63	68	58	61	78	77	71	63	62	76	84	71	71	73	50	70
Jules Olivier Ntcham	28	180	80	R	B	CM	["CM","AM","DM"]	Samsunspor	2026	Cameroon	74	68	81	79	70	74	71	77	79	74	79	80	76	77	74	82	76	76	77	62	74	80	68	76	50	76
Emre Kılınç	30	174	68	L	B	WF	["WF","SM"]	Samsunspor	2026	Türkiye	75	55	74	84	73	83	76	86	78	76	73	74	72	73	72	76	70	70	73	61	66	76	76	73	50	70
Flavien Tait	31	176	73	R	B	CM	["CM","DM"]	Samsunspor	2026	France	78	71	77	81	69	76	81	76	79	74	80	78	77	76	76	76	76	74	79	63	73	80	81	78	50	77
Landry Nany Dimata	27	185	81	R	B	CF	["CF"]	Samsunspor	2026	Belgium	74	46	85	77	79	79	73	77	72	75	73	75	68	73	74	78	68	61	62	76	87	73	73	77	50	75
Marc Bola	27	185	78	L	B	SB	["SB","CBT"]	Samsunspor	2025	England	66	70	75	81	78	77	75	73	71	74	68	66	67	65	61	68	61	61	62	67	78	69	75	74	50	63
Kingsley Schindler	31	183	80	R	B	SM	["SM","SB","WB"]	Samsunspor	2025	Ghana	74	62	78	75	77	85	74	81	74	75	73	73	73	75	70	74	65	61	62	62	79	73	74	72	50	72
Zeki Yavru	33	178	78	R	B	SB	["SB","DM","CBT"]	Samsunspor	2025	Türkiye	72	69	74	78	69	71	75	72	71	69	71	72	73	75	62	75	68	77	74	61	66	71	75	76	50	68
Muhammet Ali Özbaskıcı	19	172	67	R	B	AM	["AM","CM"]	Samsunspor	2025	Türkiye	68	50	74	71	70	68	68	64	66	68	70	67	64	59	61	68	58	61	62	66	66	65	68	67	50	65
Carl Johan Holse Justesen	25	177	68	L	B	SM	["SM","CM","AM"]	Samsunspor	2027	Denmark	74	59	80	84	81	83	78	86	75	77	74	71	71	70	71	69	69	70	72	61	67	76	78	76	50	72
Yunus Emre Çift	21	185	79	R	B	CBT	["CBT"]	Samsunspor	2027	Türkiye	51	71	73	71	68	66	71	62	65	65	61	62	58	52	61	68	55	61	62	71	73	65	55	72	50	70
Muammer Zülfikar Yıldırım	34	190	81	L	B	GK	["GK"]	Samsunspor	2025	Türkiye	31	72	76	71	62	62	72	61	58	55	61	63	61	63	36	66	43	61	49	55	68	65	44	67	71	60
Gaëtan Laura	29	178	82	R	B	CF	["CF","SM","WF"]	Samsunspor	2025	France	69	35	79	76	89	83	69	81	70	79	66	66	59	63	68	70	64	61	62	67	83	70	69	76	50	69
Soner Gönül	27	177	73	L	B	SB	["SB"]	Samsunspor	2025	Türkiye	63	67	74	76	75	78	71	78	68	71	64	63	66	65	61	68	60	61	62	62	66	68	68	73	50	63
Ľubomír Šatka	29	188	78	R	B	CBT	["CBT"]	Samsunspor	2026	Slovakia	51	76	79	71	68	68	75	68	65	65	72	68	64	56	61	68	62	61	62	73	78	72	56	70	50	69
Halil Yeral	25	190	78	R	B	GK	["GK"]	Samsunspor	2025	Türkiye	31	68	75	71	62	62	68	59	58	55	61	61	60	61	30	66	43	61	49	55	65	65	39	57	68	55
Moussa Guel	25	171	78	R	B	WF	["WF","SM","CF"]	Samsunspor	2025	Côte d'Ivoire	69	36	74	71	86	88	67	87	71	79	61	62	61	63	70	68	61	61	62	61	66	70	67	63	50	63
Elano Lorenzo Yegen	22	191	78	R	B	CBT	["CBT"]	Samsunspor	2026	Türkiye	46	68	78	71	66	66	66	64	65	62	61	62	58	52	61	68	56	61	62	70	74	65	45	67	50	61
Haluk Mustafa Tan	19	177	71	R	B	SB	["SB"]	Samsunspor	2028	Türkiye	61	59	66	71	81	84	63	82	65	75	61	62	59	59	61	68	57	61	62	61	66	65	60	70	50	63
Enes Albak	19	175	69	R	B	SB	["SB"]	Samsunspor	2027	Türkiye	64	62	66	71	71	67	68	68	66	69	67	65	64	60	61	68	58	61	62	62	66	65	66	66	50	62
Bedirhan Çetin	18	182	70	R	B	CBT	["CBT"]	Samsunspor	2025	Türkiye	48	66	73	71	72	68	66	69	65	67	61	62	58	50	61	68	53	61	62	61	66	65	49	69	50	62
Ercan Kara	29	192	88	R	B	CF	["CF","AM","SS"]	Samsunspor	2026	Austria	72	34	93	85	82	70	73	68	71	74	68	74	58	62	73	83	73	70	68	74	85	73	73	79	50	70
Hüseyin Arslan	25	193	73	R	B	GK	["GK"]	Sivasspor	2025	Türkiye	31	69	74	71	62	62	71	61	58	55	61	62	61	62	31	66	43	61	49	55	68	65	34	49	69	56
Uğur Çiftçi	32	179	73	L	B	SB	["SB"]	Sivasspor	2027	Türkiye	74	72	74	76	74	72	74	71	72	73	71	70	73	72	61	71	64	61	70	61	66	71	74	77	50	74
Özkan Yiğiter	25	187	78	R	B	DM	["DM","CBT"]	Sivasspor	2026	Türkiye	62	59	74	71	66	68	65	65	69	65	73	71	65	65	61	70	61	61	62	66	72	71	65	73	50	67
Murat Paluli	30	175	69	R	B	SB	["SB"]	Sivasspor	2026	Türkiye	68	65	74	73	74	76	69	76	70	72	66	65	67	64	61	68	60	61	62	61	72	68	69	73	50	68
Charilaos Charisis Χαρίλαος Χαρίσης	30	177	68	R	B	CM	["CM","DM"]	Sivasspor	2025	Greece	71	67	76	80	66	66	73	71	76	69	75	75	74	75	63	77	75	76	74	66	69	75	72	78	50	74
Rei Aldo Manaj	27	182	76	R	B	CF	["CF"]	Sivasspor	2025	Albania	81	43	79	71	74	72	80	69	79	76	75	80	66	74	83	86	76	80	74	76	82	81	80	71	50	74
Alex David Pritchard	31	168	62	R	B	AM	["AM","CM"]	Sivasspor	2026	England	73	56	77	71	66	67	73	76	76	69	74	74	73	75	71	76	72	77	76	61	66	76	73	70	50	73
Queensy Menig	29	174	69	R	B	WF	["WF","SM"]	Sivasspor	2026	Netherlands	69	37	71	77	90	89	68	89	77	83	70	69	63	68	71	71	68	61	73	64	69	77	68	67	50	66
Samuel Moutoussamy	28	176	72	L	B	CM	["CM","DM"]	Sivasspor	2026	Congo DR	74	72	79	84	72	74	79	78	76	74	77	71	75	67	62	68	70	61	62	61	68	76	76	80	50	75
Đorđe Nikolić	27	195	91	R	B	GK	["GK"]	Sivasspor	2026	Serbia	31	71	80	71	62	62	73	62	58	55	61	64	62	64	31	68	43	61	49	55	69	65	40	64	72	63
Samba Camara	32	190	84	L	B	CBT	["CBT"]	Sivasspor	2025	Mali	50	73	88	73	66	66	71	62	65	60	68	66	64	63	61	68	57	61	62	73	75	65	55	71	50	68
Jan Biegański	22	183	80	L	B	DM	["DM"]	Sivasspor	2027	Poland	64	70	76	79	68	66	68	62	65	65	68	66	62	59	61	68	59	61	62	67	73	66	68	77	50	69
Emrah Başsan	32	177	66	L	B	WF	["WF","SM"]	Sivasspor	2025	Türkiye	70	31	74	72	79	79	67	81	73	75	72	74	73	76	71	78	73	77	76	62	70	73	67	71	50	70
Emre Gökay	18	181	72	L	B	WF	["WF","SM"]	Sivasspor	2025	Türkiye	61	33	68	71	79	79	63	79	69	74	64	63	62	61	61	68	59	61	62	61	66	66	60	63	50	62
Alaaddin Okumuş	29	175	70	R	B	SB	["SB","SM","WB"]	Sivasspor	2026	Türkiye	66	64	76	71	73	72	70	72	71	71	71	67	69	68	61	68	62	65	66	61	68	71	70	66	50	61
Garry Mendes Rodrigues	34	173	72	R	B	WF	["WF","SM"]	Sivasspor	2025	Cabo Verde	73	48	75	76	83	83	73	82	76	79	74	74	72	73	73	75	72	69	74	66	74	76	73	76	50	74
Oğuzhan Aksoy	18	175	70	R	B	WF	["WF","SM"]	Sivasspor	2025	Türkiye	61	46	66	71	69	66	63	64	65	65	63	63	62	60	61	68	57	61	62	64	66	65	59	66	50	62
Uroš Radaković	30	194	89	R	B	CBT	["CBT"]	Sivasspor	2026	Serbia	50	76	87	71	66	66	73	63	65	60	63	62	64	54	61	68	59	61	62	73	72	65	53	73	50	73
Noah Kemeseng Sonko-Sundberg	28	187	88	R	B	CBT	["CBT"]	Sivasspor	2025	Gambia	51	70	87	72	74	69	69	65	65	68	70	67	62	54	61	68	59	64	62	72	82	66	54	73	50	69
Ali Şaşal Vural	34	187	68	R	B	GK	["GK"]	Sivasspor	2026	Türkiye	31	74	77	71	62	62	77	62	58	55	61	62	61	62	40	66	43	61	49	55	72	65	49	72	74	68
Achilleas Poungouras	29	187	77	R	B	CBT	["CBT"]	Sivasspor	2025	Greece	52	75	80	73	69	67	76	64	65	65	67	67	62	56	61	70	57	61	62	72	79	65	58	74	50	71
Bekir Turaç Böke	25	176	72	R	B	CF	["CF"]	Sivasspor	2027	Türkiye	62	31	66	71	66	66	63	64	65	63	63	63	58	58	76	68	62	61	62	76	66	65	63	63	50	63
Emirhan Başyiğit	19	190	80	L	B	CBT	["CBT"]	Sivasspor	2026	Türkiye	47	69	73	71	66	66	66	62	65	63	61	62	58	53	61	68	55	61	62	61	66	65	49	69	50	63
Bengali-Fodé Koita	34	186	86	R	B	CF	["CF"]	Sivasspor	2025	Guinea	73	31	80	71	80	75	69	74	71	75	68	73	64	71	74	79	65	61	62	73	83	71	69	64	50	67
Ziya Erdal	37	182	73	L	B	SB	["SB"]	Sivasspor	2025	Türkiye	65	71	67	71	67	70	72	71	68	66	69	71	70	72	61	76	62	61	62	67	68	68	72	72	50	66
Muhammed Sinan Kaya	18	175	67	R	B	AM	["AM"]	Sivasspor	2026	Türkiye	63	42	66	71	71	71	63	67	65	66	66	65	62	55	61	68	55	61	62	61	66	65	63	67	50	63
Mehmet Albayrak	21	186	77	R	B	CBT	["CBT","SB"]	Sivasspor	2027	Türkiye	60	57	68	71	66	66	63	64	65	60	61	62	58	52	61	68	57	61	62	68	66	65	58	69	50	62
Keita Baldé Diao	29	184	77	R	B	CF	["CF","SM","WF"]	Sivasspor	2026	Senegal	75	32	77	75	87	88	74	83	75	80	74	75	72	75	73	78	72	67	70	76	87	76	74	73	50	73
Azizbek Turgunboev	30	173	72	L	B	WF	["WF","SM"]	Sivasspor	2025	Uzbekistan	71	36	74	77	75	80	71	79	73	74	69	70	66	71	71	74	67	61	62	63	73	72	71	67	50	66
Uğurcan Çakır	28	191	82	R	B	GK	["GK"]	Trabzonspor	2027	Türkiye	31	82	82	71	62	62	80	69	58	58	61	67	65	67	35	78	43	61	49	55	79	65	53	74	81	72
Borna Barišić	32	186	80	L	B	SB	["SB"]	Trabzonspor	2027	Croatia	73	69	76	76	72	74	75	74	75	72	78	78	79	81	65	79	71	82	88	72	78	76	72	72	50	72
John David Lundstram	30	181	74	R	B	DM	["DM","CM","CBT"]	Trabzonspor	2027	England	73	71	78	85	74	67	76	68	76	73	79	81	77	77	75	83	76	64	75	68	75	78	75	84	50	77
Batista Adelino Mendy	25	191	82	R	B	DM	["DM","CM","CBT"]	Trabzonspor	2027	France	71	74	88	81	74	69	77	70	77	74	79	78	72	71	61	78	70	61	69	77	85	78	77	80	50	73
Edin Višća	34	172	63	R	B	WF	["WF","SM"]	Trabzonspor	2025	Bosnia and Herzegovina	80	55	79	83	84	86	78	88	82	83	80	81	79	82	81	83	80	74	80	61	71	83	78	73	50	75
Enis Bardhi Енис Барди	29	172	64	R	B	AM	["AM","CM","SM"]	Trabzonspor	2025	North Macedonia	77	62	76	76	71	79	75	83	81	76	81	84	79	84	76	87	82	86	89	62	66	81	75	73	50	76
Anthony Nnaduzor Nwakaeme	35	185	80	R	B	WF	["WF","SM","CF"]	Trabzonspor	2026	Nigeria	79	44	91	83	79	77	78	78	82	80	78	80	77	80	80	84	78	68	79	73	80	83	78	72	50	74
Muhammed-Cham Saračević	24	180	67	L	B	AM	["AM","WF","SM"]	Trabzonspor	2028	Austria	76	32	66	71	76	83	74	84	80	78	78	74	74	71	74	71	74	73	73	63	70	81	74	63	50	73
Ozan Tufan	29	184	88	R	B	CM	["CM","AM","CF","SS"]	Trabzonspor	2027	Türkiye	78	71	83	79	79	77	76	78	79	79	78	81	76	79	77	85	77	72	74	76	85	78	76	80	50	79
Stefan Savić	34	187	80	R	B	CBT	["CBT"]	Trabzonspor	2027	Montenegro	55	86	85	76	73	66	86	65	67	67	78	71	68	54	63	68	62	63	62	86	86	74	61	82	50	86
Simon Bokoté Banza	28	189	77	R	B	CF	["CF"]	Trabzonspor	2025	Congo DR	83	44	84	78	79	78	82	76	82	79	72	76	60	64	85	83	81	63	64	85	91	84	82	76	50	76
Evren Eren Elmalı	24	183	76	L	B	SB	["SB"]	Trabzonspor	2027	Türkiye	73	70	78	83	86	79	74	79	74	80	73	69	70	69	61	68	62	61	73	70	82	73	74	79	50	71
Umut Dilan Bozok	28	178	75	R	B	CF	["CF"]	Trabzonspor	2025	Türkiye	74	41	75	74	78	77	71	79	75	76	74	75	64	71	77	77	71	64	71	73	78	76	71	72	50	72
Serkan Asan	25	170	67	R	B	SB	["SB"]	Trabzonspor	2026	Türkiye	67	63	77	71	80	80	70	79	71	75	66	65	67	67	61	68	61	61	69	65	66	69	69	73	50	66
Umut Güneş	24	177	74	L	B	CM	["CM","DM"]	Trabzonspor	2027	Türkiye	73	68	72	76	73	68	74	66	73	71	78	72	67	59	61	68	64	61	62	68	71	75	74	75	50	73
Stefano Wilfred Denswil	31	188	82	L	B	CBT	["CBT","SB"]	Trabzonspor	2025	Suriname	65	76	81	75	66	66	78	65	73	67	76	77	72	73	61	79	67	76	74	78	74	76	73	78	50	72
Serdar Saatçı	21	190	90	R	B	CBT	["CBT"]	Trabzonspor	2028	Türkiye	50	77	88	71	70	77	77	70	70	68	72	68	63	54	61	68	61	61	62	71	85	71	54	73	50	74
Okay Yokuşlu	30	191	79	R	B	DM	["DM","CM"]	Trabzonspor	2027	Türkiye	74	75	85	83	71	68	78	68	76	72	80	81	76	77	72	82	77	71	76	81	87	78	76	82	50	76
Arseniy Batagov Батагов Арсеній Павлович	22	185	75	L	B	CBT	["CBT"]	Trabzonspor	2028	Ukraine	51	73	69	74	66	66	69	62	65	64	65	64	58	52	61	68	59	61	62	70	71	66	53	71	50	66
Muhammet Taha Tepe	24	187	79	R	B	GK	["GK"]	Trabzonspor	2027	Türkiye	31	70	73	71	62	62	71	61	58	55	61	62	60	62	39	66	44	61	49	55	68	65	44	64	72	61
Cihan Çanak	19	175	65	L	B	AM	["AM","CM","WF","SM"]	Trabzonspor	2027	Türkiye	65	45	74	71	81	85	68	83	79	81	72	70	72	71	66	69	68	66	66	61	66	78	68	69	50	68
Denis Mihai Drăguş	25	185	80	R	B	CF	["CF","WF","SM"]	Trabzonspor	2028	Romania	72	31	76	76	84	81	70	82	81	83	69	69	61	66	80	71	74	69	72	76	86	80	70	75	50	72
Arif Boşluk	21	184	75	L	B	SB	["SB","SM","WB"]	Trabzonspor	2028	Türkiye	62	57	66	71	70	75	64	73	66	68	65	64	61	61	61	68	59	61	66	65	69	65	61	70	50	64
Pedro Jorge Gonçalves Malheiro	24	179	72	R	B	SB	["SB"]	Trabzonspor	2028	Portugal	71	71	71	79	83	79	76	77	79	80	75	73	73	76	70	73	68	61	76	63	70	81	76	71	50	66
Ali Şahin Yılmaz	21	186	82	R	B	CBT	["CBT"]	Trabzonspor	2027	Türkiye	52	67	71	71	66	67	66	62	65	62	65	64	58	52	61	68	59	61	62	68	79	65	55	69	50	69
Engin Poyraz Efe Yıldırım	20	188	78	L	B	CF	["CF"]	Trabzonspor	2025	Türkiye	65	31	71	71	69	66	66	65	67	67	62	62	58	54	73	68	62	61	62	71	72	67	66	63	50	63
Enis Destan	22	186	79	R	B	CF	["CF"]	Trabzonspor	2026	Türkiye	74	50	74	76	73	72	73	73	71	71	71	71	69	70	73	74	67	67	72	76	80	72	73	76	50	74
Mislav Oršić	32	179	69	R	B	WF	["WF","SM"]	Trabzonspor	2025	Croatia	79	63	75	72	84	79	76	82	77	80	76	79	76	81	80	83	81	83	88	66	74	78	76	66	50	72
Volkan Babacan	36	192	86	R	B	GK	["GK"]	İstanbul Başakşehir	2025	Türkiye	31	78	80	71	62	62	73	65	58	56	61	65	63	65	36	72	43	61	49	55	73	65	48	69	75	67
Berat Ayberk Özdemir	26	188	84	R	B	CM	["CM","DM"]	İstanbul Başakşehir	2025	Türkiye	73	70	76	86	73	78	76	76	75	73	78	76	77	73	63	76	71	61	74	74	74	76	75	84	50	76
Jerome Osei Opoku	26	197	79	L	B	CBT	["CBT"]	İstanbul Başakşehir	2027	Ghana	56	78	90	74	66	68	78	66	67	61	68	65	64	64	61	68	61	61	62	70	82	69	59	76	50	73
Onur Ergün	32	185	77	R	B	DM	["DM","CM"]	İstanbul Başakşehir	2025	Türkiye	72	69	77	77	66	66	73	68	71	63	73	73	70	70	68	74	66	66	67	76	78	72	73	76	50	72
Leonardo Campos Duarte Da Silva	28	183	79	R	B	CBT	["CBT","SB"]	İstanbul Başakşehir	2026	Brazil	67	77	82	77	66	66	80	68	67	62	73	69	62	56	61	68	61	61	62	72	79	70	78	81	50	66
Lucas Pedro Alves de Lima	33	178	72	L	B	SB	["SB"]	İstanbul Başakşehir	2025	Brazil	75	69	80	81	78	74	76	76	76	76	75	75	76	76	61	76	72	78	79	61	69	76	73	77	50	74
Serdar Gürler	33	175	65	R	B	WF	["WF","SM"]	İstanbul Başakşehir	2025	Türkiye	75	50	75	76	84	85	75	85	77	81	75	75	73	76	72	77	68	68	79	66	75	76	75	67	50	70
Olivier Kemen	28	177	76	R	B	CM	["CM","AM","DM"]	İstanbul Başakşehir	2027	Cameroon	73	70	85	85	83	78	79	78	78	80	78	78	71	71	76	79	69	63	62	71	85	77	79	82	50	75
Krzysztof Piątek	29	183	77	R	B	CF	["CF"]	İstanbul Başakşehir	2026	Poland	80	42	79	76	77	71	79	72	78	76	73	75	60	69	81	79	76	61	71	79	84	79	79	70	50	69
Berkay Özcan	26	178	72	R	B	CM	["CM","DM","CF"]	İstanbul Başakşehir	2027	Türkiye	75	60	76	83	73	76	76	77	79	76	79	76	76	72	71	73	70	70	77	61	68	80	76	75	50	73
Philippe Paulin Keny	25	190	80	R	B	CF	["CF","WF","SM"]	İstanbul Başakşehir	2025	Senegal	69	34	80	74	87	77	68	72	71	79	68	69	62	68	73	74	65	61	62	75	85	71	68	70	50	67
Miguel Crespo da Silva	28	186	73	R	B	CM	["CM","DM"]	İstanbul Başakşehir	2027	Portugal	76	72	75	83	74	76	78	78	78	75	78	76	75	74	68	76	70	71	77	72	79	78	77	83	50	79
Dimitrios Pelkas Δημήτριος Πέλκας	31	175	73	R	B	AM	["AM","SM","CM"]	İstanbul Başakşehir	2026	Greece	75	52	78	76	77	79	72	81	77	77	76	74	75	73	72	74	75	77	79	61	68	77	72	72	50	74
Hamza Güreler	18	192	84	R	B	CBT	["CBT"]	İstanbul Başakşehir	2026	Türkiye	46	64	66	71	69	69	63	63	65	65	61	62	58	48	61	68	55	61	62	62	66	65	43	63	50	57
Muhammed Şengezer	28	192	80	R	B	GK	["GK"]	İstanbul Başakşehir	2026	Türkiye	31	75	77	71	62	62	76	64	58	55	61	64	62	64	32	70	43	61	49	55	72	65	46	62	74	60
Ömer Faruk Beyaz	21	171	65	L	B	AM	["AM","CM","SM"]	İstanbul Başakşehir	2027	Türkiye	69	55	78	71	70	70	68	78	77	74	74	69	71	65	67	68	63	66	62	61	66	75	68	65	50	67
Patryk Szysz	26	177	70	L	B	WF	["WF","SM","CF"]	İstanbul Başakşehir	2025	Poland	72	42	76	85	85	88	68	87	73	78	69	72	66	71	75	77	70	71	64	68	80	73	68	77	50	70
Matchoi Bobó Djaló	21	175	68	R	B	WF	["WF","SM","AM"]	İstanbul Başakşehir	2027	Portugal	72	46	71	76	86	90	73	90	78	82	73	69	70	68	67	68	66	67	71	61	68	76	73	67	50	69
Deniz Türüç	31	177	75	L	B	SM	["SM","CM"]	İstanbul Başakşehir	2026	Türkiye	74	59	76	81	78	79	77	80	78	77	78	79	78	80	72	82	76	78	85	63	74	78	77	77	50	74
Eren Karaağaç	20	177	70	L	B	SB	["SB"]	İstanbul Başakşehir	2025	Türkiye	60	59	71	71	70	72	65	73	68	69	65	64	62	61	61	68	59	61	62	61	66	66	58	68	50	62
João Vitor Brandão Figueiredo	28	180	74	R	B	CF	["CF","SM","WF"]	İstanbul Başakşehir	2026	Brazil	76	33	77	78	74	77	75	76	75	74	71	72	67	70	76	75	68	61	62	74	74	75	75	70	50	70
Ousseynou Ba	29	192	84	R	B	CBT	["CBT","SB"]	İstanbul Başakşehir	2027	Senegal	65	73	85	77	74	73	78	71	65	68	68	65	61	53	61	68	62	61	62	77	86	72	71	79	50	66
Ömer Ali Şahiner	33	175	70	R	B	SB	["SB","SM","CM","WB"]	İstanbul Başakşehir	2025	Türkiye	73	64	76	82	77	79	73	81	75	76	72	74	72	73	71	77	72	76	79	61	73	73	73	80	50	74
Emre Kaplan	24	180	70	L	B	SB	["SB"]	İstanbul Başakşehir	2025	Türkiye	64	59	71	71	74	69	67	73	65	73	61	62	62	62	61	68	56	61	62	62	66	65	65	67	50	61
Davidson da Luz Pereira	33	177	77	R	B	WF	["WF","SM"]	İstanbul Başakşehir	2025	Brazil	79	47	76	90	85	85	78	84	81	84	76	77	73	77	78	80	74	74	80	71	80	78	78	84	50	79
Deniz Dilmen	19	198	76	L	B	GK	["GK"]	İstanbul Başakşehir	2027	Türkiye	31	70	77	71	62	62	73	62	58	55	61	62	61	62	31	66	43	61	49	55	69	65	42	63	72	61
Abdulrahman Salem Alsanbi	23	181	76	R	B	GK	["GK"]	Al Ahli Jeddah	2028	Saudi Arabia	31	68	71	71	62	62	68	58	58	55	61	61	59	61	31	66	43	61	49	55	64	65	39	55	68	59
Roger Ibañez da Silva	26	185	73	R	B	CBT	["CBT"]	Al Ahli Jeddah	2027	Brazil	55	83	83	87	87	87	87	80	69	74	71	67	58	53	62	68	64	62	62	83	93	80	61	86	50	82
Mohammed bin Sulaiman bin Mohammed Bakor محمد سليمان	20	180	70	R	B	CBT	["CBT"]	Al Ahli Jeddah	2027	Saudi Arabia	47	62	74	71	70	66	63	63	65	66	61	62	58	51	61	68	55	61	62	63	68	65	49	67	50	60
Mohammed Bassam Alhurayji	24	175	68	R	B	SB	["SB","CM","CBT","DM"]	Al Ahli Jeddah	2025	Saudi Arabia	63	62	75	76	73	70	67	76	66	68	70	67	65	61	61	68	59	61	62	61	73	66	66	68	50	64
Riyad Mahrez رياض محرز	33	179	67	L	B	WF	["WF","SM"]	Al Ahli Jeddah	2027	Algeria	86	48	79	83	79	85	85	89	90	85	86	85	83	84	85	85	85	84	87	67	75	91	85	72	50	78
Sumayhan Dhaidan Al-Nabit Al-Baqaawi	28	174	71	R	B	WF	["WF","SM"]	Al Ahli Jeddah	2026	Saudi Arabia	67	41	74	78	80	81	65	85	72	77	67	65	68	67	68	68	64	61	62	61	66	70	65	71	50	68
Roberto Firmino Barbosa de Oliveira	33	181	76	R	B	AM	["AM","CF","SS"]	Al Ahli Jeddah	2026	Brazil	81	60	81	81	69	72	82	76	88	78	87	83	80	79	78	80	83	73	84	83	84	88	82	81	50	81
Alexsander Cristhian Gomes da Costa	21	178	70	L	B	DM	["DM","CM"]	Al Ahli Jeddah	2027	Brazil	66	72	70	78	77	79	80	77	72	74	76	71	69	62	61	68	62	61	62	61	70	71	66	76	50	67
Abdullah Khalid Al Ammar	30	178	73	L	B	SB	["SB"]	Al Ahli Jeddah	2026	Saudi Arabia	72	64	77	83	82	76	73	77	74	78	74	71	72	69	61	68	64	61	63	62	73	73	73	71	50	68
Édouard Osoque Mendy	32	197	86	R	B	GK	["GK"]	Al Ahli Jeddah	2026	Senegal	31	83	85	72	62	62	85	69	59	55	66	68	68	68	31	79	43	63	49	56	77	66	51	76	82	72
Fahad Al-Rashidi فهد الرشيدي	27	175	69	R	B	WF	["WF","SM"]	Al Ahli Jeddah	2025	Saudi Arabia	63	52	70	71	88	90	63	89	72	80	64	68	62	69	66	74	63	61	67	61	67	71	63	65	50	62
Firas Tariq Nasser Al-Buraikan فراس طارق ناصر البريكان	24	185	79	L	B	CF	["CF","SM","WF"]	Al Ahli Jeddah	2028	Saudi Arabia	83	41	77	88	85	74	82	74	76	79	73	73	60	66	83	74	71	61	62	78	82	77	82	74	50	69
Emad Adnan Al-Feda عماد الفدا	27	181	79	R	B	GK	["GK"]	Al Ahli Jeddah	2027	Saudi Arabia	31	68	69	71	62	62	64	57	58	55	61	60	59	60	31	66	43	61	49	55	62	65	37	51	68	56
Gabriel Veiga Novas	22	184	71	R	B	AM	["AM","CM"]	Al Ahli Jeddah	2026	Spain	80	56	70	77	78	77	81	76	84	80	83	82	74	71	83	80	76	69	62	63	72	85	81	71	50	75
Fahad Al-Hamad	26	188	79	L	B	CBT	["CBT"]	Al Ahli Jeddah	2025	Saudi Arabia	48	67	76	71	74	68	65	62	65	68	61	62	58	51	61	68	57	61	62	64	71	65	49	70	50	61
Ali Majrashi	25	172	66	R	B	SB	["SB"]	Al Ahli Jeddah	2026	Saudi Arabia	70	63	81	81	86	83	71	82	68	76	68	65	66	64	61	68	60	61	62	61	76	68	71	77	50	65
Merih Demiral	26	190	86	R	B	CBT	["CBT"]	Al Ahli Jeddah	2026	Türkiye	51	81	86	74	80	70	80	69	67	72	68	65	63	54	61	68	60	61	62	79	86	68	54	79	50	82
Mohammed Abdullah Al-Majhad	28	178	72	R	B	DM	["DM","CM","SB"]	Al Ahli Jeddah	2027	Saudi Arabia	68	65	72	71	68	73	70	71	71	68	74	69	68	62	64	68	63	61	62	61	67	71	68	70	50	69
Ziyad Mubarak Al-Johani	23	178	61	L	B	DM	["DM","CM","AM"]	Al Ahli Jeddah	2026	Saudi Arabia	67	63	70	71	69	68	70	65	69	67	73	69	67	61	61	68	61	61	62	61	66	71	70	65	50	64
Saad Yaslam Balobaid	24	165	59	L	B	SB	["SB"]	Al Ahli Jeddah	2028	Saudi Arabia	64	62	76	79	82	81	67	78	67	74	61	62	63	64	61	68	60	64	62	61	66	67	64	78	50	66
Bandar bin Yousief Al-Shamrani	21	175	69	R	B	CBT	["CBT"]	Al Ahli Jeddah	2025	Saudi Arabia	46	62	74	71	67	66	63	62	65	64	61	62	58	50	61	68	54	61	62	61	70	65	45	63	50	58
Yaseen Atiah bin Al Zubaidi	21	176	63	L	B	WF	["WF","SM"]	Al Ahli Jeddah	2025	Saudi Arabia	62	37	72	71	73	69	63	70	66	68	63	62	61	60	61	68	59	61	62	61	66	65	61	63	50	63
Ali Al-Asmari علي الأسمري	28	185	74	L	B	DM	["DM","CM"]	Al Ahli Jeddah	2025	Saudi Arabia	69	61	73	72	71	72	69	71	72	69	73	69	64	62	63	68	66	63	62	61	67	73	69	70	50	68
Abdulkarim Darisi	21	184	74	R	B	WF	["WF","SM"]	Al Ahli Jeddah	2025	Saudi Arabia	62	46	69	71	69	72	63	65	65	65	64	63	61	60	61	68	58	61	62	61	66	65	61	63	50	62
Rayan Hamed Hamidou ريان حامد	22	177	77	R	B	CBT	["CBT","SB"]	Al Ahli Jeddah	2025	Saudi Arabia	63	63	75	71	67	69	70	64	65	64	66	64	59	57	61	68	58	61	62	62	76	65	66	67	50	62
Abdullah Ahmad Abdulaziz Abdo	22	189	87	R	B	GK	["GK"]	Al Ahli Jeddah	2025	Saudi Arabia	31	68	72	71	62	62	62	56	58	55	61	60	58	60	33	66	43	61	49	55	61	65	35	51	68	56
Franck Yannick Kessié	28	183	74	R	B	DM	["DM","CM"]	Al Ahli Jeddah	2026	Côte d'Ivoire	82	81	90	93	83	80	85	77	84	82	85	85	77	79	81	86	77	66	67	76	87	85	83	89	50	82
Ivan Benjamin Elijah Toney	28	187	76	R	B	CF	["CF"]	Al Ahli Jeddah	2028	England	83	53	84	80	81	79	81	79	79	79	80	82	71	76	85	85	79	76	68	83	92	81	81	82	50	83
Marek Rodák	28	194	81	R	B	GK	["GK"]	Al Ettifaq	2027	Slovakia	31	78	81	71	62	62	79	65	58	55	61	66	64	66	40	76	43	61	49	55	76	65	52	69	77	63
Abdullah Mohammed Madu	31	186	86	L	B	CBT	["CBT"]	Al Ettifaq	2028	Saudi Arabia	49	73	81	71	66	66	73	62	65	60	65	64	58	56	61	68	58	61	62	76	73	65	50	73	50	68
Jack William Hendry	29	195	88	R	B	CBT	["CBT"]	Al Ettifaq	2026	Scotland	64	75	85	83	85	73	75	71	72	75	81	80	71	68	61	80	67	61	62	81	89	77	68	84	50	80
Georginio Gregion Emile Wijnaldum	34	175	74	R	B	CM	["CM"]	Al Ettifaq	2026	Netherlands	83	77	83	81	73	74	83	79	84	77	84	80	79	76	77	77	77	76	80	83	85	85	82	81	50	82
Moussa Dembélé	28	187	79	R	B	CF	["CF"]	Al Ettifaq	2025	France	81	40	88	78	78	73	78	71	78	76	76	78	62	69	80	81	76	68	74	83	90	79	78	79	50	79
Álvaro Medrán Just	30	178	71	R	B	CM	["CM","AM"]	Al Ettifaq	2027	Spain	78	68	75	83	68	66	81	74	82	74	85	83	84	82	73	81	79	79	83	69	74	83	81	72	50	74
Victor Vinícius Coelho dos Santos	31	180	78	R	B	AM	["AM","CF","SM","SS","WF"]	Al Ettifaq	2025	Brazil	73	42	76	71	75	77	71	79	77	76	75	77	75	76	73	80	74	75	77	63	74	78	71	63	50	69
João Gabriel e Costa Cesco	19	178	69	L	B	WF	["WF","SM"]	Al Ettifaq	2028	Brazil	72	34	67	71	69	68	68	69	78	73	71	67	68	67	67	68	74	68	74	61	66	78	68	63	50	68
Demarai Ramelle Gray	28	183	75	R	B	WF	["WF","SM"]	Al Ettifaq	2027	Jamaica	76	50	73	77	87	88	73	85	84	86	76	79	73	81	78	85	74	69	76	62	67	83	73	68	50	72
Abdullah bin Hadi bin Jaber Radif عبدالله رديف	22	187	67	R	B	CF	["CF"]	Al Ettifaq	2025	Saudi Arabia	70	31	76	73	88	80	68	76	65	75	63	63	58	51	71	68	59	61	62	70	83	66	68	66	50	61
Ahmad Ali Saleem Al Rehaili Al Harbi	30	189	85	R	B	GK	["GK"]	Al Ettifaq	2029	Saudi Arabia	31	69	78	71	62	62	68	60	58	55	61	62	60	62	36	66	43	61	49	55	68	65	44	62	69	59
Abdulbasit Ali Al-Hindi	27	181	71	L	B	CBT	["CBT"]	Al Ettifaq	2027	Saudi Arabia	55	72	74	76	74	72	70	66	65	68	68	65	58	56	61	68	60	61	62	75	77	68	59	73	50	69
Mohammed Abdulrahman	22	170	70	R	B	SB	["SB"]	Al Ettifaq	2028	Saudi Arabia	62	61	73	72	80	80	65	78	65	71	61	62	59	59	61	68	57	61	62	61	70	65	63	66	50	60
Madallah Ali Al-Olayan	30	170	68	R	B	SB	["SB"]	Al Ettifaq	2028	Saudi Arabia	66	64	76	83	74	76	71	74	69	70	70	67	68	63	61	68	61	61	62	65	75	69	71	79	50	69
Majed Dawran	21	184	68	R	B	CM	["CM"]	Al Ettifaq	2027	Saudi Arabia	63	56	69	76	79	81	63	80	68	72	68	65	62	58	61	68	60	61	62	61	67	68	63	69	50	63
Abdulaziz Saud Al-Elewai	20	168	62	R	B	WF	["WF","SM"]	Al Ettifaq	2025	Saudi Arabia	63	43	79	71	84	93	63	90	66	74	65	64	59	59	61	68	59	61	62	61	66	65	63	63	50	63
Radhi Meshal Al-Otaibi راضي العتيبي	24	178	67	R	B	SB	["SB"]	Al Ettifaq	2027	Saudi Arabia	67	61	74	86	89	90	68	86	72	79	73	69	68	62	61	68	62	61	62	61	72	73	68	74	50	65
Abdullah Ahmed Khateeb	29	186	72	R	B	SB	["SB","CBT"]	Al Ettifaq	2026	Saudi Arabia	64	65	80	84	80	75	68	73	66	71	70	67	63	60	61	68	60	61	62	68	80	68	68	75	50	60
Seko Mohamed Fofana	29	185	74	R	B	CM	["CM","DM"]	Al Ettifaq	2025	Côte d'Ivoire	83	73	90	90	75	75	84	74	84	79	85	85	78	76	80	85	80	71	76	68	82	83	84	87	50	83
Meshal Khayrallah Al-Sebyani	23	189	84	R	B	CBT	["CBT"]	Al Ettifaq	2028	Saudi Arabia	48	65	86	74	66	66	66	64	65	61	67	65	60	54	61	68	58	61	62	66	76	65	49	70	50	61
Abdulelah Saad Hameed Al-Malki	30	172	67	R	B	DM	["DM","CM"]	Al Ettifaq	2025	Saudi Arabia	67	66	73	71	71	68	71	67	71	70	76	73	70	67	64	72	64	61	62	66	70	70	69	74	50	71
Karl Louis Brillant Toko Ekambi	32	182	70	R	B	WF	["WF","SM","CF"]	Al Ettifaq	2029	Cameroon	79	31	77	82	85	85	77	83	80	82	76	77	73	76	78	80	77	71	79	76	85	80	77	71	50	74
Péter Szappanos	34	194	93	R	B	GK	["GK"]	Al Fateh	2026	Hungary	31	72	83	71	62	62	78	62	58	55	61	63	61	63	38	66	43	61	49	55	70	65	50	60	72	65
Ziyad Maher Al Jari	23	182	79	R	B	CBT	["CBT","SB"]	Al Fateh	2026	Saudi Arabia	61	59	77	71	66	66	63	62	65	60	61	62	58	51	61	68	54	61	62	63	76	65	61	63	50	58
Nayef Khaled Rashid Mubarak Masoud نايف خالد راشد مبارك مسعود	23	177	70	R	B	DM	["DM","CBT"]	Al Fateh	2029	Saudi Arabia	64	62	71	71	66	66	68	65	65	63	70	67	61	57	61	68	58	61	62	61	66	65	68	67	50	63
Mohamed Amine Sbaï	24	175	68	R	B	WF	["WF","SM"]	Al Fateh	2026	Morocco	69	37	74	71	81	78	67	81	78	80	70	70	67	70	71	72	66	61	73	61	66	77	67	65	50	68
Nooh Ibrahim Mousa Al-Mousa	33	169	68	R	B	DM	["DM","CM"]	Al Fateh	2025	Saudi Arabia	66	63	69	73	66	66	68	68	71	63	70	67	69	64	62	68	64	66	62	61	66	71	65	67	50	67
Lucas Manuel Zelarayán	32	172	70	R	B	AM	["AM","CF","SS"]	Al Fateh	2026	Armenia	82	54	78	85	75	76	82	83	85	80	83	82	80	81	79	82	83	89	85	65	72	86	82	76	50	77
Mourad Batna مراد باتنا	34	185	76	L	B	WF	["WF","SM"]	Al Fateh	2025	Morocco	80	39	86	83	76	77	80	77	81	79	77	79	78	81	76	83	79	78	83	73	79	81	80	78	50	77
Mohammed Raji Al Kunaydiri	24	175	67	L	B	SB	["SB","SM","WB"]	Al Fateh	2025	Saudi Arabia	61	57	71	71	77	77	63	71	65	69	63	63	62	61	61	68	59	61	62	61	68	65	61	65	50	61
Mohammed Al-Fuhaid Salah محمد الفهيد	35	174	67	R	B	CM	["CM","DM"]	Al Fateh	2028	Saudi Arabia	68	65	78	78	66	66	73	68	68	60	71	67	67	58	61	68	62	61	62	68	68	71	72	78	50	71
Saeed bin Khalid Al-Basisi سعيد باعطية	24	177	69	R	B	SB	["SB"]	Al Fateh	2027	Saudi Arabia	63	62	69	78	75	79	66	74	65	68	66	64	69	64	61	68	59	61	65	64	71	65	66	69	50	61
Marwane Saadane	33	188	83	R	B	CBT	["CBT"]	Al Fateh	2026	Morocco	53	74	86	87	66	66	72	67	70	62	74	70	73	64	61	68	63	64	62	76	80	75	57	86	50	77
Suhayb Ayman Alzaid	20	168	61	R	B	AM	["AM","CM"]	Al Fateh	2029	Saudi Arabia	61	57	73	71	68	70	64	73	65	65	63	62	65	60	61	68	59	61	62	61	66	65	61	64	50	64
Jorge Djaniny Tavares Semedo	33	190	78	R	B	CF	["CF","WF","SM"]	Al Fateh	2025	Cabo Verde	75	40	83	77	83	80	71	80	75	78	73	75	72	76	75	79	72	63	69	70	85	76	71	72	50	74
Ammar Al Daheem	31	181	75	R	B	CBT	["CBT"]	Al Fateh	2025	Saudi Arabia	54	67	77	71	71	68	66	69	65	66	61	62	58	57	61	68	58	61	62	68	82	65	55	71	50	69
Sofiane Bendebka	32	185	74	R	B	CM	["CM","DM","AM"]	Al Fateh	2026	Algeria	79	63	75	90	75	80	79	79	77	76	76	73	73	69	75	71	70	63	69	71	79	77	79	82	50	76
Ali Al Masoud	21	180	70	R	B	CF	["CF","WF","SM"]	Al Fateh	2029	Saudi Arabia	64	40	67	71	69	69	65	66	65	65	61	62	58	54	66	68	60	61	62	66	66	68	65	63	50	63
Ahmed Yousef Al Julaydan	20	174	65	R	B	SB	["SB"]	Al Fateh	2029	Saudi Arabia	61	52	66	71	68	73	64	72	65	65	61	62	58	57	61	68	55	61	62	61	66	65	60	64	50	58
Saad bin Fahad Al-Sharfa	20	180	70	R	B	CF	["CF"]	Al Fateh	2029	Saudi Arabia	67	31	68	71	78	71	66	73	65	70	61	62	58	52	69	68	60	61	62	63	66	66	66	65	50	62
Waleed bin Salem bin Aqeel Al-Anzi	28	190	80	R	B	GK	["GK"]	Al Fateh	2025	Saudi Arabia	31	68	72	71	62	62	66	57	58	55	61	61	60	61	31	66	43	61	49	55	63	65	37	56	68	61
Montadhar Khaled Al-Shqaq منتظر خالد الشقاق	19	170	65	L	B	SB	["SB","SM","WB"]	Al Fateh	2027	Saudi Arabia	61	52	68	71	74	70	63	72	65	68	61	62	60	59	61	68	57	65	62	61	66	65	59	65	50	61
Jason Grégory Marianne Denayer	29	184	80	R	B	CBT	["CBT"]	Al Fateh	2025	Belgium	54	77	79	76	74	71	77	70	72	71	78	71	69	60	61	68	62	61	62	78	84	73	59	77	50	78
Hassan Al Salis	24	181	78	R	B	CF	["CF"]	Al Fateh	2026	Saudi Arabia	62	31	83	71	66	66	63	62	65	60	61	62	58	51	68	68	58	61	62	66	73	65	61	66	50	61
Habib Yasseen Kadhim Al-Wotayan	28	182	94	R	B	GK	["GK"]	Al Fateh	2028	Saudi Arabia	31	68	76	71	62	62	68	59	58	55	61	62	61	62	34	66	43	61	49	55	66	65	41	58	68	59
Ali Salah Al-Jassem	23	167	57	L	B	WF	["WF","SM","CF"]	Al Fateh	2029	Saudi Arabia	60	31	70	71	75	75	63	76	65	68	61	62	59	59	61	68	58	61	62	61	66	65	58	63	50	61
Faisal Al-Abdulwahed	20	173	70	R	B	CF	["CF"]	Al Fateh	2027	Saudi Arabia	62	39	70	71	74	74	63	73	65	68	61	62	58	54	63	68	57	61	62	62	68	65	58	66	50	62
Hussain Al-Zarie	20	178	77	L	B	SB	["SB"]	Al Fateh	2027	Saudi Arabia	60	54	68	71	69	66	63	67	65	65	61	62	59	58	61	68	57	61	62	61	66	65	57	63	50	60
Othman Al-Othman عثمان العثمان	21	173	64	L	B	WF	["WF","SM","CF"]	Al Fateh	2026	Saudi Arabia	63	31	71	71	76	88	64	86	65	69	61	62	58	58	61	68	59	61	62	61	66	65	64	63	50	63
Abdullah bin Sufuq bin F. Al-Anazi	22	177	63	R	B	WF	["WF","SM"]	Al Fateh	2026	Saudi Arabia	59	33	66	71	72	69	63	70	65	67	61	62	58	56	61	68	59	61	62	61	66	65	55	63	50	61
Abdulraouf bin Abdulaziz bin Essa Al-Duqayl عبدالرؤوف عبدالعزيز الدقيل	29	185	90	R	B	GK	["GK"]	Al Fayha	2025	Saudi Arabia	31	69	75	71	62	62	68	57	58	55	61	62	61	62	31	66	43	61	49	55	62	65	42	58	68	59
Makhir bin Saleh bin Makhir Al-Rashidi مخير الرشيدي	25	170	68	R	B	CBT	["CBT","SB"]	Al Fayha	2025	Saudi Arabia	65	70	74	77	79	79	72	76	65	71	66	65	60	60	61	68	58	61	62	63	74	65	71	69	50	61
Vinicius Rangel da Silva	20	177	70	L	B	SB	["SB"]	Al Fayha	2026	Brazil	65	62	71	71	70	72	67	71	69	67	69	66	63	61	70	68	64	68	62	61	66	71	66	68	50	63
Sami Al Khaibari	35	185	75	R	B	CBT	["CBT"]	Al Fayha	2025	Saudi Arabia	51	75	87	85	66	66	76	62	65	61	67	65	61	48	61	68	55	61	62	82	85	65	54	77	50	65
Christopher Lloyd Smalling	35	194	81	R	B	CBT	["CBT"]	Al Fayha	2026	England	65	88	86	74	71	66	86	62	71	68	73	68	68	60	66	68	62	63	62	88	83	73	71	80	50	87
Saud Saad Zidan	25	167	66	R	B	CM	["CM"]	Al Fayha	2025	Saudi Arabia	62	62	76	76	74	74	69	76	71	71	71	68	66	60	61	68	62	61	62	61	69	72	64	72	50	67
Henry Chukwuemeka Onyekuru	27	176	70	R	B	WF	["WF","SM"]	Al Fayha	2025	Nigeria	77	45	76	79	91	91	74	90	79	86	73	74	72	75	80	78	75	61	74	66	73	78	74	72	50	72
Alejandro Pozuelo Melero	33	172	74	R	B	AM	["AM","CF","SS"]	Al Fayha	2025	Spain	79	59	77	81	66	71	78	74	84	73	84	81	79	78	76	78	78	79	81	65	69	84	78	74	50	78
Renzo López Patrón	30	192	89	R	B	CF	["CF"]	Al Fayha	2025	Uruguay	77	31	85	78	68	66	73	64	76	70	71	73	62	61	80	76	70	62	62	80	86	78	73	76	50	72
Aldry Javier Contreras Cabeza	20	166	60	R	B	WF	["WF","SM"]	Al Fayha	2025	Venezuela	77	40	79	71	78	74	78	75	77	77	66	67	63	65	76	72	67	61	62	61	66	78	78	65	50	69
Gojko Cimirot	32	178	76	R	B	DM	["DM","CM","CBT"]	Al Fayha	2025	Bosnia and Herzegovina	69	70	75	81	66	67	75	71	74	65	78	76	71	69	66	74	69	71	67	68	74	76	75	77	50	70
Mansor Faiez Al-Beshe	24	175	69	R	B	CM	["CM","AM","DM"]	Al Fayha	2027	Saudi Arabia	65	54	70	82	69	73	66	73	71	69	71	67	66	61	61	68	61	61	62	61	68	71	66	80	50	69
Abdulhadi Radan Al-Harajin	30	175	64	R	B	WF	["WF","SM","AM"]	Al Fayha	2027	Saudi Arabia	65	37	76	71	74	75	63	75	68	70	66	64	63	62	67	68	60	61	62	61	66	67	63	63	50	65
Fashion Sakala Junior	27	178	72	R	B	CF	["CF","SM","WF"]	Al Fayha	2026	Zambia	80	34	72	83	90	95	78	91	78	85	73	78	67	75	83	84	72	65	67	76	92	77	78	74	50	72
Otabek Shukurov	28	183	77	R	B	CM	["CM","DM"]	Al Fayha	2025	Uzbekistan	74	69	78	81	74	74	74	74	75	74	76	75	72	72	70	76	70	70	70	69	78	76	74	78	50	75
Mohammed Kareem Al Baqawi	29	170	70	R	B	SB	["SB","CBT"]	Al Fayha	2026	Saudi Arabia	63	63	71	83	75	73	67	67	65	68	65	64	65	60	61	68	59	61	62	61	67	65	66	78	50	65
Faris Abdi	25	180	75	L	B	SB	["SB"]	Al Fayha	2027	Saudi Arabia	62	58	69	71	73	72	65	68	65	68	61	62	60	60	61	68	58	61	62	61	66	65	65	65	50	60
Redha Adnan Al-Abdullah	19	174	66	L	B	CF	["CF"]	Al Fayha	2025	Saudi Arabia	62	37	74	71	75	70	63	73	65	68	61	62	58	51	62	68	60	61	62	72	75	65	62	68	50	62
Nawaf Al-Harthi	26	172	65	L	B	CM	["CM","SM"]	Al Fayha	2026	Saudi Arabia	63	54	74	78	72	77	68	77	69	68	69	66	68	63	61	68	61	61	62	61	66	71	68	68	50	64
Saad Sattam Saud Al-Shammari	20	188	78	R	B	GK	["GK"]	Al Fayha	2027	Saudi Arabia	31	68	72	71	62	62	63	57	58	55	61	62	60	62	31	66	43	61	49	55	63	65	37	52	68	55
Mohammed Ali Abdulaziz Al-Dowaish	20	177	70	R	B	CBT	["CBT"]	Al Fayha	2027	Saudi Arabia	44	62	69	71	67	66	63	62	65	64	61	62	58	48	61	68	54	61	62	65	66	65	43	63	50	57
Orlando Mosquera	30	191	91	R	B	GK	["GK"]	Al Fayha	2025	Panama	31	73	78	71	62	62	76	64	58	55	61	65	63	65	29	73	43	61	49	55	72	65	45	63	74	61
Ali Al-Hussain	19	170	66	R	B	CM	["CM","DM"]	Al Fayha	2026	Saudi Arabia	61	57	73	71	68	73	63	76	66	65	67	65	61	56	61	68	59	61	62	61	66	66	61	65	50	64
Naif Al-Mas نايف سعيد الماس	25	177	73	R	B	CBT	["CBT"]	Al Fayha	2026	Saudi Arabia	47	64	79	71	69	66	63	62	65	65	61	62	58	48	61	68	54	61	62	61	78	65	47	69	50	61
Sultan Muhammad Al-Harbi	24	180	75	R	B	CBT	["CBT"]	Al Fayha	2028	Saudi Arabia	50	61	66	71	68	79	63	75	65	65	61	62	58	51	61	68	55	61	62	61	77	65	52	68	50	64
Hussam Shami Ali Majrashi	21	175	62	R	B	CBT	["CBT"]	Al Fayha	2027	Saudi Arabia	49	67	71	71	66	66	68	62	65	60	66	64	58	50	61	68	61	61	62	61	66	71	51	63	50	56
Rakan Al-Kaabi راكان الكعبي	22	174	71	R	B	DM	["DM","CM"]	Al Fayha	2026	Saudi Arabia	62	62	72	78	74	68	66	66	65	68	63	62	60	54	61	68	56	61	62	61	66	65	62	73	50	63
Khaled bin Emad bin Abdullah Al-Rammah	19	174	68	L	B	SB	["SB"]	Al Fayha	2026	Saudi Arabia	60	49	73	71	85	81	63	76	65	74	61	62	58	57	61	68	55	61	62	61	66	65	57	64	50	58
Khalid Hussain Al Kabi	32	171	69	R	B	WF	["WF","SM"]	Al Fayha	2025	Saudi Arabia	64	31	72	71	77	80	63	79	67	71	64	67	62	67	63	73	59	61	62	61	73	66	63	63	50	63
Abdulaziz bin Abdulrahman Al-Mardhi	20	177	70	R	B	GK	["GK"]	Al Fayha	2027	Saudi Arabia	31	68	68	71	62	62	63	57	58	55	61	62	60	62	29	66	43	61	49	55	63	65	37	55	68	58
Malek Saad Al-Abdulmonam	26	185	77	R	B	CF	["CF"]	Al Fayha	2025	Saudi Arabia	65	31	67	71	79	76	63	75	65	70	61	62	58	53	64	68	60	61	62	65	73	65	63	63	50	61
Kalidou Koulibaly	33	186	93	R	B	CBT	["CBT"]	Al Hilal	2026	Senegal	66	88	91	80	89	71	87	64	78	82	78	74	69	65	63	72	64	63	62	85	85	78	72	83	50	86
Khalifah Adel Al-Dawsari	26	180	75	R	B	CBT	["CBT","SB"]	Al Hilal	2026	Saudi Arabia	62	61	77	71	75	70	68	64	65	68	63	62	59	57	61	68	58	61	62	65	82	65	64	72	50	63
Ali Hadi Mohammed Al-Bulaihi علي هادي محمد البليهي	35	182	77	L	B	CBT	["CBT"]	Al Hilal	2029	Saudi Arabia	57	77	86	86	66	66	78	62	65	61	73	68	58	51	61	68	59	61	62	77	85	66	62	88	50	78
Renan Augusto Lodi dos Santos	26	173	68	L	B	SB	["SB"]	Al Hilal	2027	Brazil	79	73	77	84	80	79	79	81	80	80	81	79	81	81	72	79	73	66	84	75	79	81	79	81	50	78
Khalid Essa Al Ghannam	24	173	64	R	B	WF	["WF","SM"]	Al Hilal	2025	Saudi Arabia	66	38	74	71	74	77	63	82	77	76	65	64	63	61	63	68	63	61	62	61	66	74	63	63	50	64
Rúben Diogo da Silva Neves	27	180	83	R	B	DM	["DM","CM"]	Al Hilal	2026	Portugal	76	80	78	86	66	66	87	68	83	71	90	89	89	88	74	88	85	85	87	68	73	87	87	84	50	81
Aleksandar Mitrović Александар Митровић	30	189	90	R	B	CF	["CF"]	Al Hilal	2026	Serbia	89	35	92	85	71	68	86	65	81	73	78	82	63	71	89	88	81	64	62	93	92	84	86	88	50	87
Neymar da Silva Santos Júnior	32	175	68	R	B	WF	["WF","SM","AM"]	Al Hilal	2025	Brazil	83	42	76	78	85	86	82	88	94	90	88	84	85	82	85	80	86	90	88	73	74	94	82	75	50	81
Marcos Leonardo Santos Almeida	21	175	72	R	B	CF	["CF","AM","SS"]	Al Hilal	2029	Brazil	83	31	79	79	79	81	83	82	79	78	74	77	66	72	85	81	76	61	70	78	86	80	83	68	50	72
Yasser bin Gharsan bin Saeed Al-Mohammadi Al-Shahrani ياسر غرسان الشهراني	32	171	64	R	B	SB	["SB"]	Al Hilal	2025	Saudi Arabia	73	68	71	76	74	85	73	86	74	73	76	74	71	71	61	73	68	61	69	65	75	75	73	70	50	69
Abdullah Alhamddan	25	186	78	R	B	CF	["CF","AM","SS"]	Al Hilal	2026	Saudi Arabia	69	42	75	71	77	72	63	71	68	71	72	68	67	66	67	68	63	61	62	68	77	70	63	66	50	68
Nasser Eissa Shafi Al-Dawsari	26	178	68	L	B	CM	["CM","SB","DM"]	Al Hilal	2027	Saudi Arabia	68	64	70	73	74	71	69	76	74	73	76	74	77	75	66	74	67	61	75	63	68	74	68	73	50	71
Mohammed Faraj Al Rubaie Al Yami	27	190	77	R	B	GK	["GK"]	Al Hilal	2027	Saudi Arabia	31	72	76	71	62	62	71	62	58	55	61	63	61	63	36	66	43	61	49	55	70	65	47	62	71	64
João Pedro Cavaco Cancelo	30	182	74	R	B	SB	["SB","SM","WB"]	Al Hilal	2027	Portugal	86	80	74	90	80	88	88	85	89	84	90	86	87	86	77	83	79	77	89	79	83	90	88	86	50	85
Mohammed Al-Owais محمد العويس	33	185	75	L	B	GK	["GK"]	Al Hilal	2025	Saudi Arabia	31	76	75	71	62	62	76	74	58	57	61	63	61	63	40	66	43	61	49	55	77	65	49	68	75	65
Sergej Milinković-Savić Сергеј Милинковић-Савић	29	192	95	R	B	CM	["CM","DM"]	Al Hilal	2026	Serbia	86	77	91	93	71	68	85	68	89	79	86	85	84	80	85	85	83	87	84	89	90	90	85	89	50	86
Moteb Saad Al-Harbi متعب سعد الحربي	24	177	60	L	B	SB	["SB","SM","WB"]	Al Hilal	2029	Saudi Arabia	72	61	69	84	94	93	69	91	74	84	73	69	70	68	67	68	62	61	67	61	69	74	68	71	50	69
Mohammed Ibrahim Kanoo	30	191	67	R	B	CM	["CM","DM"]	Al Hilal	2025	Saudi Arabia	72	70	79	81	84	69	73	74	76	79	78	80	76	76	71	82	71	76	62	75	79	76	68	77	50	73
Salem Al-Dawsari سالم الدوسري	33	173	71	R	B	WF	["WF","SM"]	Al Hilal	2025	Saudi Arabia	83	60	85	88	88	87	84	87	86	88	80	78	76	75	79	78	82	69	74	63	74	85	84	86	50	82
Yassine Bounou ياسين بونو	33	195	78	L	B	GK	["GK"]	Al Hilal	2026	Morocco	31	85	85	72	62	62	88	69	59	55	63	68	67	69	37	80	43	63	49	56	79	66	53	76	85	74
Mohammed Hamad Al-Qahtani محمد القحطاني	22	168	61	L	B	WF	["WF","SM","AM"]	Al Hilal	2025	Saudi Arabia	66	40	76	71	80	85	66	88	73	77	66	65	62	60	64	68	61	61	62	61	66	71	66	63	50	64
Malcom Filipe Silva de Oliveira	27	172	74	L	B	AM	["AM","SM","WF"]	Al Hilal	2027	Brazil	85	55	83	90	87	89	84	88	87	87	85	85	82	83	83	85	83	83	85	75	83	87	84	77	50	78
Hassan Mohammed Tambakti حسان محمد تمبكتي	25	182	74	R	B	CBT	["CBT"]	Al Hilal	2027	Saudi Arabia	53	79	83	79	87	83	79	80	69	75	76	70	67	56	61	68	62	61	62	74	80	72	60	74	50	73
Hamad Turki Al Tuhayfan Al Yami	25	173	61	R	B	SM	["SM","SB","WB"]	Al Hilal	2025	Saudi Arabia	70	61	73	79	87	87	68	84	71	78	71	68	69	66	66	68	63	66	62	61	73	71	65	68	50	66
Predrag Rajković Предраг Рајковић	29	191	85	R	B	GK	["GK"]	Al Ittihad	2028	Serbia	31	82	82	71	62	62	84	67	58	55	62	67	65	67	33	78	43	62	49	56	76	66	48	64	81	66
Danilo Luís Hélio Pereira	33	188	83	R	B	CBT	["CBT","DM"]	Al Ittihad	2026	Portugal	79	80	90	82	66	66	84	62	79	70	83	80	74	71	68	79	71	65	62	86	84	81	84	83	50	80
Abdulelah Ali Awadh Al-Amri عبد الإله علي عوض العمري	28	184	75	R	B	CBT	["CBT"]	Al Ittihad	2025	Saudi Arabia	60	69	83	80	77	68	73	65	65	69	63	63	65	59	61	68	55	61	62	81	95	65	63	83	50	73
Luiz Felipe Ramos Marchi	27	187	80	R	B	CBT	["CBT"]	Al Ittihad	2026	Italy	52	78	83	71	76	73	81	71	76	75	78	71	69	61	61	68	63	61	62	78	85	76	58	75	50	76
N'Golo Kanté	33	168	70	R	B	DM	["DM","CM"]	Al Ittihad	2026	France	81	87	85	85	78	82	90	82	83	79	84	79	79	74	73	75	72	63	62	66	77	84	88	87	50	82
Fábio Henrique Tavares	31	188	78	R	B	DM	["DM","CM"]	Al Ittihad	2026	Brazil	79	80	83	88	69	66	85	66	84	75	87	85	83	81	72	84	72	65	75	78	79	85	83	87	50	81
Karim Benzema كريم بن زيما	37	185	81	R	B	CF	["CF"]	Al Ittihad	2026	France	90	45	84	85	80	79	88	80	89	83	89	88	82	84	90	89	87	80	85	90	86	90	88	79	50	84
Houssem Aouar حسام عوار	26	175	70	R	B	CM	["CM","AM"]	Al Ittihad	2027	Algeria	80	68	75	73	69	70	81	76	83	76	83	78	77	72	75	74	77	76	83	72	73	83	81	74	50	79
Mario Mitaj Μάριο Μιτάζ	21	180	71	L	B	SB	["SB","SM","DM","WB"]	Al Ittihad	2028	Albania	64	61	70	76	80	79	66	75	71	75	74	69	74	67	61	68	61	61	62	70	77	71	63	74	50	69
Muhannad Mustafa Al-Shanqeeti مهند مصطفى الشنقيطي	25	173	70	R	B	SB	["SB"]	Al Ittihad	2029	Saudi Arabia	67	65	74	80	85	82	71	79	71	77	70	67	68	63	61	68	61	61	62	62	75	69	68	74	50	65
Awad Haidar Al-Nashri	22	175	70	R	B	DM	["DM","CM"]	Al Ittihad	2026	Saudi Arabia	62	63	71	73	66	66	67	63	65	61	66	65	61	54	61	68	58	61	62	61	66	65	63	74	50	66
Hassan Kadesh Mahboob	32	178	71	L	B	CBT	["CBT","SB"]	Al Ittihad	2027	Saudi Arabia	72	67	84	88	79	78	72	76	70	73	72	68	72	67	61	68	62	65	62	78	90	71	71	78	50	69
Moussa Diaby	25	170	67	L	B	WF	["WF","SM","CF"]	Al Ittihad	2029	France	84	50	80	85	96	96	84	94	88	92	81	79	80	79	84	78	78	67	76	63	66	86	84	78	50	79
Ahmed Mohammed Sharahili احمد شراحيلي	30	186	76	L	B	CBT	["CBT"]	Al Ittihad	2025	Saudi Arabia	54	76	80	78	77	75	77	76	70	71	77	71	71	65	61	68	62	61	63	83	83	73	60	76	50	74
Saleh Khalid Mohammed Al-Shehri	31	184	77	R	B	CF	["CF"]	Al Ittihad	2027	Saudi Arabia	79	34	84	71	70	72	77	72	71	70	69	69	58	59	76	71	67	61	62	78	86	71	77	69	50	72
Abdulaziz Ali Al Bishi	30	176	75	L	B	WF	["WF","SM"]	Al Ittihad	2026	Saudi Arabia	67	33	79	71	87	88	65	87	73	80	68	67	68	67	65	69	64	68	73	61	81	72	65	67	50	67
Abdulrahman Al Obod	29	174	70	R	B	WF	["WF","SM"]	Al Ittihad	2026	Saudi Arabia	69	53	71	71	90	90	64	88	72	81	68	67	63	67	66	69	63	61	62	61	73	71	64	65	50	66
Ahmed Mazen Al-Ghamdi احمد مازن الغامدي	23	177	70	R	B	WF	["WF","SM"]	Al Ittihad	2025	Saudi Arabia	65	47	68	71	85	86	67	86	74	80	68	68	62	62	68	70	66	61	62	61	70	73	67	67	50	66
Ahmed Mohammed Bamsaud	29	175	70	L	B	SB	["SB"]	Al Ittihad	2025	Saudi Arabia	64	59	68	78	79	79	66	76	68	73	69	66	67	66	61	68	60	70	67	61	66	67	66	73	50	63
Saad Mohammed Misfer Al-Mousa Al-Qahtani سعد آل موسى	22	182	75	R	B	CBT	["CBT"]	Al Ittihad	2026	Saudi Arabia	50	68	81	72	68	68	69	65	65	65	70	67	63	54	61	68	59	61	62	65	76	65	54	67	50	65
Steven Charles Bergwijn	27	171	78	R	B	WF	["WF","SM"]	Al Ittihad	2027	Netherlands	82	50	87	72	81	85	83	82	86	83	83	84	76	81	79	85	81	73	82	70	79	85	83	68	50	76
Mohammed Al Mahasneh	27	180	71	R	B	GK	["GK"]	Al Ittihad	2027	Saudi Arabia	31	70	73	71	62	62	70	59	58	55	61	61	60	61	29	66	43	61	49	55	65	65	41	58	68	62
Fawaz Al Sagourq	28	176	68	R	B	SB	["SB"]	Al Ittihad	2028	Saudi Arabia	75	60	73	91	93	93	67	91	70	79	73	69	70	65	61	68	61	61	62	61	66	71	67	76	50	68
Muath bin Abdulaziz bin Ahmad Fagihy معاذ عبدالعزيز فقيهي	22	171	67	L	B	SB	["SB"]	Al Ittihad	2028	Saudi Arabia	63	63	75	77	79	79	68	74	65	70	63	63	61	60	61	68	59	61	62	61	69	65	66	74	50	63
Salem Suliman Ayyash	20	175	70	R	B	DM	["DM","CBT","SB"]	Al Ittihad	2027	Yemen	61	47	69	71	73	74	63	65	65	67	66	64	63	55	61	68	57	61	62	61	66	65	61	67	50	62
Talal bin Abubakr bin Abdullah Haji طلال أبوبكر حاجي	17	177	70	L	B	CF	["CF"]	Al Ittihad	2028	Saudi Arabia	68	31	74	71	66	66	65	64	65	63	61	62	58	57	70	68	57	61	62	69	74	65	65	63	50	64
Hamed bin Abdullah bin M. Yousef Al-Shanqiti حامد الشنقيطي	19	195	85	L	B	GK	["GK"]	Al Ittihad	2029	Saudi Arabia	31	68	76	71	62	62	62	59	58	55	61	62	60	62	30	66	43	61	49	55	65	65	37	51	68	57
Omar Khalid Dakhel Al-Jadani	25	166	60	R	B	WF	["WF","SM"]	Al Ittihad	2027	Saudi Arabia	63	36	75	71	70	75	63	76	65	66	61	62	62	64	63	68	57	61	62	61	66	65	60	63	50	62
Abduleallah bin Mohamed bin Saied Hawsawi عبدالإله هوساوي	23	182	77	L	B	CM	["CM"]	Al Ittihad	2028	Saudi Arabia	63	57	79	73	74	71	67	77	74	73	68	66	63	57	61	68	62	61	64	61	66	74	67	69	50	67
Hamed Abdullah Al Ghamdi	25	165	62	R	B	CM	["CM","AM"]	Al Ittihad	2025	Saudi Arabia	65	56	79	71	72	74	64	80	72	71	71	68	69	66	68	68	66	61	62	61	66	73	64	63	50	64
Osama Mubarak Hajaj Al Marwash	21	182	67	R	B	GK	["GK"]	Al Ittihad	2025	Saudi Arabia	31	68	69	71	62	62	68	58	58	55	61	60	59	60	32	66	43	61	49	55	64	65	42	58	68	59
Omar Hamad Al-Oudah عمر حمد العودة	26	175	76	R	B	SB	["SB"]	Al Khaleej	2025	Saudi Arabia	61	58	69	71	79	77	63	75	68	73	64	63	63	62	61	68	59	61	62	61	68	66	61	67	50	63
Mohammed Abdoh Al-Khabrani	31	180	75	R	B	CBT	["CBT"]	Al Khaleej	2025	Saudi Arabia	49	74	79	79	66	66	73	62	65	60	62	62	61	50	61	68	58	61	62	71	73	65	51	76	50	67
Pedro Miguel Braga Rebocho	29	171	73	L	B	SB	["SB"]	Al Khaleej	2025	Portugal	74	68	80	86	79	81	73	81	76	77	77	76	76	75	61	76	68	74	76	70	80	76	73	80	50	71
Khaled Al Samiri	28	165	61	R	B	CM	["CM","DM"]	Al Khaleej	2025	Saudi Arabia	67	62	76	77	66	70	66	74	71	63	71	67	68	62	61	68	62	61	62	64	66	71	66	73	50	68
Khaled Narey	30	180	75	R	B	WF	["WF","SM"]	Al Khaleej	2029	Germany	77	65	77	82	82	88	76	85	79	80	77	78	73	79	76	79	68	61	67	67	82	79	76	78	50	74
Mohamed Sherif Mohamed	28	184	74	L	B	CF	["CF"]	Al Khaleej	2025	Egypt	74	44	76	79	85	83	71	82	76	81	69	72	63	69	73	77	72	68	69	73	84	75	71	72	50	70
Fábio Santos Martins	31	178	75	R	B	WF	["WF","SM"]	Al Khaleej	2029	Portugal	80	48	74	81	79	81	81	84	83	82	77	79	74	78	75	81	80	68	79	74	79	82	81	81	50	79
Abdullah Al Salem	32	183	78	R	B	CF	["CF","AM","SS"]	Al Khaleej	2025	Saudi Arabia	68	54	81	71	66	66	66	65	69	63	70	68	63	61	69	69	65	70	62	67	76	71	66	69	50	69
Ali Saeed Ali Al-Shaafi	23	178	64	L	B	SB	["SB"]	Al Khaleej	2027	Saudi Arabia	61	54	70	71	69	69	63	64	65	65	61	62	60	59	61	68	57	61	62	61	66	65	60	65	50	60
Mansour Hamzi منصور حمزي	33	173	71	R	B	CM	["CM","DM","WF","SM"]	Al Khaleej	2025	Saudi Arabia	74	54	70	81	82	85	75	84	72	76	71	68	67	64	72	68	68	61	62	62	80	72	75	76	50	72
Konstantinos Fortounis Κωνσταντίνος Φορτούνης	32	183	70	R	B	AM	["AM","WF","SM"]	Al Khaleej	2026	Greece	81	51	73	71	79	75	81	77	84	81	85	82	82	79	81	79	80	83	86	71	76	85	81	71	50	80
Murad Othman Harun Al-Hawsawi مراد عثمان الهوساوي	23	180	70	L	B	CM	["CM","DM","SB"]	Al Khaleej	2027	Saudi Arabia	61	58	75	71	74	70	64	71	67	69	62	62	63	59	61	68	60	61	62	61	68	68	60	69	50	66
Mohammed Al Abdullah	22	170	65	L	B	WF	["WF","SM","AM"]	Al Khaleej	2029	Saudi Arabia	62	49	67	71	68	66	63	63	65	65	63	62	60	56	61	68	58	61	62	61	66	65	62	65	50	62
Abdullah Al Fahad	30	178	75	R	B	CBT	["CBT"]	Al Khaleej	2025	Saudi Arabia	54	68	78	81	74	79	72	78	65	68	68	66	63	54	61	68	60	61	62	69	89	66	57	74	50	64
Dimitrios Kourbelis Δημήτριος Κουρμπέλης	31	181	74	R	B	DM	["DM","CM"]	Al Khaleej	2028	Greece	66	73	78	78	79	77	78	74	73	74	77	73	72	66	61	70	66	67	62	67	78	75	76	82	50	71
Ozaybi Raed	23	181	75	R	B	GK	["GK"]	Al Khaleej	2025	Saudi Arabia	31	68	67	71	62	62	62	55	58	55	61	61	59	61	32	66	43	61	49	55	60	65	36	50	68	57
Ibrahim Šehić	36	190	80	L	B	GK	["GK"]	Al Khaleej	2028	Bosnia and Herzegovina	31	78	79	71	62	62	78	64	58	55	61	64	62	64	31	68	43	61	49	55	72	65	50	65	77	64
Arif Saleh Al-Haydar	27	178	59	R	B	SB	["SB"]	Al Khaleej	2026	Saudi Arabia	64	58	74	79	85	90	64	87	67	75	63	62	64	62	61	68	59	61	62	61	68	65	61	76	50	67
Marcel Tisserand	32	190	81	R	B	CBT	["CBT"]	Al Khaleej	2025	Congo DR	68	76	85	83	74	79	78	77	73	72	76	74	73	71	65	72	66	61	74	77	89	76	73	80	50	76
Bandar Nasser Al Mutairi	34	168	59	L	B	SB	["SB"]	Al Khaleej	2025	Saudi Arabia	61	60	74	78	80	80	63	79	65	71	66	64	62	62	61	68	59	61	63	61	66	65	59	71	50	62
Saeed Al Hamsal	28	167	63	R	B	SB	["SB"]	Al Khaleej	2025	Saudi Arabia	63	60	75	78	85	87	66	86	65	73	62	62	60	60	61	68	58	61	62	61	67	65	66	81	50	69
Saleh Waheeb Saeed Aboulshamat صالح وهيب صالح ابوالشامات	22	171	58	R	B	WF	["WF","SM"]	Al Khaleej	2027	Saudi Arabia	64	31	70	71	75	79	66	71	65	68	65	64	60	59	61	68	59	61	62	61	66	65	66	63	50	63
Rayan Khalid Al-Dossary	20	182	65	R	B	GK	["GK"]	Al Khaleej	2029	Saudi Arabia	31	68	69	71	62	62	62	54	58	55	61	59	58	59	30	66	43	61	49	55	59	65	36	51	68	53
Hisham Al Dubais	23	172	67	R	B	CF	["CF"]	Al Khaleej	2025	Saudi Arabia	65	31	67	71	74	73	66	68	65	68	61	62	58	55	68	68	59	61	62	66	68	65	66	63	50	61
Marwan Al-Haidari	28	188	75	L	B	GK	["GK"]	Al Khaleej	2027	Saudi Arabia	31	70	75	71	62	62	68	60	58	55	61	62	60	62	37	66	43	61	49	55	66	65	46	62	68	62
Jamaan Al Dosari	31	178	76	L	B	CBT	["CBT","SB"]	Al Kholood	2027	Saudi Arabia	62	59	76	72	74	76	66	72	65	68	63	62	60	60	61	68	60	61	62	71	80	67	64	75	50	66
William Troost-Ekong	31	191	92	R	B	CBT	["CBT"]	Al Kholood	2026	Nigeria	51	77	86	72	68	66	78	62	65	65	63	62	59	54	61	68	57	61	62	79	83	65	57	76	50	77
Sultan Amer Ali Al-Qahimi Al-Shahri سلطان الشهري	29	179	62	L	B	SB	["SB"]	Al Kholood	2027	Saudi Arabia	61	58	70	72	78	82	65	80	65	70	63	62	60	60	61	68	58	61	62	61	68	65	61	71	50	63
Abdulrahman Salem A Al-Safari	31	174	74	R	B	DM	["DM","CM"]	Al Kholood	2025	Saudi Arabia	62	60	69	79	66	66	68	64	68	63	70	67	66	61	61	68	60	61	62	61	66	68	65	79	50	70
Myziane Maolida	25	181	78	R	B	WF	["WF","SM","CF"]	Al Kholood	2026	Comoros	76	31	74	71	75	81	75	82	78	77	75	74	68	71	74	74	72	61	71	69	78	78	75	63	50	71
Álex Collado Gutiérrez	25	177	66	L	B	SM	["SM","CM","AM"]	Al Kholood	2025	Spain	74	62	70	71	66	66	76	69	78	69	78	76	77	75	75	74	71	79	79	62	66	78	76	64	50	70
Mohammed Hussein Sawaan Samili محمد صوعان	24	170	65	L	B	WF	["WF","SM"]	Al Kholood	2026	Saudi Arabia	63	49	74	71	81	76	63	76	65	73	62	62	60	60	62	68	58	61	62	61	66	65	63	63	50	63
Hassan bin Ali bin Abdo Al-Khadda Al-Asmari حسن علي عبده الأسمري	22	174	67	R	B	SB	["SB","CBT"]	Al Kholood	2027	Saudi Arabia	61	58	72	71	72	68	63	67	65	67	61	62	61	57	61	68	56	61	62	61	66	65	61	73	50	65
Aliou Dieng	27	181	80	R	B	DM	["DM","CM"]	Al Kholood	2027	Mali	66	71	83	79	76	78	76	75	74	73	78	75	65	60	61	72	66	61	62	65	80	77	74	75	50	66
Jackson Muleka Kyanvubu	25	180	80	R	B	WF	["WF","SM","CF"]	Al Kholood	2025	Congo DR	74	44	78	78	84	85	72	85	74	79	71	72	62	70	76	76	72	63	68	78	83	74	72	76	50	73
Abdullah Al-Rashidi عبدالله الرشيدي	27	171	65	R	B	SB	["SB"]	Al Kholood	2025	Saudi Arabia	62	56	75	75	67	75	63	77	66	65	63	63	62	61	61	68	59	63	62	61	66	65	62	67	50	61
Basim Saleh Al-Oraini	21	170	70	R	B	CF	["CF"]	Al Kholood	2025	Saudi Arabia	63	35	75	71	76	85	63	84	65	69	61	62	58	53	65	68	58	61	62	61	66	65	60	67	50	62
Hammam Al-Hammami	20	166	60	R	B	WF	["WF","SM"]	Al Kholood	2025	Saudi Arabia	62	41	69	71	73	73	63	66	65	68	63	62	59	55	61	68	59	61	62	61	66	65	62	66	50	61
Norbert Gyömbér	32	189	74	R	B	CBT	["CBT"]	Al Kholood	2029	Slovakia	50	77	74	71	66	66	76	62	65	60	66	65	61	53	61	68	59	61	62	79	72	65	50	72	50	73
Abdullah Ahmed Al Hawsawi	28	174	73	R	B	SB	["SB"]	Al Kholood	2025	Saudi Arabia	63	62	76	75	73	71	67	70	65	67	63	63	60	60	61	68	56	61	62	61	66	65	67	69	50	59
Nikola Stojiljković	32	185	80	R	B	CF	["CF"]	Al Kholood	2027	Serbia	67	36	75	71	66	66	63	68	68	62	69	69	65	67	69	72	68	61	62	72	70	68	63	74	50	72
Hamdan Al Shamrani	28	180	77	L	B	SB	["SB","CBT","SM","WB"]	Al Kholood	2025	Saudi Arabia	67	58	76	85	92	94	66	88	69	79	66	65	62	66	61	68	63	61	66	71	95	68	64	82	50	69
Farhah Ali Saeed Al-Shamrani فرحة الشمراني	18	166	62	R	B	CM	["CM","DM"]	Al Kholood	2025	Saudi Arabia	64	58	77	71	70	72	68	74	67	66	71	67	62	57	61	68	61	61	62	61	66	69	66	71	50	68
Mohammed Mazyad Alshammari	33	184	74	R	B	GK	["GK"]	Al Kholood	2025	Saudi Arabia	31	68	70	71	62	62	64	58	58	55	61	59	58	59	29	66	43	61	49	55	64	65	40	52	68	55
Jassim Mohammed Abdulrahman Al Ashban جاسم العشبان	30	182	75	R	B	GK	["GK"]	Al Kholood	2027	Saudi Arabia	31	69	71	71	62	62	71	62	58	55	61	61	59	61	29	66	43	61	49	55	66	65	44	56	69	58
Marcelo Grohe	38	188	80	R	B	GK	["GK"]	Al Kholood	2029	Brazil	31	80	80	71	62	62	85	66	58	55	62	65	63	65	35	71	43	62	49	56	76	66	52	78	80	74
Abdulfattah Tawfiq Jaber Asiri	30	167	61	L	B	WF	["WF","SM","AM"]	Al Kholood	2029	Saudi Arabia	63	37	76	71	68	77	63	81	73	70	67	65	66	65	67	68	66	63	70	61	66	72	63	66	50	64
Abdulmalik Abdullah Saud Al-Harbi عبدالملك الحربي	19	177	70	R	B	WF	["WF","SM"]	Al Kholood	2027	Saudi Arabia	59	37	66	71	74	74	63	74	65	68	61	62	58	57	61	68	57	61	62	61	66	65	56	65	50	61
Mohammed Yahya Jahfali	34	185	71	R	B	CBT	["CBT"]	Al Kholood	2025	Saudi Arabia	51	69	75	71	66	72	68	70	65	61	68	66	60	57	61	68	57	61	62	74	79	65	53	71	50	67
Kévin N'Doram	29	184	76	R	B	DM	["DM","CM"]	Al Kholood	2026	France	72	70	83	78	67	69	74	70	74	69	75	70	67	62	61	68	62	61	62	71	79	74	73	79	50	74
Majed Khalifa	20	172	70	R	B	CF	["CF"]	Al Kholood	2025	Saudi Arabia	62	38	71	71	77	79	63	79	65	69	61	62	58	52	62	68	57	61	62	63	67	65	59	69	50	63
Sultan bin Abdullah bin Salem Al-Ghannam سلطان بن عبد الله بن سالم الغنام	30	173	62	R	B	SB	["SB"]	Al Nassr	2028	Saudi Arabia	77	66	75	85	84	83	79	82	79	81	78	74	78	76	68	70	68	61	74	66	69	80	77	80	50	77
Mohamed Simakan	24	187	82	R	B	CBT	["CBT","SB"]	Al Nassr	2027	France	71	81	85	83	80	77	85	73	76	76	79	72	73	66	62	68	63	62	62	83	90	77	82	83	50	73
Mohammed Al-Fatil محمد آل فتيل	33	179	72	R	B	CBT	["CBT"]	Al Nassr	2025	Saudi Arabia	49	72	76	71	66	68	72	68	65	61	71	67	63	50	61	68	60	61	62	75	85	68	49	69	50	67
Mukhtar Abdullahi Ali مختار علي	27	183	68	R	B	DM	["DM","CM"]	Al Nassr	2025	Saudi Arabia	69	67	68	84	71	69	75	73	75	71	78	72	68	60	62	68	66	69	70	61	66	78	75	77	50	71
Cristiano Ronaldo dos Santos Aveiro	39	187	85	R	B	CF	["CF"]	Al Nassr	2025	Portugal	91	37	82	85	83	77	90	78	86	82	84	88	81	87	90	93	87	85	82	90	95	89	90	78	50	82
Abdulmajeed Mohammed Al-Sulaiheem	30	171	61	R	B	CM	["CM","DM"]	Al Nassr	2026	Saudi Arabia	69	61	78	74	66	81	66	85	76	69	77	72	70	65	69	68	66	70	74	63	79	76	66	68	50	68
Sadio Mané	32	174	69	R	B	WF	["WF","SM","CF"]	Al Nassr	2027	Senegal	87	49	84	83	85	85	88	86	88	86	86	86	80	84	85	87	82	76	80	83	88	88	88	82	50	84
Nawaf Boushal	25	175	65	R	B	SB	["SB"]	Al Nassr	2027	Saudi Arabia	62	60	76	82	84	81	70	82	67	76	61	62	61	60	61	68	59	61	62	61	75	65	63	80	50	66
Sami Khalil Al-Najei	27	176	68	R	B	AM	["AM","SM","WF"]	Al Nassr	2027	Saudi Arabia	73	60	71	76	71	74	67	75	76	72	73	71	72	71	71	70	68	61	63	68	73	77	67	69	50	69
Mohammed Khalil Maran	23	175	64	L	B	CF	["CF","SM","WF"]	Al Nassr	2028	Saudi Arabia	64	31	68	71	70	68	63	72	65	66	61	62	58	51	70	68	59	61	62	64	73	65	61	63	50	62
Abdullah Mohammed Al-Khaibari عبدالله الخيبري	28	175	75	R	B	DM	["DM","CM"]	Al Nassr	2025	Saudi Arabia	67	71	76	82	74	79	74	74	73	73	78	72	69	62	61	68	62	61	62	63	74	73	74	79	50	71
Ali Sadiq Nasser Al-Hassan	27	182	67	R	B	DM	["DM","CM"]	Al Nassr	2025	Saudi Arabia	68	62	72	76	72	73	71	71	71	70	76	70	65	58	65	68	62	61	62	64	70	72	68	76	50	71
Ângelo Gabriel Borges Damaceno	20	180	78	L	B	WF	["WF","SM"]	Al Nassr	2029	Brazil	70	39	74	71	85	87	71	90	82	85	76	72	74	72	68	70	68	61	80	61	66	81	71	65	50	69
Ayman Yahya Salem أيمن يحيى سالم	23	171	60	L	B	WF	["WF","SM"]	Al Nassr	2028	Saudi Arabia	71	40	74	76	86	85	71	81	72	79	70	69	65	67	71	70	63	62	62	64	74	71	71	76	50	72
Bento Matheus Krepski	25	190	80	R	B	GK	["GK"]	Al Nassr	2027	Brazil	31	83	80	71	62	62	85	68	58	55	61	68	65	69	29	80	43	61	49	55	77	65	50	64	81	72
Otávio Edmilson da Silva Monteiro	29	171	67	R	B	AM	["AM","CM","DM"]	Al Nassr	2026	Portugal	85	73	78	88	79	84	87	85	88	84	86	81	84	79	78	77	78	78	83	73	79	88	87	89	50	87
Aymeric Jean Louis Gerard Alphonse Laporte	30	189	85	L	B	CBT	["CBT"]	Al Nassr	2026	Spain	67	87	85	76	66	66	88	65	79	67	88	80	77	68	63	73	66	76	67	88	85	85	73	77	50	83
Abdulrahman Abdullah Ghareeb عبد الرحمن غريب	27	164	68	R	B	WF	["WF","SM"]	Al Nassr	2026	Saudi Arabia	73	35	79	79	85	89	74	90	79	84	73	71	71	71	72	69	67	65	68	61	71	76	74	68	50	71
Raghid Alaa Najjar	28	189	90	R	B	GK	["GK"]	Al Nassr	2026	Saudi Arabia	31	70	73	71	62	62	69	62	58	55	61	62	61	62	30	66	43	61	49	55	69	65	43	62	70	58
Nawaf bin Dhahi bin Faisal Al-Suwaiti Al-Aqidi نواف العقيدي	24	188	83	R	B	GK	["GK"]	Al Nassr	2025	Saudi Arabia	31	73	76	71	62	62	74	64	58	55	61	64	62	64	31	69	43	61	49	55	73	65	46	65	74	60
Hamad Fares Al Mansour	31	178	73	L	B	SB	["SB"]	Al Nassr	2025	Saudi Arabia	67	62	75	71	74	74	68	71	70	71	69	71	70	71	61	75	65	63	62	64	73	70	68	71	50	68
Awad Dahal Mushen Aman عواد أمان	20	182	70	L	B	SB	["SB","CBT"]	Al Nassr	2027	Saudi Arabia	61	55	74	71	68	71	63	73	65	65	62	64	59	63	61	69	59	61	62	61	66	65	61	66	50	60
Majed Mohammed	23	169	60	L	B	SB	["SB"]	Al Nassr	2029	Saudi Arabia	62	58	73	76	80	80	64	77	65	71	62	62	58	58	61	68	56	61	62	61	66	65	63	67	50	58
Saad Hagawi	19	180	70	R	B	CF	["CF"]	Al Nassr	2027	Saudi Arabia	63	37	72	71	82	82	63	81	65	72	61	62	58	54	63	68	57	61	62	61	72	65	60	66	50	63
Marcelo Brozović	32	181	72	R	B	DM	["DM","CM"]	Al Nassr	2026	Croatia	76	79	81	93	70	73	85	77	84	76	85	84	82	80	76	83	80	80	82	77	79	85	81	90	50	81
Ali bin Mohammed bin Ali Lajami علي محمد لاجامي	28	178	75	R	B	CBT	["CBT"]	Al Nassr	2025	Saudi Arabia	59	72	77	81	78	81	76	82	66	70	73	68	68	59	61	68	61	62	62	71	83	69	63	82	50	75
Wesley Gassova Ribeiro Teixeira	19	180	70	R	B	WF	["WF","SM"]	Al Nassr	2028	Brazil	77	32	69	71	75	80	80	80	81	79	72	71	69	72	76	73	75	61	70	61	68	81	80	63	50	71
Salem Al Najdi	22	178	61	L	B	SB	["SB"]	Al Nassr	2029	Saudi Arabia	63	64	68	71	71	71	68	67	65	66	61	62	61	60	61	68	59	61	62	67	70	66	67	69	50	63
Anderson Souza Conceição	30	191	75	L	B	WF	["WF","SM","AM","CF","SS"]	Al Nassr	2026	Brazil	86	54	79	80	79	85	85	87	87	82	82	85	82	84	88	89	85	90	89	83	84	88	85	79	50	83
Rakan Bassam Najjar	29	189	82	R	B	GK	["GK"]	Al Okhdood	2025	Saudi Arabia	31	68	72	71	62	62	63	57	58	55	61	60	59	60	38	66	43	61	49	55	63	65	42	57	68	62
Mohammed Al Saeed	28	175	69	L	B	SB	["SB","SM","WF","WB"]	Al Okhdood	2025	Saudi Arabia	64	56	69	71	75	74	64	74	66	69	66	65	65	64	61	68	59	62	62	61	66	66	64	63	50	63
Saeed Awadh Al Rubaie Al Yami	30	186	80	R	B	CBT	["CBT"]	Al Okhdood	2026	Saudi Arabia	49	70	85	76	76	66	71	62	65	69	69	66	62	51	61	68	60	61	62	74	79	68	51	73	50	66
Eid Mohammed Saeed Al Muwallad	23	175	70	R	B	DM	["DM","CM"]	Al Okhdood	2026	Saudi Arabia	63	64	68	73	71	70	67	68	65	66	69	66	62	57	61	68	60	61	62	61	66	68	67	71	50	66
Saleh Mussad Al Harthi	29	165	57	L	B	WF	["WF","SM"]	Al Okhdood	2029	Saudi Arabia	63	42	70	71	75	76	63	72	67	70	66	64	63	60	62	68	59	61	62	61	66	66	61	63	50	62
Hussain Hassan Mushaib Al Zabdani	29	178	64	R	B	SB	["SB","DM"]	Al Okhdood	2029	Saudi Arabia	63	62	70	73	74	76	68	70	65	68	63	63	62	60	61	68	59	61	62	61	69	65	67	69	50	63
Ibrahima Koné	25	190	83	L	B	CF	["CF"]	Al Okhdood	2025	Mali	72	41	89	73	77	76	69	73	74	74	70	72	58	66	76	77	70	61	64	73	86	75	69	72	50	68
Knowledge Musona	34	177	71	R	B	AM	["AM","CF","WF","SM","SS"]	Al Okhdood	2027	Zimbabwe	78	42	80	85	74	77	78	78	78	74	78	76	77	76	76	75	75	78	79	71	80	80	78	81	50	77
Abdulaziz Saleh Al-Hatila	26	175	62	L	B	AM	["AM","SM","WF"]	Al Okhdood	2029	Saudi Arabia	62	43	70	71	73	72	63	69	66	68	66	64	62	59	62	68	59	61	62	61	66	66	61	63	50	63
Christian Mougang Bassogog	29	173	72	L	B	CF	["CF","SM","WF"]	Al Okhdood	2027	Cameroon	75	48	85	84	91	92	74	90	77	84	67	71	65	70	73	78	71	73	76	69	88	76	74	74	50	70
Saleh Yahya Al Abbas	31	177	65	R	B	CF	["CF"]	Al Okhdood	2026	Saudi Arabia	69	31	71	72	79	81	68	78	69	73	65	64	58	54	73	68	61	61	62	68	85	70	68	65	50	63
Naif Asiri	23	181	79	R	B	CBT	["CBT"]	Al Okhdood	2026	Saudi Arabia	46	64	78	71	66	66	63	62	65	62	61	62	58	47	61	68	54	61	62	64	70	65	46	67	50	58
Diego de Sousa Ferreira	21	173	70	L	B	SB	["SB"]	Al Okhdood	2027	Brazil	63	61	73	71	69	73	67	72	70	68	66	64	65	62	61	68	61	61	62	61	66	70	66	63	50	58
Damion Onandi Lowe	31	190	79	R	B	CBT	["CBT"]	Al Okhdood	2025	Jamaica	50	74	87	76	75	68	72	63	65	68	61	62	61	51	61	68	60	61	62	71	82	67	54	81	50	73
Juan Sebastián Pedroza Perdomo	25	176	69	R	B	DM	["DM","CM"]	Al Okhdood	2026	Colombia	69	71	78	78	74	78	74	76	73	72	77	74	74	71	71	71	67	69	68	63	76	74	73	77	50	72
Saud Salem	19	164	61	R	B	CM	["CM"]	Al Okhdood	2029	Saudi Arabia	61	53	71	71	68	68	63	65	65	65	64	63	59	55	61	68	58	61	62	61	66	65	61	66	50	63
Mohammed Naif Saleh Al Jahif	26	175	68	R	B	WF	["WF","SM","CF"]	Al Okhdood	2029	Saudi Arabia	63	39	70	71	76	79	63	72	65	69	63	62	63	61	61	68	58	63	62	61	66	65	61	63	50	63
Awdh Khamis Faraj	36	166	72	R	B	SB	["SB"]	Al Okhdood	2025	Saudi Arabia	68	63	71	81	66	70	69	72	70	65	71	68	66	60	61	68	63	61	62	64	66	71	69	79	50	70
Paulo Vítor Fagundes dos Anjos	36	196	89	R	B	GK	["GK"]	Al Okhdood	2027	Brazil	31	77	80	71	62	62	78	65	58	55	61	66	64	66	33	74	43	61	49	55	74	65	46	69	77	65
Karim Ashraf	20	185	86	R	B	CF	["CF"]	Al Okhdood	2027	Egypt	61	39	79	71	72	68	63	69	65	67	61	62	58	51	62	68	58	61	62	65	74	65	60	65	50	62
Petros Matheus dos Santos Araújo	35	182	81	R	B	CM	["CM","DM"]	Al Okhdood	2025	Brazil	75	71	81	86	67	69	78	71	77	71	78	78	73	73	71	79	70	68	64	73	79	78	78	87	50	79
Saif Mohammed Saleh Qawan Balhareth	18	178	70	R	B	CM	["CM"]	Al Okhdood	2027	Saudi Arabia	62	45	70	71	71	68	63	65	65	66	66	65	59	54	61	68	58	61	62	61	66	65	61	65	50	62
Ghassan Ahmed Yousef Hawsawi	21	180	70	R	B	CBT	["CBT","DM"]	Al Okhdood	2026	Saudi Arabia	61	57	74	71	66	66	63	66	65	62	62	62	58	51	61	68	56	61	62	61	66	65	59	66	50	61
Saad Abdullah Al-Qarni سعد عبدالله القرني	23	182	80	R	B	GK	["GK"]	Al Okhdood	2027	Saudi Arabia	31	68	70	71	62	62	64	58	58	55	61	61	59	61	32	66	43	61	49	55	64	65	37	56	68	57
Mohanad Al-Qaydhi	26	187	85	L	B	CBT	["CBT","SB"]	Al Okhdood	2027	Saudi Arabia	62	62	79	74	66	71	65	65	65	61	64	63	58	54	61	68	59	61	62	66	75	65	63	71	50	62
Saviour Amunde Godwin	28	173	63	R	B	WF	["WF","SM","CF"]	Al Okhdood	2025	Nigeria	74	49	75	84	93	92	71	90	78	86	68	70	66	70	75	74	68	61	62	66	78	76	71	76	50	71
Rafi Mohammed Al Ruwaili	34	175	74	R	B	GK	["GK"]	Al Orobah	2029	Saudi Arabia	31	71	71	71	62	62	70	61	58	55	61	62	60	62	37	66	43	61	49	55	68	65	45	57	69	54
Ismaël Kandouss	27	192	83	R	B	CBT	["CBT","SB"]	Al Orobah	2025	Morocco	65	73	86	76	66	66	77	62	70	62	71	67	62	52	61	68	61	61	62	76	82	71	71	76	50	64
Ziad Al-Hunaitiزياد الحنيطي	28	182	87	R	B	CBT	["CBT"]	Al Orobah	2027	Saudi Arabia	47	65	84	71	66	66	63	62	65	60	61	62	60	51	61	68	55	61	62	71	76	65	46	69	50	63
Kurt Happy Zouma	30	190	95	R	B	CBT	["CBT"]	Al Orobah	2025	France	63	82	93	71	66	66	81	62	66	61	74	70	68	62	62	68	61	68	66	85	88	71	68	78	50	82
Mohammed Salem Al Qarni	35	181	69	R	B	DM	["DM","CM"]	Al Orobah	2025	Saudi Arabia	61	61	73	71	66	66	66	68	65	60	66	65	62	62	61	68	62	61	62	62	66	66	59	70	50	66
Jóhann Berg Guðmundsson	34	179	77	L	B	SM	["SM","CM","AM"]	Al Orobah	2026	Iceland	76	64	76	73	67	74	77	73	77	71	80	80	77	79	74	81	76	78	81	70	75	78	77	73	50	76
Jean Michaël Seri	33	171	74	R	B	DM	["DM","CM"]	Al Orobah	2025	Côte d'Ivoire	72	70	76	77	66	69	75	74	77	66	81	79	79	76	68	76	71	78	79	63	66	79	75	75	50	75
Brad Young	22	185	73	R	B	CF	["CF","AM","SS"]	Al Orobah	2028	England	70	33	73	73	79	83	68	82	71	74	64	66	58	61	74	71	67	61	62	67	77	71	68	68	50	66
Hamed Al Maqati	31	175	64	R	B	SB	["SB","SM","WB"]	Al Orobah	2026	Saudi Arabia	65	56	68	72	74	73	68	73	68	69	69	66	65	62	63	68	61	61	62	61	66	68	68	73	50	67
Nawaf Al-Qamiri نواف القميري	23	171	66	R	B	SB	["SB"]	Al Orobah	2027	Saudi Arabia	61	57	74	73	70	77	63	76	65	66	63	62	60	60	61	68	57	61	62	61	66	65	60	66	50	62
Ibrahim Salem Ali Al-Zubaidi	35	172	60	L	B	SB	["SB"]	Al Orobah	2025	Saudi Arabia	65	61	73	71	71	71	66	74	69	69	68	66	65	63	61	68	61	61	62	63	68	69	63	72	50	66
Emmanuel Okyere Boateng	28	175	62	R	B	CF	["CF","WF","SM"]	Al Orobah	2025	Ghana	76	44	80	81	92	93	76	92	74	83	73	76	65	74	76	80	72	63	71	76	88	73	76	81	50	76
Saud Khalid Al-Ruwaili سعود خالد الرويلي	20	174	70	R	B	GK	["GK"]	Al Orobah	2025	Saudi Arabia	31	68	67	71	62	62	65	57	58	55	61	60	58	60	29	66	43	61	49	55	62	65	38	56	68	57
Fawaz Awadh Al-Torais	27	171	65	R	B	WF	["WF","SM"]	Al Orobah	2025	Saudi Arabia	63	45	75	71	77	80	63	82	70	72	64	63	63	63	62	68	61	61	62	61	66	70	61	63	50	62
Gaëtan Coucke	26	187	83	R	B	GK	["GK"]	Al Orobah	2025	Belgium	31	75	75	71	62	62	77	66	58	55	61	65	63	65	30	73	43	61	49	55	74	65	45	60	77	63
Fahad Aqeel Muhammad Al-Khamjan Al-Zubaidi	23	174	70	R	B	CF	["CF","SM","WF"]	Al Orobah	2025	Saudi Arabia	64	49	70	71	79	87	63	82	65	70	61	62	58	52	63	68	56	61	62	63	77	65	59	71	50	64
Sattam Al-Roqi	22	169	70	R	B	WF	["WF","SM"]	Al Orobah	2025	Saudi Arabia	62	36	76	71	77	87	63	85	66	70	68	65	62	60	63	68	59	61	62	61	68	66	59	63	50	64
Husein Al-Shuwaish حسين الشويش	36	185	84	L	B	CBT	["CBT"]	Al Orobah	2025	Saudi Arabia	48	68	85	81	66	66	66	65	65	60	65	64	65	59	61	68	59	61	62	72	82	65	51	76	50	67
Cristian Tello Herrera	33	178	65	R	B	WF	["WF","SM","CF"]	Al Orobah	2026	Spain	76	57	75	78	90	88	75	85	81	85	81	81	78	80	77	82	76	82	83	62	74	80	75	69	50	71
Abdulmalek Al Shammary	29	177	63	L	B	SB	["SB","SM","WB"]	Al Orobah	2025	Saudi Arabia	64	59	73	71	76	74	64	76	68	71	67	65	67	64	63	68	60	61	62	61	66	68	64	66	50	63
Shaddad Al Hazmi	21	174	65	R	B	SB	["SB"]	Al Orobah	2027	Saudi Arabia	60	55	70	71	75	75	63	74	65	68	61	62	58	57	61	68	56	61	62	61	66	65	56	67	50	61
Mohammed Ali Mohammed Barnawi	19	178	70	R	B	CBT	["CBT"]	Al Orobah	2025	Saudi Arabia	46	62	69	71	67	69	63	67	65	64	61	62	58	51	61	68	54	61	62	61	66	65	46	69	50	62
Abdulrahman bin Ahmed bin Daghman Al-Ashja'i Al-Anazi عبدالرحمن أحمد العنزي	26	172	69	R	B	CM	["CM","SM"]	Al Orobah	2025	Saudi Arabia	62	52	75	75	70	74	63	74	68	66	65	64	66	61	61	68	61	61	64	61	66	70	62	70	50	66
Karlo Muhar	29	190	83	R	B	DM	["DM","CM"]	Al Orobah	2028	Croatia	67	71	91	90	72	70	75	70	67	67	72	70	63	57	61	69	61	61	62	71	83	69	73	87	50	72
Fahad Muqbil Al Rashidi	33	174	71	R	B	DM	["DM","CM"]	Al Orobah	2025	Saudi Arabia	62	61	73	71	66	66	68	66	68	63	71	67	68	65	61	68	62	71	68	61	66	70	64	67	50	64
Abdulaziz Al-Fhaigi	21	173	65	R	B	CM	["CM"]	Al Orobah	2027	Saudi Arabia	61	48	70	71	72	73	63	74	65	67	66	64	63	60	61	68	59	61	62	61	66	65	59	65	50	63
Mohammed Al-Saiari محمد عيضه الصيعري	31	182	80	R	B	CF	["CF"]	Al Orobah	2025	Saudi Arabia	69	40	79	71	68	68	68	68	67	67	68	72	62	65	70	79	63	73	71	73	85	66	68	79	50	71
Koen Casteels	32	197	86	L	B	GK	["GK"]	Al Qadsiah	2027	Belgium	31	86	86	72	62	62	88	71	59	55	63	67	66	67	38	78	43	63	49	56	81	66	55	69	84	68
Mohammed Waheeb Saeed Abu Al-Shamat محمد ابو الشامات اهلاوي	22	170	62	R	B	SB	["SB"]	Al Qadsiah	2029	Saudi Arabia	63	57	75	73	72	79	66	79	69	69	70	67	65	64	61	68	61	61	62	61	66	69	66	68	50	63
Jehad Abdullatif Ahmed Thakri جهاد ذكري	23	184	77	R	B	CBT	["CBT","SB"]	Al Qadsiah	2029	Saudi Arabia	62	59	82	73	76	70	63	70	65	69	61	62	60	54	61	68	56	61	62	64	75	65	62	70	50	60
Ignacio Ezequiél Agustín Fernández Carballo	22	178	76	L	B	DM	["DM","CM"]	Al Qadsiah	2029	Argentina	66	71	82	81	72	74	75	75	76	74	80	73	70	60	61	68	64	61	62	68	79	76	74	81	50	73
José Ignacio Fernández Iglesias	35	180	76	R	B	CBT	["CBT","SB"]	Al Qadsiah	2026	Spain	70	82	82	83	80	74	85	72	78	75	85	75	76	68	63	68	66	63	62	83	86	83	85	84	50	72
Turki Marwan Al-Ammar	25	172	70	R	B	WF	["WF","SM"]	Al Qadsiah	2026	Saudi Arabia	69	55	76	72	76	76	68	79	71	74	70	67	67	65	67	68	63	61	62	61	66	69	68	68	50	68
Nahitan Michel Nández Acosta	29	172	70	R	B	SM	["SM","CM","SB","WB"]	Al Qadsiah	2027	Uruguay	79	69	82	88	80	87	81	88	80	80	78	74	77	74	68	70	70	65	77	68	80	79	81	89	50	81
Pierre-Emerick Emiliano François Aubameyang	35	187	80	R	B	CF	["CF"]	Al Qadsiah	2026	Gabon	89	34	74	72	89	83	86	79	84	85	80	81	76	80	88	85	83	81	83	81	85	85	86	65	50	77
Ali Abdullah Hazzazi	30	182	71	L	B	DM	["DM","CM"]	Al Qadsiah	2027	Saudi Arabia	66	65	75	81	68	68	69	71	75	71	76	70	69	61	61	68	63	61	62	71	76	76	69	76	50	69
Mohammed Ali Al Shanqiti	25	168	65	L	B	SB	["SB"]	Al Qadsiah	2026	Saudi Arabia	63	61	71	71	70	73	66	70	65	66	63	62	60	60	61	68	59	61	62	61	66	65	66	68	50	60
Saif Rashad Mohamed Rajab سيف رشاد محمد	20	166	60	R	B	WF	["WF","SM"]	Al Qadsiah	2029	Saudi Arabia	61	35	79	71	83	90	63	91	65	72	61	62	58	57	61	68	58	61	62	61	66	65	60	63	50	62
Husain Massoud Al Monassar	30	177	69	R	B	CM	["CM","DM"]	Al Qadsiah	2027	Saudi Arabia	70	63	71	80	66	66	71	69	72	63	78	72	71	65	68	68	66	65	68	63	67	73	71	74	50	71
Pedro Gastón Álvarez Sosa	24	184	72	L	B	CBT	["CBT","SB"]	Al Qadsiah	2028	Uruguay	67	77	82	71	83	73	81	69	73	76	74	69	71	69	61	68	62	61	62	76	82	74	77	77	50	68
Haitham Mohammed Asiri	23	174	65	R	B	WF	["WF","SM"]	Al Qadsiah	2028	Saudi Arabia	63	32	71	71	84	81	63	76	68	76	63	62	61	60	66	68	59	61	62	66	74	65	62	74	50	68
Abdullah Hassoun Tarmin	27	177	68	R	B	SB	["SB","SM","WB"]	Al Qadsiah	2025	Saudi Arabia	62	62	74	79	77	79	66	75	67	69	66	64	62	61	61	68	61	61	62	61	72	69	64	78	50	67
Mohammed Qassem Al Nakhli	30	176	76	L	B	SB	["SB"]	Al Qadsiah	2029	Saudi Arabia	67	59	79	77	78	77	65	76	70	74	64	67	66	70	61	73	64	61	62	62	74	68	63	75	50	69
Ahmed Ali Al Kassar	33	177	72	R	B	GK	["GK"]	Al Qadsiah	2027	Saudi Arabia	31	70	72	71	62	62	72	60	58	55	61	62	60	62	36	66	43	61	49	55	67	65	47	63	70	62
Iker Almena Horcajo	20	176	67	L	B	WF	["WF","SM","CF"]	Al Qadsiah	2028	Spain	67	36	72	71	76	79	66	79	70	72	68	65	65	62	66	68	61	61	62	61	66	70	66	63	50	65
Julián Andrés Quiñones Quiñones	27	180	78	R	B	CF	["CF","WF","SM"]	Al Qadsiah	2028	Mexico	78	41	90	88	90	90	75	88	82	86	79	81	71	74	83	83	76	73	62	80	96	81	75	78	50	77
Abdulrahman Mutlaq Al-Dawsari	27	177	75	R	B	CM	["CM","DM"]	Al Qadsiah	2026	Saudi Arabia	66	59	76	76	73	75	68	74	69	70	72	68	66	60	61	68	61	61	62	61	68	69	67	74	50	68
Alejandro Vergaz Lozano	18	185	80	L	B	CBT	["CBT"]	Al Qadsiah	2029	Spain	47	67	74	71	67	66	66	64	65	64	65	64	60	52	61	68	58	61	62	68	72	65	49	67	50	63
Abdulaziz Abdul Rahma Al-Awairdhi	22	182	76	L	B	GK	["GK"]	Al Qadsiah	2025	Saudi Arabia	31	68	71	71	62	62	66	58	58	55	61	60	59	60	32	66	43	61	49	55	64	65	37	55	68	58
Abdulaziz Jamal Al-Othman عبدالعزيز جمال العثمان	21	180	70	R	B	CF	["CF","SM","WF"]	Al Qadsiah	2028	Saudi Arabia	65	40	70	71	79	75	63	75	65	71	62	62	60	60	65	68	58	61	62	72	78	65	63	70	50	65
Ibrahim Mahnashi	25	175	78	R	B	DM	["DM","CM"]	Al Qadsiah	2027	Saudi Arabia	64	62	74	71	70	72	68	72	68	66	69	66	65	61	61	68	61	61	62	63	69	71	68	71	50	67
Qasem bin Mohammed bin Ali Lajami قاسم الأوجامي	28	177	71	R	B	CBT	["CBT"]	Al Qadsiah	2026	Saudi Arabia	53	71	78	76	73	74	73	73	65	67	61	62	61	57	61	68	58	61	62	68	76	65	57	72	50	64
Cameron Mitchel Puertas Castro	26	178	74	R	B	CM	["CM","AM"]	Al Qadsiah	2028	Spain	78	74	77	83	77	79	78	77	83	80	81	81	80	82	78	81	78	84	78	61	74	83	78	83	50	82
Hussain Hassan Alnattar	24	175	65	L	B	AM	["AM","CM"]	Al Qadsiah	2025	Saudi Arabia	64	47	73	71	66	71	65	76	65	62	67	65	62	55	61	68	59	61	62	61	66	65	65	63	50	64
André Campos Moreira	29	195	85	R	B	GK	["GK"]	Al Raed	2029	Portugal	31	74	82	71	62	62	75	62	58	55	61	64	62	64	36	70	43	61	49	55	69	65	48	67	73	65
Abdullah Hazazi عبدالله إبراهيم هزازي	29	182	77	R	B	CBT	["CBT"]	Al Raed	2027	Saudi Arabia	47	63	73	71	66	68	66	66	65	62	61	62	61	51	61	68	57	61	62	61	67	65	48	66	50	62
Amir Sayoud أمير سعيود	34	171	64	L	B	WF	["WF","SM","CF"]	Al Raed	2025	Algeria	73	40	75	79	78	79	72	80	81	80	79	78	76	76	76	78	74	78	73	68	75	79	72	74	50	73
Mathias Antonsen Normann	28	179	75	R	B	DM	["DM","CM"]	Al Raed	2025	Norway	71	69	79	78	74	75	74	76	75	74	77	77	73	74	67	79	67	70	72	66	79	75	73	77	50	74
Rayed Abdullah Al-Ghamdi	30	176	77	R	B	CF	["CF"]	Al Raed	2025	Saudi Arabia	66	37	69	71	78	79	63	77	69	73	71	68	64	61	65	68	64	61	62	63	72	68	63	68	50	66
Mohammed Fouzair محمد فوزير	33	170	70	R	B	SM	["SM","CM"]	Al Raed	2027	Morocco	73	57	79	87	76	87	76	89	80	78	77	73	74	72	69	70	74	76	73	61	66	80	76	83	50	75
Karim El Berkaoui	29	170	68	R	B	CF	["CF","AM","SS"]	Al Raed	2028	Morocco	78	31	78	81	88	91	76	92	73	80	71	73	60	67	78	77	73	72	65	76	85	73	76	76	50	73
Zakaria Seraj Hawsawi زكريا سراج هوساوي	24	173	70	L	B	SB	["SB"]	Al Raed	2029	Saudi Arabia	62	59	75	71	92	91	66	86	77	83	68	66	61	61	61	68	64	61	62	61	71	78	64	71	50	66
Saleh Mohammed Al Jamaan	31	176	66	R	B	WF	["WF","SM","CF"]	Al Raed	2025	Saudi Arabia	70	37	75	82	82	82	69	81	73	77	74	71	73	70	69	69	64	62	69	68	77	72	69	72	50	67
Ayoub Qasmi أيوب قاسمي	31	178	70	L	B	CBT	["CBT","SB"]	Al Raed	2025	Morocco	66	68	73	71	68	69	74	63	65	65	71	67	64	61	61	68	61	61	62	72	74	70	74	72	50	65
Mehdi Abeid	32	178	77	R	B	DM	["DM","CM"]	Al Raed	2027	Algeria	74	72	77	76	68	66	76	68	78	73	80	80	73	72	72	80	73	72	74	61	66	78	76	77	50	75
Nayef Abdullah Hazazi	32	179	75	R	B	DM	["DM","CM"]	Al Raed	2027	Saudi Arabia	61	62	77	71	66	66	65	66	65	60	68	65	62	60	61	68	59	61	62	67	73	65	61	72	50	67
Oumar Gonzalez	26	187	87	R	B	CBT	["CBT"]	Al Raed	2025	Cameroon	55	75	87	75	66	66	75	62	67	60	68	65	58	49	61	68	61	61	62	79	84	70	60	75	50	73
Khalid bin Mohammed Al-Subaie خالد السبيعي	25	176	70	L	B	CM	["CM","DM","SB"]	Al Raed	2029	Saudi Arabia	67	56	74	80	77	78	66	76	67	70	71	68	70	63	66	68	61	61	62	61	66	68	66	74	50	68
Omar Ahmed Shami	20	180	70	R	B	AM	["AM","CM"]	Al Raed	2027	Saudi Arabia	64	45	66	71	66	66	63	63	66	63	68	65	60	54	64	68	60	61	62	61	66	68	62	67	50	64
Hamad Sulaiman Al Jayzani	31	173	76	R	B	SB	["SB"]	Al Raed	2029	Saudi Arabia	62	58	72	86	78	80	63	79	65	70	66	65	67	64	61	68	57	61	62	61	70	65	63	80	50	64
Saleh Abdullah Al Ohaymid	26	184	74	R	B	GK	["GK"]	Al Raed	2027	Saudi Arabia	31	68	71	71	62	62	64	58	58	55	61	60	59	60	30	66	43	61	49	55	64	65	40	57	68	59
Mohammed Al-Dawsari	25	170	70	R	B	SB	["SB","SM","WB"]	Al Raed	2026	Saudi Arabia	62	62	74	84	82	80	67	79	68	74	66	65	64	62	61	68	60	61	62	61	68	68	65	79	50	66
Nawaf Saad Al-Sahli نواف السهلي	21	165	60	R	B	WF	["WF","SM","CF"]	Al Raed	2027	Saudi Arabia	57	31	72	71	66	67	63	66	66	65	61	62	60	62	68	68	61	61	62	61	66	66	48	63	50	62
Anas Al Zahrani	21	182	63	R	B	AM	["AM"]	Al Raed	2026	Saudi Arabia	59	38	73	71	68	74	63	74	65	65	61	62	58	58	61	68	59	61	62	61	66	65	56	63	50	62
Abdullah Al Yousif	28	180	73	L	B	SB	["SB"]	Al Raed	2025	Saudi Arabia	62	58	77	71	70	76	68	74	65	66	64	63	61	60	61	68	59	65	62	63	75	65	63	69	50	64
Yahya Sunbul Mubarak	27	175	72	R	B	SM	["SM","SB","WB"]	Al Raed	2027	Saudi Arabia	61	54	73	71	81	76	63	74	69	74	63	62	64	62	61	68	60	61	62	61	66	68	58	63	50	62
Mshari Sanyoor	23	179	70	R	B	GK	["GK"]	Al Raed	2026	Saudi Arabia	31	68	70	71	62	62	66	57	58	55	61	61	60	61	31	66	43	61	49	55	62	65	38	52	68	57
Bassam Hamoud Al-Hamad	20	170	67	R	B	AM	["AM"]	Al Raed	2026	Syria	60	38	68	71	74	70	63	73	65	68	63	63	58	57	61	68	58	61	62	61	66	65	56	63	50	63
Mubarak bin Abdulrahman bin Mubarak Al-Rajeh مبارك الراجح	21	181	75	R	B	CBT	["CBT"]	Al Raed	2026	Saudi Arabia	46	66	76	75	66	74	66	66	65	64	61	62	58	50	61	68	56	61	62	64	81	65	44	69	50	60
Thamer Fathi Al-Khaibri ثامر فتحي الخيبري	19	187	79	L	B	CF	["CF"]	Al Raed	2025	Saudi Arabia	64	31	84	71	66	66	63	64	65	64	61	62	58	51	66	68	57	61	62	63	75	65	62	64	50	61
Yazeed Bakr Al Bakr	27	170	65	R	B	SB	["SB"]	Al Riyadh	2027	Saudi Arabia	61	58	71	71	81	78	63	74	67	73	63	62	62	61	61	68	59	61	62	62	70	66	61	65	50	61
Yoann Barbet	31	187	81	L	B	CBT	["CBT"]	Al Riyadh	2029	France	63	75	80	82	74	73	74	71	73	72	76	74	73	71	61	73	67	78	69	76	85	74	67	78	50	75
Mohamed Al-Oqil	27	177	65	R	B	CM	["CM","CF","AM","SS"]	Al Riyadh	2029	Saudi Arabia	65	58	68	71	68	66	67	64	65	65	66	65	64	60	61	68	59	61	62	61	66	66	67	64	50	64
Abdulelah Al Khaibari	28	173	70	L	B	SB	["SB"]	Al Riyadh	2029	Saudi Arabia	65	63	66	71	76	78	68	71	65	69	68	66	66	62	61	68	60	61	62	61	66	67	67	66	50	64
Nawaf Shaker Al Abid	34	169	63	L	B	AM	["AM","WF","SM"]	Al Riyadh	2028	Saudi Arabia	69	58	68	71	66	66	67	71	76	65	76	75	74	74	71	76	72	71	70	61	66	77	67	74	50	76
Ibrahim Bayesh Kamil Al-Kaabawi إبراهيم بايش	24	177	74	R	B	SM	["SM","CM"]	Al Riyadh	2026	Iraq	69	61	78	84	79	72	70	74	73	76	68	71	67	72	70	76	68	66	62	73	79	71	70	82	50	72
Mohamed Konaté	27	191	88	R	B	CF	["CF"]	Al Riyadh	2027	Burkina Faso	76	35	79	71	68	69	77	68	71	69	69	71	58	58	78	74	70	61	62	77	82	71	77	67	50	67
Ziyad Abdulwahed Al Sahafi Al-Muwallad	30	184	71	R	B	CBT	["CBT","DM","CM"]	Al Riyadh	2027	Saudi Arabia	63	62	82	71	66	66	67	64	65	60	66	68	66	67	61	73	64	63	62	70	73	66	66	72	50	64
Nasser Mohammed Al Bishi	22	175	69	R	B	AM	["AM","WF","SM"]	Al Riyadh	2029	Saudi Arabia	62	46	75	71	76	67	63	64	65	69	68	66	61	56	61	68	59	61	62	61	66	65	63	63	50	63
Faïz Selemani	31	182	65	R	B	WF	["WF","SM","AM"]	Al Riyadh	2027	Comoros	73	60	72	75	85	85	72	85	81	83	76	76	75	76	78	76	77	77	73	61	70	80	72	72	50	73
Mohammed bin Saleh bin Mohammed Al-Aqel	24	182	71	R	B	WF	["WF","SM","CF"]	Al Riyadh	2025	Saudi Arabia	63	31	67	71	74	76	63	70	67	69	61	62	58	57	64	68	59	61	62	62	68	66	63	63	50	62
António José Pinheiro de Carvalho	32	165	68	R	B	CM	["CM","AM"]	Al Riyadh	2025	Portugal	76	60	79	88	75	80	80	84	82	78	81	82	81	82	78	83	81	79	79	66	68	83	80	77	50	73
Lucas Kal Schenfeld Prigioli	28	186	78	R	B	DM	["DM","CM","CBT"]	Al Riyadh	2027	Brazil	65	69	79	77	68	66	76	62	65	65	72	68	64	57	61	68	60	61	62	67	74	67	73	75	50	64
Zaid bin Majed bin Zaid Al-Bawardi زيد محمد البواردي	27	187	80	L	B	GK	["GK"]	Al Riyadh	2027	Saudi Arabia	31	68	72	71	62	62	65	60	58	55	61	63	62	63	38	67	43	61	49	55	66	65	42	51	68	60
Rayan Darwish Albloushi	23	177	68	R	B	CF	["CF"]	Al Riyadh	2027	Saudi Arabia	62	31	72	71	80	78	63	72	65	71	61	62	58	54	64	68	58	61	62	61	70	65	60	63	50	62
Suwailem Al Menhali	20	180	75	R	B	CBT	["CBT","SB"]	Al Riyadh	2027	Saudi Arabia	61	58	75	71	71	67	63	66	65	66	61	62	58	52	61	68	54	61	62	62	78	65	60	66	50	60
Ali Al Zaqan	34	176	75	R	B	WF	["WF","SM"]	Al Riyadh	2028	Saudi Arabia	65	41	74	71	81	80	63	80	69	74	65	68	63	68	67	74	65	67	67	65	77	69	61	63	50	63
Hussain Ali Alnwaiqi	28	170	60	R	B	SB	["SB"]	Al Riyadh	2029	Saudi Arabia	62	57	71	76	77	76	63	72	65	69	64	63	62	61	61	68	58	61	62	61	66	65	63	67	50	62
Bader Al Mutairi	21	170	60	R	B	CM	["CM"]	Al Riyadh	2029	Saudi Arabia	62	55	73	71	69	69	63	64	65	65	64	63	59	56	61	68	58	61	62	61	66	65	63	65	50	62
Ahmad Hassan Hassan Asiri	33	185	70	R	B	CBT	["CBT"]	Al Riyadh	2028	Saudi Arabia	48	70	74	81	67	66	71	66	65	64	63	63	59	53	61	68	57	61	62	73	74	65	48	80	50	70
Abdulrahman Hadl Al Shammari	25	181	85	R	B	GK	["GK"]	Al Riyadh	2029	Saudi Arabia	31	68	70	71	62	62	66	58	58	55	61	61	60	61	31	66	43	61	49	55	64	65	38	52	68	57
Bernard Mensah	30	180	65	R	B	CM	["CM","AM","DM"]	Al Riyadh	2029	Ghana	78	67	75	73	79	80	78	79	80	79	82	82	74	76	79	83	72	80	80	70	81	80	78	71	50	76
Nawaf Al-Hawsawi	24	175	68	L	B	DM	["DM","CM","SB"]	Al Riyadh	2027	Saudi Arabia	61	54	70	71	68	72	63	67	65	65	63	63	60	56	61	68	58	61	62	61	66	65	61	66	50	62
Abdulrahman F Al-Hajri عبدالرحمن فطيس الهاجري	28	179	71	L	B	SB	["SB","DM"]	Al Riyadh	2029	Saudi Arabia	62	57	68	71	69	68	63	64	65	65	61	62	62	60	61	68	58	61	62	61	66	65	62	63	50	61
Majed Al Qahtani	20	180	70	R	B	CM	["CM"]	Al Riyadh	2027	Saudi Arabia	65	58	69	71	74	68	67	64	65	68	68	65	61	55	61	68	57	61	62	61	66	65	67	67	50	64
Vincent Angelini	21	190	80	R	B	GK	["GK"]	Al Riyadh	2026	Scotland	31	68	74	71	62	62	70	57	58	55	61	61	59	61	30	66	43	61	49	55	62	65	39	53	68	57
Enzo Pablo Roco Roco	32	192	79	R	B	CBT	["CBT"]	Al Riyadh	2029	Chile	56	74	82	73	66	66	73	62	68	60	75	70	64	55	61	68	62	61	62	78	78	73	60	73	50	72
Milan Borjan Mилaн Бopjaн	37	196	84	R	B	GK	["GK"]	Al Riyadh	2028	Canada	31	79	85	71	62	62	80	67	58	55	61	67	65	67	36	77	43	61	49	55	80	65	51	73	79	71
Marzouq Hussain Marzouq Tambakti	21	187	80	R	B	CBT	["CBT","SB"]	Al Riyadh	2027	Saudi Arabia	59	58	70	71	68	66	63	62	65	65	61	62	58	50	61	68	51	61	62	61	66	65	55	65	50	57
Yehya Sulaiman Ali Al-Shehri	34	164	68	L	B	WF	["WF","SM","AM"]	Al Riyadh	2028	Saudi Arabia	72	36	74	71	66	69	71	70	73	64	74	69	75	68	67	68	70	70	74	61	66	75	71	63	50	71
Mohammed Al-Shwirekh	27	182	81	R	B	CBT	["CBT"]	Al Shabab	2029	Saudi Arabia	52	68	78	71	66	68	68	64	65	64	65	64	59	56	61	68	58	61	62	68	82	65	56	66	50	61
Wesley Theodorus Hoedt	30	188	77	L	B	CBT	["CBT"]	Al Shabab	2029	Netherlands	52	78	84	73	66	66	78	62	71	62	77	76	77	73	61	76	67	73	69	78	84	73	57	75	50	76
Gustavo Leonardo Cuéllar Gallego	32	175	74	R	B	DM	["DM","CM","CBT"]	Al Shabab	2026	Colombia	72	75	83	93	74	75	81	75	76	73	78	76	72	68	62	75	66	62	62	73	82	76	78	92	50	77
Giacomo Bonaventura	35	180	75	R	B	AM	["AM","CM"]	Al Shabab	2025	Italy	83	72	74	78	70	70	83	74	84	76	85	85	83	84	80	86	83	82	81	76	73	85	83	76	50	81
Fahad Al-Muwallad فهد المولد	30	168	70	R	B	WF	["WF","SM"]	Al Shabab	2025	Saudi Arabia	67	55	68	71	88	85	66	79	67	76	64	68	65	70	63	76	63	61	62	64	75	67	66	71	50	69
Abderrazak Hamdallah عبد الرزاق حمد الله	34	179	75	R	B	CF	["CF","AM","SS"]	Al Shabab	2027	Morocco	85	38	83	85	71	66	85	72	80	76	78	79	72	76	85	81	77	78	78	84	79	79	85	81	50	80
Cristian David Guanca	31	177	72	L	B	AM	["AM","WF","SM","CM"]	Al Shabab	2025	Argentina	80	45	77	84	76	77	77	79	79	77	78	81	76	80	81	84	80	71	71	71	74	80	77	74	50	74
Majed Omar Kanabah	31	170	69	R	B	CM	["CM","DM"]	Al Shabab	2025	Saudi Arabia	69	62	72	73	66	70	68	69	70	65	73	69	68	62	61	68	61	61	62	61	66	71	68	69	50	68
Musab Fahd Al-Juwayr مصعب فهد الجوير	21	178	70	R	B	CM	["CM","DM"]	Al Shabab	2025	Saudi Arabia	68	60	75	73	70	72	74	71	75	71	76	71	75	70	71	68	68	71	74	61	66	76	74	73	50	71
Hussain Alsebyani	23	168	60	L	B	SB	["SB","SM","WB"]	Al Shabab	2026	Saudi Arabia	63	56	75	72	84	84	65	82	68	74	62	62	60	60	61	68	60	61	62	61	67	68	65	65	50	60
Younes Abdul Karim bin Ahmed Al-Shanqeeti يونس عبدالكريم الشنقيطي	21	179	70	R	B	DM	["DM","CM"]	Al Shabab	2025	Saudi Arabia	60	56	73	71	69	70	63	71	65	65	63	63	60	51	61	68	58	61	62	61	66	65	58	68	50	64
Seung-gyu Kim 김승규 金承奎	34	187	78	R	B	GK	["GK"]	Al Shabab	2025	Korea Republic	31	78	77	71	62	62	80	66	58	55	61	66	64	66	34	74	43	61	49	55	74	65	52	73	76	72
Nawaf bin Amer Al-Sadi نواف عامر الصعدي	24	168	62	L	B	WF	["WF","SM"]	Al Shabab	2026	Saudi Arabia	62	42	75	71	78	79	63	80	71	74	66	64	63	61	66	68	61	61	62	61	66	69	61	64	50	63
Yannick Ferreira Carrasco	31	181	73	R	B	WF	["WF","SM"]	Al Shabab	2026	Belgium	84	61	71	81	90	89	84	88	88	90	84	85	83	85	85	86	84	84	88	67	78	87	84	77	50	81
Robert Renan Alves Barbosa	21	186	80	L	B	CBT	["CBT"]	Al Shabab	2028	Brazil	54	77	78	75	77	73	79	74	71	71	73	69	64	51	61	68	63	61	62	73	79	75	61	76	50	72
Abdullah Ibrahim Al Maiouf	37	189	92	R	B	GK	["GK"]	Al Shabab	2028	Saudi Arabia	31	72	81	71	62	62	69	58	58	55	61	67	69	67	37	78	43	61	49	55	64	65	48	67	72	69
Nawaf Abdullah Al-Gulaymish نواف الغليميش	19	175	70	R	B	SB	["SB"]	Al Shabab	2029	Saudi Arabia	59	52	69	71	68	67	63	62	65	65	61	62	58	54	61	68	55	61	62	61	66	65	54	65	50	57
Mohammed Essa Harbush	21	175	68	R	B	SB	["SB"]	Al Shabab	2027	Saudi Arabia	62	55	72	71	81	79	63	77	65	71	61	62	60	60	61	68	58	61	62	61	66	65	62	65	50	60
Amjad Haraj	18	176	65	R	B	CBT	["CBT","SB"]	Al Shabab	2027	Saudi Arabia	61	56	69	71	68	67	65	62	65	65	61	62	58	49	61	68	52	61	62	61	66	65	61	63	50	57
Emad Qaysi	18	172	65	R	B	WF	["WF","SM"]	Al Shabab	2027	Saudi Arabia	60	48	68	71	77	73	63	74	65	69	61	62	58	58	61	68	56	61	62	61	66	65	58	65	50	61
Mussa Camara Abdullah	20	187	80	R	B	GK	["GK"]	Al Shabab	2027	Saudi Arabia	31	68	72	71	62	62	61	57	58	55	61	60	59	60	30	66	43	61	49	55	62	65	36	52	68	55
Mohammed Saleem Hamid Al-Absi	22	183	80	R	B	GK	["GK"]	Al Shabab	2029	Saudi Arabia	31	68	71	71	62	62	66	58	58	55	61	62	60	62	31	66	43	61	49	55	64	65	32	48	68	54
Daniel Castelo Podence	29	165	58	R	B	WF	["WF","SM","CF","AM","SS"]	Al Shabab	2027	Portugal	80	46	80	76	82	90	80	91	84	85	78	75	74	73	76	73	70	61	77	61	66	83	80	74	50	78
Haroune Camara	27	184	81	R	B	CF	["CF"]	Al Shabab	2026	Saudi Arabia	68	31	84	74	83	88	66	82	66	75	64	63	58	57	70	68	60	61	62	63	85	65	66	66	50	65
Mohamed Al-Thani	28	174	64	L	B	WF	["WF","SM","CF"]	Al Shabab	2026	Saudi Arabia	67	38	75	78	84	82	67	74	71	76	64	63	61	61	66	68	61	61	62	61	67	71	67	68	50	65
Hamad Al-Khorayef حمد الخريّف	19	180	77	R	B	CF	["CF"]	Al Shabab	2027	Saudi Arabia	61	38	74	71	66	67	63	68	65	63	63	62	58	55	64	68	59	61	62	62	68	65	58	64	50	63
Nader Abdullah Al Sharari	28	181	80	R	B	CBT	["CBT","SB"]	Al Shabab	2025	Saudi Arabia	64	69	81	76	82	67	71	64	65	72	68	66	61	56	61	68	57	61	62	66	83	65	69	72	50	62
Majed Abdullah	18	187	85	R	B	CF	["CF"]	Al Shabab	2027	Saudi Arabia	62	31	82	71	66	66	63	65	65	62	61	62	58	50	66	68	59	61	62	63	72	65	60	63	50	62
Mailson Tenorio dos Santos	28	200	85	R	B	GK	["GK"]	Al Taawon	2025	Brazil	31	78	85	71	62	62	76	65	58	55	61	68	66	69	33	81	43	61	49	55	73	65	49	61	78	67
Andrei Girotto	32	186	79	R	B	CBT	["CBT"]	Al Taawon	2025	Brazil	67	81	78	78	66	67	82	68	75	63	79	81	75	77	66	84	72	77	68	81	83	78	71	81	50	78
Mohammed Mater Mahzari	22	174	71	R	B	CM	["CM","DM","SB"]	Al Taawon	2025	Saudi Arabia	63	53	69	76	79	83	67	78	66	72	67	65	62	56	61	68	59	61	62	61	66	65	67	76	50	68
Sultan Farhan	28	175	72	R	B	DM	["DM","CM"]	Al Taawon	2025	Saudi Arabia	62	64	80	83	70	66	71	68	66	66	69	67	63	56	61	68	60	61	62	62	73	68	64	83	50	70
Saad Fahad Al Nasser	24	172	70	L	B	SM	["SM","SB","CM","WB"]	Al Taawon	2026	Saudi Arabia	64	40	75	76	85	86	63	83	71	77	63	63	61	62	68	68	61	61	62	61	66	70	62	74	50	66
Mateus dos Santos Castro	30	167	70	L	B	WF	["WF","SM","CF"]	Al Taawon	2025	Brazil	76	54	76	83	81	88	73	85	79	81	77	79	71	79	79	82	74	81	79	61	75	78	73	80	50	78
Fahad Khalid Al Abdulrazzaq	24	170	66	R	B	SB	["SB"]	Al Taawon	2026	Saudi Arabia	62	60	66	71	79	80	63	75	65	71	66	65	65	62	61	68	59	61	62	61	66	65	63	66	50	62
Abdulquddus Atiah Mohammed Qawod عبدالقدوس عطيه محمد قاعود	27	186	75	R	B	GK	["GK"]	Al Taawon	2025	Saudi Arabia	31	71	73	71	62	62	73	63	58	55	61	62	61	62	30	66	43	61	49	55	69	65	38	62	71	58
Fahad Bin Jumayah	29	175	62	R	B	SB	["SB","SM","WB"]	Al Taawon	2026	Saudi Arabia	65	59	71	78	78	78	66	76	69	71	71	67	66	65	61	68	64	71	67	61	66	71	66	69	50	64
Renne Alejandro Rivas Alezones	21	181	80	L	B	SB	["SB","SM","WB"]	Al Taawon	2026	Venezuela	63	65	76	72	77	76	72	71	74	74	74	69	73	68	61	68	63	61	66	75	81	76	67	65	50	66
Aschraf El Mahdioui	28	182	71	R	B	DM	["DM","CM"]	Al Taawon	2026	Netherlands	70	74	74	90	68	73	81	76	78	71	83	77	77	70	61	71	71	72	76	61	66	82	81	84	50	74
Lucas Leónidas Chávez Cruz	21	170	63	R	B	WF	["WF","SM","CF"]	Al Taawon	2026	Bolivia	70	45	66	72	86	80	66	78	70	78	68	66	64	61	75	68	63	61	62	61	70	69	66	65	50	66
Mohammed Marzouq Al-Kuwaykibi Al-Ruwaili	30	169	65	L	B	WF	["WF","SM"]	Al Taawon	2029	Saudi Arabia	69	37	77	73	82	86	68	88	74	77	72	71	71	72	73	72	71	65	74	61	71	74	68	65	50	67
Waleed bin Abdulwahab bin Abdulaziz Al-Ahmad وليد عبدالوهاب الأحمد	25	189	78	R	B	CBT	["CBT"]	Al Taawon	2025	Saudi Arabia	49	70	78	71	73	66	73	62	65	67	68	66	61	47	61	68	59	61	62	70	76	66	54	66	50	59
Flavio Medeiros da Silva	28	177	73	R	B	DM	["DM","CM","AM"]	Al Taawon	2025	Brazil	64	71	76	86	72	71	76	72	72	70	78	74	69	65	62	69	66	63	66	66	79	74	71	83	50	71
Ibrahim Al Shuayl	30	169	73	L	B	SB	["SB"]	Al Taawon	2026	Saudi Arabia	63	61	71	71	72	74	65	74	67	68	68	68	68	70	61	72	61	69	68	61	66	66	60	63	50	62
Sultan Ahmed Mohammed Mandash	30	172	71	L	B	WF	["WF","SM"]	Al Taawon	2029	Saudi Arabia	70	37	71	78	83	84	71	85	74	79	66	65	67	67	63	68	64	61	66	61	67	73	71	68	50	66
Ahmed Saleh Bahusayn	23	170	63	R	B	CM	["CM","AM","WF","SM"]	Al Taawon	2025	Saudi Arabia	66	53	69	71	67	73	68	69	68	65	73	68	66	61	61	68	61	61	62	62	66	71	68	70	50	66
João Pedro Pereira dos Santos	31	182	87	R	B	CF	["CF"]	Al Taawon	2025	Brazil	79	31	86	78	71	69	78	71	73	72	68	74	60	67	79	82	73	63	67	79	86	73	78	79	50	74
Mohammed bin Abdullah bin Mohammed Al-Dhulayfi	24	184	72	R	B	GK	["GK"]	Al Taawon	2024	Saudi Arabia	31	68	69	71	62	62	61	57	58	55	61	59	58	59	32	66	43	61	49	55	62	65	35	49	68	56
Muteb Abdullah Al Mufarrij	28	182	70	L	B	CBT	["CBT"]	Al Taawon	2026	Saudi Arabia	46	67	74	71	66	69	66	67	65	63	68	65	59	49	61	68	59	61	62	70	74	65	45	69	50	67
Abdulmalik bin Ghazzai bin Al Hamidi Al Marwani Al Harbi عبدالملك الحربي	19	172	65	L	B	WF	["WF","SM"]	Al Taawon	2027	Saudi Arabia	60	43	72	71	73	77	63	76	65	67	61	62	59	59	61	68	57	66	63	61	66	65	58	67	50	63
Mohammed Sultan Al Dawasari	25	179	69	R	B	GK	["GK"]	Al Taawon	2025	Saudi Arabia	31	68	68	71	62	62	64	55	58	55	61	61	60	61	31	66	43	61	49	55	60	65	39	51	68	54
Rayan Fourgi	21	177	71	R	B	CM	["CM","DM"]	Al Taawon	2027	Tunisia	62	55	66	71	66	66	65	65	65	63	65	64	61	49	62	68	59	61	62	63	66	66	65	63	50	64
Fayçal Fajr فيصل فجر	36	180	70	R	B	DM	["DM","CM"]	Al Taawon	2025	Morocco	78	72	75	82	66	69	83	73	82	71	83	81	84	81	77	79	76	83	85	62	66	83	83	80	50	79
Rayan Saud Al Johani	23	176	71	R	B	CF	["CF","WF","SM"]	Al Taawon	2029	Saudi Arabia	61	31	71	71	66	68	63	65	65	61	61	62	58	49	61	68	57	61	62	63	68	65	60	63	50	62
Abdulrahmen Al-Mughais	22	165	65	R	B	DM	["DM"]	Al Taawon	2025	Saudi Arabia	61	56	76	71	66	66	63	65	65	64	63	62	60	53	61	68	57	61	62	61	66	65	60	67	50	60
Abdulfattah Mohamed Adam	30	180	68	R	B	CF	["CF"]	Al Taawon	2026	Saudi Arabia	70	31	72	71	78	82	63	80	71	73	66	67	58	60	73	71	66	61	62	70	87	72	63	63	50	66
Hattan Sultan Bahebri	32	172	70	R	B	WF	["WF","SM"]	Al Taawon	2028	Saudi Arabia	71	53	78	77	75	74	66	75	73	74	72	73	70	72	72	75	69	61	69	61	68	72	66	72	50	70
Basil Sulaiman Abdulaziz Al Mehawes	21	169	70	R	B	SM	["SM","CM"]	Al Taawon	2029	Saudi Arabia	60	32	76	71	72	71	63	68	65	67	61	62	58	57	62	68	58	61	62	61	66	65	53	63	50	62
Awn Mutlaq Al Slaluli	26	195	75	R	B	CBT	["CBT","SB"]	Al Taawon	2027	Saudi Arabia	65	68	85	71	74	68	74	62	65	68	66	65	60	52	61	68	56	61	62	71	80	65	73	66	50	58
Musa Barrow	26	183	70	R	B	WF	["WF","SM","CF"]	Al Taawon	2026	Gambia	80	45	74	77	87	85	80	83	81	84	78	82	69	78	79	86	77	68	66	71	81	81	80	67	50	73
Abdullah Hussain Al-Oaisher	33	184	69	R	B	GK	["GK"]	Al Wahda	2025	Saudi Arabia	31	70	72	71	62	62	70	68	58	55	61	61	59	61	39	66	43	61	49	55	70	65	45	63	70	64
Saeed Fawaz Al Mowalad	33	183	77	R	B	SB	["SB"]	Al Wahda	2028	Saudi Arabia	70	57	84	83	79	74	71	73	71	72	73	68	71	68	61	68	62	61	74	66	73	73	71	82	50	74
Waleed Rashid Bakshween	35	174	71	R	B	DM	["DM","CM","CBT"]	Al Wahda	2025	Saudi Arabia	65	65	75	76	68	66	71	69	69	68	71	71	65	64	61	73	61	61	62	69	72	69	66	80	50	72
Jawad El Yamiq جواد اليميق	32	193	80	R	B	CBT	["CBT"]	Al Wahda	2027	Morocco	67	79	86	79	89	86	81	79	71	78	74	72	70	60	62	72	62	62	62	81	95	71	71	79	50	77
Alexandru Crețu	32	190	85	R	B	DM	["DM","CM","CBT"]	Al Wahda	2025	Romania	70	69	87	76	66	66	72	65	68	62	72	70	65	60	66	69	63	61	62	73	79	71	72	76	50	71
Odion Jude Ighalo	35	185	80	R	B	CF	["CF"]	Al Wahda	2025	Nigeria	80	47	87	88	66	66	78	64	78	66	76	78	69	76	83	82	77	66	69	83	86	79	78	84	50	78
Juninho Bacuna	27	178	74	R	B	DM	["DM","SM","CM"]	Al Wahda	2026	Curacao	74	68	78	77	75	79	73	78	78	75	75	78	76	79	70	83	74	73	76	69	80	79	73	81	50	78
Youssef Amyn	21	172	68	R	B	AM	["AM","SM","WF"]	Al Wahda	2027	Iraq	68	48	79	73	72	85	71	88	75	73	70	69	65	67	68	71	66	61	63	61	66	74	71	65	50	66
Ignacio de Arruabarrena Fernández	28	183	79	R	B	GK	["GK"]	Al Wahda	2026	Uruguay	31	78	77	71	62	62	81	65	58	55	61	66	64	66	31	74	43	61	49	55	73	65	50	63	78	62
Mishal bin Youssef bin Eshaq Al-Alaeli	20	176	65	L	B	SB	["SB"]	Al Wahda	2025	Saudi Arabia	61	52	71	71	84	85	63	82	65	73	61	62	58	58	61	68	57	61	62	61	66	65	60	66	50	61
Ahmed Bandar Darwish	23	171	65	R	B	SB	["SB"]	Al Wahda	2027	Saudi Arabia	61	54	74	73	78	84	63	82	65	70	63	63	58	58	61	68	58	61	62	61	66	65	61	69	50	62
Azzam Mohammed Al Bishi	22	182	75	L	B	CF	["CF"]	Al Wahda	2026	Saudi Arabia	62	31	70	72	68	69	63	65	65	65	61	62	58	55	63	68	57	61	62	66	70	65	62	65	50	61
Nawaf bin Saleh Al Azizi	25	170	67	L	B	AM	["AM","SM","WF"]	Al Wahda	2028	Saudi Arabia	61	45	72	71	68	74	63	77	67	66	67	65	65	59	61	68	59	61	62	61	66	66	61	63	50	64
Abdullah Fareed Al Hafith	32	187	80	R	B	CBT	["CBT"]	Al Wahda	2026	Saudi Arabia	48	71	81	75	66	66	71	62	65	60	71	67	63	54	61	68	58	61	62	71	70	65	51	70	50	65
Saad Abdullah Bguir سعد بڨير	30	175	67	L	B	AM	["AM","SM","CF","SS","WF"]	Al Wahda	2025	Tunisia	76	39	72	84	74	76	76	78	77	75	78	76	76	74	75	74	71	80	77	61	69	76	76	73	50	71
Saad Abdullah Al-Qahtani سعد عبدالله القحطاني	20	174	65	L	B	SB	["SB","SM","WB"]	Al Wahda	2027	Saudi Arabia	60	51	66	71	84	78	63	79	65	73	61	62	58	57	61	68	55	61	62	61	66	65	58	63	50	59
Abdulrahman Anwar F. Al-Shammari	24	179	75	R	B	GK	["GK"]	Al Wahda	2027	Saudi Arabia	31	68	70	71	62	62	71	58	58	55	61	63	61	63	31	66	43	61	49	55	64	65	39	54	68	58
Ali Abdulqader Makki	25	179	75	R	B	CBT	["CBT","SB"]	Al Wahda	2026	Saudi Arabia	63	62	77	76	66	66	68	62	65	60	65	64	60	57	61	68	56	61	62	66	68	65	66	67	50	61
Craig Alexander Goodwin	33	180	72	L	B	WF	["WF","SM"]	Al Wahda	2025	Australia	77	62	80	87	86	86	77	86	74	79	75	77	78	80	78	80	75	80	75	68	84	76	77	80	50	76
Abdulaziz Noor	26	174	57	L	B	WF	["WF","SM"]	Al Wahda	2025	Sudan	68	36	72	71	81	85	66	87	68	74	72	68	67	63	70	68	60	61	62	63	70	68	66	66	50	68
Hussain Ahmed Al-Eissa حسين احمد العيسى	24	163	60	R	B	WF	["WF","SM"]	Al Wahda	2025	Saudi Arabia	65	50	79	73	85	85	64	84	70	78	63	63	62	62	64	68	61	61	62	61	66	68	64	72	50	66
Mohamed Al Makahasi محمد المكعازي	29	177	70	R	B	CM	["CM","DM"]	Al Wahda	2025	Morocco	72	68	72	73	71	73	76	68	69	67	73	69	69	64	66	68	63	61	62	63	70	72	73	74	50	72
Ahmed Muhammad Mutared Al-Rashidi	22	180	75	R	B	GK	["GK"]	Al Wahda	2027	Saudi Arabia	31	68	69	71	62	62	62	58	58	55	61	61	59	61	31	66	43	61	49	55	64	65	37	52	68	55
Ali Al-Salem	26	181	79	L	B	CBT	["CBT","SB"]	Al Wahda	2028	Saudi Arabia	63	61	78	78	73	74	66	69	65	67	63	63	61	60	61	68	59	61	62	66	76	65	66	74	50	65
Sultan Sami Al Akouz	23	177	65	L	B	WF	["WF","SM"]	Al Wahda	2026	Saudi Arabia	61	44	66	71	74	71	63	72	65	68	66	64	62	61	61	68	58	61	62	61	66	65	60	67	50	64
Murad bin Mohamed bin Abdullah Khadhari	21	171	69	L	B	CF	["CF"]	Al Wahda	2029	Saudi Arabia	63	31	72	71	74	78	63	77	65	68	61	62	58	54	66	68	58	64	62	62	66	65	62	63	50	61
Yahya Mahdi Naji	25	174	69	R	B	WF	["WF","SM","CF"]	Al Wahda	2025	Saudi Arabia	63	37	73	71	79	82	63	80	66	72	63	62	60	60	61	68	59	61	62	61	66	65	61	63	50	62
Ala'a Al-Hajji علاء آل حجي	29	176	72	R	B	CM	["CM","DM","AM"]	Al Wahda	2027	Saudi Arabia	67	59	70	78	70	72	67	72	72	69	72	68	68	61	65	68	65	66	62	70	73	73	67	68	50	67
Florin Constantin Niţă	37	184	78	R	B	GK	["GK"]	Damac	2027	Romania	31	76	82	71	62	62	77	63	58	55	61	64	62	64	31	70	43	61	49	55	72	65	42	69	75	64
Abdulrahman Ahmed Al-Obaid	31	171	64	L	B	SB	["SB"]	Damac	2025	Saudi Arabia	65	58	71	71	71	74	65	75	69	69	71	70	71	71	62	71	64	71	73	63	74	69	65	69	50	67
Abdelkader Bedrane	32	186	81	R	B	CBT	["CBT"]	Damac	2026	Algeria	53	76	82	78	72	66	78	62	65	67	77	71	67	56	61	68	61	61	62	78	81	71	59	76	50	72
Noor Al-Rashidi	29	179	76	R	B	CBT	["CBT","SB"]	Damac	2028	Saudi Arabia	63	62	76	71	66	68	67	65	65	62	65	64	58	52	61	68	57	61	62	64	77	65	66	63	50	62
Tareq Abdullah	29	170	64	R	B	SB	["SB","DM","CM"]	Damac	2027	Saudi Arabia	64	66	77	71	72	70	68	67	66	67	65	64	65	60	61	68	59	61	62	61	66	66	67	69	50	66
Faisal bin Ismail bin S. Al-Subiani	21	172	69	R	B	DM	["DM","SB","CBT"]	Damac	2025	Saudi Arabia	61	54	72	71	66	66	63	64	65	63	63	62	58	57	61	68	58	61	62	61	66	65	60	66	50	62
Abdullah Ibrahim Al Qahtani	25	172	68	R	B	WF	["WF","SM"]	Damac	2028	Saudi Arabia	61	36	71	71	74	74	63	76	67	68	65	64	61	59	62	68	60	61	62	61	66	68	60	63	50	62
Tarek Hamed	36	169	67	R	B	DM	["DM","CM"]	Damac	2025	Egypt	68	73	81	88	67	72	78	72	72	68	75	73	71	69	63	73	65	69	64	72	80	72	74	89	50	76
Assan Torrez Ceesay	30	188	75	L	B	CF	["CF"]	Damac	2026	Gambia	73	43	75	72	83	87	71	82	69	76	69	71	64	68	76	74	70	61	63	74	83	68	71	72	50	71
Georges-Kévin Nkoudou Mbida	29	172	75	R	B	WF	["WF","SM"]	Damac	2025	Cameroon	77	44	77	78	94	93	76	93	81	88	76	74	75	72	81	72	81	67	78	61	74	81	76	68	50	72
François Kamano	28	175	74	R	B	WF	["WF","SM"]	Damac	2029	Guinea	72	44	73	73	85	85	71	83	77	80	73	74	67	71	71	75	73	73	74	63	75	76	71	72	50	72
Farouk Chafaï	34	182	80	R	B	CBT	["CBT"]	Damac	2025	Algeria	57	80	85	88	66	66	79	62	65	60	66	65	65	55	68	68	62	61	62	84	90	66	64	82	50	70
Abdullah bin Mohammed Al-Mogren عبدالله محمد المقرن	28	179	72	R	B	CF	["CF","AM","SM","SS","WF"]	Damac	2027	Saudi Arabia	67	44	75	71	73	72	66	72	71	70	68	66	66	61	67	68	63	61	63	66	71	72	66	65	50	65
Ahmed Mohamed Yahya Harisi	24	173	70	L	B	WF	["WF","SM"]	Damac	2025	Saudi Arabia	60	45	77	71	78	74	63	78	68	72	63	63	62	61	61	68	60	61	62	61	66	67	57	68	50	63
Thamer Al-Ali Wahib	26	177	63	R	B	WF	["WF","SM","CF"]	Damac	2028	Saudi Arabia	61	32	76	71	81	78	63	75	66	73	63	62	59	60	63	68	59	61	62	63	66	65	59	63	50	62
Dhari Sayyar Al Anazi	24	168	60	L	B	SB	["SB"]	Damac	2029	Saudi Arabia	63	58	66	76	74	76	67	76	65	68	64	63	58	58	61	68	59	61	62	61	66	65	67	69	50	61
Sanousi Mohammed Al Hawsawi	26	172	68	R	B	SB	["SB"]	Damac	2026	Saudi Arabia	62	56	75	90	90	90	66	89	66	77	64	63	60	60	61	68	59	61	62	61	81	65	63	89	50	69
Abdulbasit Abdullah	28	186	86	R	B	GK	["GK"]	Damac	2028	Saudi Arabia	31	68	71	71	62	62	67	58	58	55	61	61	60	61	33	66	43	61	49	55	64	65	42	59	68	59
Naser Al-Ghamdi نـاصر الغـامدي	24	183	70	R	B	GK	["GK"]	Damac	2026	Saudi Arabia	31	68	70	71	62	62	62	56	58	55	61	60	59	60	31	66	43	61	49	55	61	65	37	53	68	57
Nicolae Claudiu Stanciu	31	170	70	R	B	CM	["CM","AM","DM"]	Damac	2025	Romania	79	65	79	91	78	82	80	87	82	79	83	81	82	79	78	79	78	85	84	73	78	82	80	83	50	79
Adam Maher	31	174	72	R	B	DM	["DM","CM"]	Damac	2025	Netherlands	72	68	73	71	66	66	74	70	78	71	78	78	77	77	73	79	77	79	82	61	66	79	69	72	50	72
Ramzi Solan	26	170	66	R	B	SB	["SB","SM","CF","WB"]	Damac	2025	Saudi Arabia	62	52	71	75	84	83	65	83	67	74	61	62	58	57	61	68	59	61	62	61	66	66	65	67	50	62
Hassan Abu Sharara	27	172	60	R	B	AM	["AM","WF","SM"]	Damac	2025	Saudi Arabia	63	37	72	71	73	75	65	76	68	70	66	65	64	62	61	68	60	61	70	61	66	67	65	63	50	63
Rayan Mansour Al-Qahtani	23	174	65	L	B	WF	["WF","SM","CF"]	Damac	2026	Saudi Arabia	58	37	74	71	75	74	63	71	65	68	64	63	61	58	62	68	59	61	62	61	66	65	51	63	50	62
Amin Mohammed Jan Bukhari	27	194	82	R	B	GK	["GK"]	Damac	2025	Saudi Arabia	31	68	76	71	62	62	67	64	58	55	61	62	60	62	38	66	43	61	49	55	66	65	48	58	68	64
Habibou Mouhamadou Diallo	29	186	79	R	B	CF	["CF"]	Damac	2025	Senegal	79	31	83	77	74	74	78	72	78	74	77	78	61	70	79	81	76	62	63	83	88	79	78	73	50	73
Mohammed Al-Khaibari محمد الخيبري	22	181	77	R	B	CBT	["CBT"]	Damac	2025	Saudi Arabia	45	63	78	71	68	66	63	62	65	65	61	62	58	47	61	68	54	61	62	61	69	65	45	64	50	58
Hazzaa Ahmed Al-Ghamdi	24	178	67	R	B	WF	["WF","SM","AM","CF","SS"]	Damac	2028	Saudi Arabia	62	39	66	71	75	73	63	73	67	70	64	63	62	61	64	68	62	61	62	61	66	66	61	68	50	65
Meshari Al Nemer	21	176	75	R	B	CF	["CF"]	Damac	2025	Saudi Arabia	65	31	71	71	75	74	63	71	65	68	61	62	58	52	66	68	59	61	62	73	74	65	63	64	50	60
Ayman Fallatah	21	190	78	R	B	DM	["DM","CM"]	Damac	2025	Saudi Arabia	62	56	71	71	66	66	63	65	65	63	64	63	60	57	61	68	58	61	62	61	66	65	63	67	50	62